id,date,IN_VEHICLE,ON_BIKE,ON_FOOT,RUNNING,STILL,TILTING,WALKING,UNKNOWN,MIMS_SUM_WEAR,SLEEP_MINUTES,SCREEN_ON_SECONDS,UNLOCK_EVENTS_NUM,USAGE_DURATION_MIN,Q1_SAD,Q2_HAPP,Q3_FATIG,Q4_EN,Q5_REL,Q6_TEN,Q7_STRESS,Q8_FRUST,Q9_NERV,excite_14,focus_3,frust_12,happy_8,int_exer_3,nervous_4,proc_4,relax_10,sad_7,stress_2,tense_11
afflictedrevenueepilepsy,2021-06-03,18,0,2,0,68,37,0,20,,,81505.0,22.0,,1.5,2.0,3.25,1.25,1.5,2.25,1.75,2.0,1.5,,,,,,,,,,,
afflictedrevenueepilepsy,2021-06-04,100,0,30,0,208,98,0,80,,,23894.0,58.0,122.0,1.1428571428571428,2.5,1.9285714285714286,1.7857142857142858,2.0714285714285716,1.0714285714285714,1.2142857142857142,1.2857142857142858,1.1428571428571428,,,,,,,,,,,
afflictedrevenueepilepsy,2021-06-05,9,0,3,0,149,71,0,49,,,22984.0,51.0,156.0,1.0,1.9230769230769231,2.8461538461538463,1.3846153846153846,2.6153846153846154,1.0,1.0,1.2307692307692308,1.0,,,,,,,,,,,
afflictedrevenueepilepsy,2021-06-06,135,0,16,0,188,119,0,63,,,20055.0,45.0,178.0,1.0,2.3333333333333335,1.75,1.5,1.8333333333333333,1.0,1.0,1.0,1.0,,,,,,,,,,,
afflictedrevenueepilepsy,2021-06-07,90,0,10,0,152,60,0,21,,,16796.0,35.0,105.0,4.0,1.0,4.0,1.0,1.0,3.0,4.0,3.0,2.0,,,,,,,,,,,
afflictedrevenueepilepsy,2021-06-08,71,0,14,0,220,69,0,53,,,18809.0,41.0,209.0,3.0,3.0,4.0,2.0,2.0,4.0,4.0,3.0,1.0,,,,,,,,,,,
afflictedrevenueepilepsy,2021-06-09,92,0,32,0,201,71,0,64,,,18928.0,43.0,184.0,2.0,1.0,5.0,1.0,1.0,4.0,4.0,4.0,2.0,,,,,,,,,,,
afflictedrevenueepilepsy,2021-06-10,118,0,36,0,166,74,0,36,,,11642.0,33.0,93.0,1.0,5.0,2.0,3.0,4.0,1.0,2.0,2.0,2.0,,,,,,,,,,,
afflictedrevenueepilepsy,2021-06-11,88,0,8,0,192,44,0,38,,,22786.0,51.0,119.0,2.0,1.0,4.0,2.0,2.0,1.0,1.0,3.0,4.0,,,,,,,,,,,
afflictedrevenueepilepsy,2021-06-12,60,0,53,0,289,95,0,188,,,8103.0,28.0,119.0,1.0,5.0,3.0,4.0,2.0,1.0,1.0,3.0,1.0,,,,,,,,,,,
afflictedrevenueepilepsy,2021-06-13,87,0,15,0,136,53,0,41,,,19855.0,37.0,158.0,4.0,5.0,2.0,4.0,3.0,1.0,1.0,1.0,3.0,,,,,,,,,,,
afflictedrevenueepilepsy,2021-06-14,60,0,49,0,238,77,0,51,,,19039.0,48.0,127.0,1.0,1.0,5.0,2.0,2.0,1.0,2.0,1.0,1.0,,,,,,,,,,,
afflictedrevenueepilepsy,2021-06-15,61,0,18,0,198,68,0,45,,,17260.0,58.0,120.0,2.0,1.0,4.0,1.0,2.0,1.0,3.0,2.0,2.0,,,,,,,,,,,
afflictedrevenueepilepsy,2021-06-16,75,0,30,0,208,92,0,52,,,22154.0,55.0,158.0,1.0,3.0,4.0,2.0,2.0,1.0,2.0,2.0,1.0,,,,,,,,,,,
afflictedrevenueepilepsy,2021-06-17,84,1,22,0,188,86,0,80,,,18576.0,50.0,128.0,1.0,4.0,2.0,3.0,2.0,1.0,3.0,2.0,2.0,,,,,,,,,,,
afflictedrevenueepilepsy,2021-06-18,23,0,21,0,137,46,0,70,,,23091.0,47.0,141.0,,,,,,,,,,,,,,,,,,,,
afflictedrevenueepilepsy,2021-06-19,134,1,39,0,203,44,0,95,,,19422.0,23.0,142.0,1.0,3.0833333333333335,1.4166666666666667,2.0,2.0833333333333335,1.0,1.0,1.0,1.0,,,,,,,,,,,
afflictedrevenueepilepsy,2021-06-20,40,0,15,0,222,93,0,116,,,23400.0,53.0,135.0,1.0,1.7272727272727273,2.1818181818181817,1.5454545454545454,1.6363636363636365,1.0,1.0,1.0,1.0,,,,,,,,,,,
afflictedrevenueepilepsy,2021-06-21,53,0,47,0,276,121,0,101,306.0552231781843,0.0,23639.0,77.0,152.0,1.0,1.5333333333333334,3.1333333333333333,1.3333333333333333,1.2666666666666666,1.3333333333333333,1.6666666666666667,1.6666666666666667,1.3333333333333333,,,,,,,,,,,
afflictedrevenueepilepsy,2021-06-22,62,1,17,0,193,69,0,47,4389.0868026427615,73.0,22666.0,62.0,117.0,1.2142857142857142,1.0,3.2857142857142856,1.0,1.2142857142857142,1.3571428571428572,1.3571428571428572,1.2857142857142858,1.1428571428571428,,,,,,,,,,,
afflictedrevenueepilepsy,2021-06-23,65,0,28,0,236,79,0,40,10087.005373453934,236.0,19643.0,63.0,148.0,1.0,2.0,4.0,1.0,2.0,2.0,2.0,2.0,1.0,,,1.6,,,,2.0,,,,1.0
afflictedrevenueepilepsy,2021-06-24,104,0,15,0,182,75,0,42,7662.503118382595,306.0,23320.0,63.0,151.0,1.0,5.0,2.0,2.0,2.0,1.0,2.0,2.0,1.0,,3.6666666666666665,,1.0,3.0,,,4.0,,,
afflictedrevenueepilepsy,2021-06-25,76,0,21,0,156,83,0,47,10948.584104673968,315.0,22767.0,62.0,49.0,1.0,3.0,4.0,2.0,2.0,2.0,2.0,2.0,2.0,2.5,,,,2.0,,,,1.0,1.6,1.0
afflictedrevenueepilepsy,2021-06-26,21,0,12,0,89,53,0,52,10788.732576064456,458.0,13244.0,38.0,180.0,1.0,5.0,3.0,3.0,5.0,1.0,1.0,1.0,1.0,,,,3.6666666666666665,,,,,1.0,,
afflictedrevenueepilepsy,2021-06-27,26,0,7,0,96,47,0,32,12207.15066063901,374.0,16284.0,38.0,147.0,2.0,5.0,2.0,5.0,5.0,1.0,1.0,2.0,1.0,2.75,,4.0,,2.0,1.0,,,1.0,,
afflictedrevenueepilepsy,2021-06-28,75,0,31,0,223,76,0,47,11306.02838418641,288.0,18277.0,59.0,34.0,1.0,2.0,3.0,1.0,2.0,1.0,3.0,3.0,2.0,,,,1.6,,1.0,1.0,,,,
afflictedrevenueepilepsy,2021-06-29,75,0,5,0,129,48,0,30,9672.091362152882,384.0,15733.0,61.0,73.0,1.0,2.0,4.0,2.0,2.0,3.0,3.0,2.0,2.0,,,,1.0,,1.0,,,1.0,,1.0
afflictedrevenueepilepsy,2021-06-30,59,0,22,0,150,48,0,22,8920.162257635082,410.0,12529.0,33.0,104.0,2.0,1.0,4.0,2.0,2.0,4.0,4.0,4.0,2.0,1.0,,,,,,,,,,3.4
afflictedrevenueepilepsy,2021-07-01,73,0,90,0,143,94,0,55,10587.672233728865,458.0,17397.0,61.0,66.0,1.0769230769230769,1.3076923076923077,2.769230769230769,1.3076923076923077,1.2307692307692308,1.5384615384615385,1.6153846153846154,1.4615384615384615,1.6153846153846154,,,,,,,,,,,
afflictedrevenueepilepsy,2021-07-02,1,0,1,0,141,41,0,22,9653.881380961266,145.0,24207.0,44.0,162.0,1.0,1.5384615384615385,1.9230769230769231,1.5384615384615385,1.6923076923076923,1.0769230769230769,1.0769230769230769,1.1538461538461537,1.0769230769230769,,,,,,,,,,,
afflictedrevenueepilepsy,2021-07-03,57,11,37,0,169,61,0,107,13040.82323420424,492.0,16695.0,33.0,208.0,1.0833333333333333,2.4166666666666665,1.4166666666666667,2.0833333333333335,1.4166666666666667,1.0,1.0,1.0,1.0,,,,,,,,,,,
afflictedrevenueepilepsy,2021-07-04,71,14,24,0,219,88,0,70,12503.068096539122,381.0,15605.0,46.0,116.0,1.0,1.3,2.4,1.1,1.3,1.0,1.0,1.0,1.0,,,,,,,,,,,
afflictedrevenueepilepsy,2021-07-05,5,1,55,0,216,67,0,109,16315.308016517272,506.0,5321.0,22.0,88.0,1.0,1.0,2.0,3.0,1.0,1.0,1.0,1.0,1.0,,,,,,1.0,1.0,,1.0,,1.0
afflictedrevenueepilepsy,2021-07-06,47,1,42,0,186,68,0,91,11846.329784278916,251.0,9166.0,41.0,28.0,1.0,1.0,3.0,4.0,2.0,2.0,2.0,5.0,1.0,,3.3333333333333335,,,,,,1.875,,,
afflictedrevenueepilepsy,2021-07-07,100,4,74,0,206,126,0,58,12307.79900970124,321.0,16256.0,44.0,47.0,3.0,2.0,4.0,4.0,1.0,2.0,2.0,3.0,1.0,,,2.8333333333333335,2.75,,,1.0,,,,
afflictedrevenueepilepsy,2021-07-08,107,0,30,0,168,77,0,50,9503.099158365538,355.0,19572.0,66.0,69.0,1.0,2.0,3.0,1.0,2.0,1.0,2.0,2.0,1.0,,,,,,,1.0,,1.0,1.75,
afflictedrevenueepilepsy,2021-07-09,51,0,11,0,141,30,0,28,12493.284660707028,449.0,21926.0,36.0,136.0,1.0,4.0,1.0,2.0,2.0,1.0,1.0,2.0,1.0,,,,,,,,2.4,1.0,1.0,
afflictedrevenueepilepsy,2021-07-10,10,0,9,0,117,38,0,23,12039.343771505282,0.0,6490.0,20.0,96.0,1.0,5.0,2.0,4.0,3.0,1.0,1.0,1.0,1.0,4.2,,,,,,,,1.0,,1.0
afflictedrevenueepilepsy,2021-07-11,13,1,49,0,244,109,0,190,19546.60177512663,522.0,11614.0,38.0,43.0,1.0,3.0,2.0,3.0,3.0,1.0,1.0,1.0,1.0,4.333333333333333,,1.0,,1.0,,,,,,
afflictedrevenueepilepsy,2021-07-12,80,0,30,0,166,61,0,37,12375.876842839236,362.0,14416.0,35.0,36.0,1.0,3.0,4.0,4.0,2.0,1.0,2.0,2.0,1.0,,3.8,,1.6666666666666667,2.5,2.5,,,,,
afflictedrevenueepilepsy,2021-07-13,60,0,30,0,159,53,0,29,10210.881280259417,247.0,13745.0,36.0,105.0,1.0,2.0,4.0,1.0,2.0,2.0,2.0,2.0,1.0,1.0,4.666666666666667,,,,,,,,,3.3333333333333335
afflictedrevenueepilepsy,2021-07-14,74,0,23,0,173,58,0,42,10199.3370749406,317.0,16227.0,48.0,146.0,1.0,2.0,5.0,1.0,2.0,2.0,2.0,2.0,2.0,,,,1.0,,,,,1.0,2.75,
afflictedrevenueepilepsy,2021-07-15,66,0,44,0,132,60,0,28,9237.57558183238,414.0,14266.0,41.0,121.0,1.0,1.0,4.0,2.0,2.0,2.0,4.0,4.0,2.0,,,,,,,1.6,,,,3.0
afflictedrevenueepilepsy,2021-07-16,53,0,13,0,126,38,0,45,11529.822940822996,472.0,13526.0,28.0,210.0,,,,,,,,,,,1.0,1.4285714285714286,,4.0,1.0,,,1.0,1.75,
afflictedrevenueepilepsy,2021-07-17,24,0,9,0,79,28,0,20,7326.649522293873,482.0,16419.0,31.0,160.0,1.6153846153846154,1.3076923076923077,1.7692307692307692,1.1538461538461537,2.1538461538461537,1.0,1.0,1.0769230769230769,1.0,,,,,,,,,1.0,,
afflictedrevenueepilepsy,2021-07-18,10,0,5,0,69,22,0,17,5344.749990542282,524.0,30054.0,30.0,,1.0,1.0,1.8,1.0,2.2,1.0,1.0,1.0,1.0,,,,,,,,,,,
afflictedrevenueepilepsy,2021-07-19,61,0,66,0,169,63,0,32,9893.532376046876,157.0,17029.0,42.0,,1.0,1.0,2.0833333333333335,1.0833333333333333,1.1666666666666667,1.3333333333333333,1.5,1.3333333333333333,1.0833333333333333,,,,,,,,,,,
afflictedrevenueepilepsy,2021-07-20,84,0,38,0,142,46,0,38,9794.89318769575,392.0,13107.0,37.0,,1.0,1.0,2.076923076923077,1.1538461538461537,1.4615384615384615,1.3846153846153846,1.2307692307692308,1.3846153846153846,1.3076923076923077,,,,,,,,,,,
afflictedrevenueepilepsy,2021-07-21,71,1,62,0,247,102,0,117,14782.430773719325,269.0,11025.0,33.0,108.0,1.0,2.0,2.0,2.0,2.0,1.0,1.0,1.0,1.0,2.5,,,3.4,,,1.0,,,1.0,
afflictedrevenueepilepsy,2021-07-22,110,0,25,0,157,108,0,78,7870.892179301066,453.0,23662.0,35.0,85.0,1.0,3.0,1.0,3.0,3.0,2.0,2.0,2.0,2.0,,2.6666666666666665,2.1666666666666665,,1.75,,,2.8333333333333335,1.0,,
afflictedrevenueepilepsy,2021-07-23,42,0,92,0,137,59,0,22,11253.513794305924,423.0,19914.0,48.0,80.0,3.0,3.0,3.0,3.0,3.0,2.0,2.0,3.0,2.0,,,,1.0,,1.6666666666666667,,,1.0,,2.0
afflictedrevenueepilepsy,2021-07-24,0,0,0,0,49,8,0,1,6465.707045498082,457.0,41626.0,33.0,351.0,1.0,2.0,2.0,1.0,4.0,1.0,1.0,1.0,1.0,1.0,,1.0,1.0,,,,,,,1.0
afflictedrevenueepilepsy,2021-07-25,30,0,24,0,124,30,0,38,9231.396526246688,498.0,25812.0,43.0,484.0,1.0,2.0,2.0,2.0,2.0,1.0,1.0,1.0,1.0,1.0,2.5,,,,,,4.333333333333333,,,
afflictedrevenueepilepsy,2021-07-26,71,0,31,0,249,108,0,52,10030.994726287105,319.0,22386.0,58.0,242.0,1.0,2.0,3.0,2.0,3.0,2.0,2.0,2.0,2.0,,3.5714285714285716,,1.8571428571428572,,,,,,,
afflictedrevenueepilepsy,2021-07-27,3,0,1,0,130,31,0,19,9481.027864301985,410.0,15149.0,49.0,200.0,1.0,2.0,2.0,2.0,2.0,3.0,3.0,3.0,2.0,,,,,,,1.5,2.0,,2.3333333333333335,3.0
afflictedrevenueepilepsy,2021-07-28,10,0,7,0,172,58,0,26,7919.889122866588,443.0,20459.0,53.0,204.0,2.0,3.0,1.0,2.0,3.0,2.0,2.0,1.0,1.0,,4.4,,,,,1.0,2.5,1.0,,2.4444444444444446
afflictedrevenueepilepsy,2021-07-29,16,0,9,0,206,83,0,72,10109.098935411876,456.0,19087.0,71.0,200.0,3.0,3.0,1.0,3.0,2.0,2.0,2.0,2.0,1.0,,3.125,,,,1.0,,,,,1.0
afflictedrevenueepilepsy,2021-07-30,66,0,13,0,157,52,0,34,8922.0678630821,373.0,27612.0,50.0,223.0,1.3076923076923077,1.9230769230769231,1.4615384615384615,1.4615384615384615,2.0,1.0,1.0769230769230769,1.0,1.0,,,,,,,,,,,
afflictedrevenueepilepsy,2021-07-31,47,1,52,0,276,112,0,130,14106.739655269525,648.0,25040.0,46.0,220.0,1.0,1.7142857142857142,1.1428571428571428,1.7142857142857142,3.142857142857143,1.0,1.0,1.0,1.0,,,,,,,,,,,
afflictedrevenueepilepsy,2021-08-01,31,0,17,0,163,53,0,69,6851.735513798769,494.0,28008.0,56.0,294.0,1.8,1.1,2.8,1.1,1.6,1.3,1.1,1.0,1.1,,,,,,,,,,,
afflictedrevenueepilepsy,2021-08-02,0,0,5,0,110,6,0,8,5087.393775465958,303.0,25286.0,66.0,309.0,1.0,1.0,3.3333333333333335,1.0,1.3333333333333333,2.6666666666666665,3.0,2.4166666666666665,2.4166666666666665,,,,,,,,,,,
afflictedrevenueepilepsy,2021-08-03,11,0,2,0,124,38,0,6,7610.693608401307,442.0,20281.0,53.0,291.0,1.0,2.0,3.0,1.0,3.0,2.0,2.0,2.0,2.0,,4.5,2.2857142857142856,,,2.25,,3.5,1.0,,
afflictedrevenueepilepsy,2021-08-04,0,0,1,0,174,45,0,22,9669.503758074658,490.0,15697.0,51.0,211.0,1.0,1.0,3.0,2.0,3.0,2.0,2.0,2.0,2.0,1.0,4.6,,,,2.6666666666666665,,,,,
afflictedrevenueepilepsy,2021-08-05,2,0,22,0,157,49,0,40,10954.170883357492,381.0,22767.0,57.0,201.0,1.0,3.0,2.0,2.0,3.0,2.0,2.0,1.0,2.0,,,,,1.0,1.75,,,,,
afflictedrevenueepilepsy,2021-08-06,26,0,6,0,172,69,0,36,8329.04527007382,355.0,19735.0,73.0,223.0,5.0,1.0,4.0,1.0,2.0,4.0,5.0,4.0,2.0,,,,1.5,,,1.0,,,,
afflictedrevenueepilepsy,2021-08-07,169,1,34,0,150,82,0,60,12100.80916211439,474.0,19880.0,39.0,176.0,1.0,5.0,1.0,5.0,4.0,2.0,1.0,1.0,3.0,2.0,4.25,,,,2.0,,,,1.5,
afflictedrevenueepilepsy,2021-08-08,29,13,57,0,204,93,0,113,16376.881335859658,527.0,12467.0,56.0,103.0,1.0,2.0,1.0,4.0,2.0,1.0,1.0,2.0,1.0,3.0,4.0,2.3333333333333335,,,,1.0,,,,
afflictedrevenueepilepsy,2021-08-09,79,1,66,0,209,146,0,119,18939.98270953328,356.0,21170.0,54.0,62.0,1.0,3.0,3.0,5.0,2.0,2.0,2.0,3.0,2.0,,4.428571428571429,,2.5,,,,2.8,,,
afflictedrevenueepilepsy,2021-08-10,66,0,57,0,247,103,0,49,11629.323542921831,394.0,20285.0,60.0,43.0,1.0,1.0,3.0,2.0,1.0,4.0,5.0,5.0,4.0,,,3.3333333333333335,,,,,,1.0,4.0,
afflictedrevenueepilepsy,2021-08-11,1,0,40,0,247,64,0,52,11299.47576800254,423.0,15512.0,50.0,100.0,1.0,1.0,3.0,2.0,2.0,3.0,4.0,3.0,4.0,1.6,,,1.75,,,,,1.0,,1.6
afflictedrevenueepilepsy,2021-08-12,54,5,57,0,141,78,0,93,15753.59150627902,340.0,16513.0,49.0,82.0,1.0,4.0,1.0,3.0,3.0,2.0,2.0,2.0,2.0,,4.8,,,,3.1666666666666665,1.0,,,,3.0
afflictedrevenueepilepsy,2021-08-13,121,15,66,0,192,110,0,71,12059.599088014158,360.0,25803.0,56.0,44.0,1.0,1.75,1.0833333333333333,2.0833333333333335,1.5833333333333333,1.4166666666666667,1.5,1.75,1.4166666666666667,,,,,,,,,,,
afflictedrevenueepilepsy,2021-08-14,46,0,3,0,75,21,0,22,4426.569968762124,581.0,18963.0,31.0,105.0,1.0,1.1538461538461537,2.5384615384615383,1.0,2.4615384615384617,1.2307692307692308,1.3076923076923077,1.0769230769230769,1.2307692307692308,,,,,,,,,,,
afflictedrevenueepilepsy,2021-08-15,10,1,48,0,176,74,0,138,14436.621691834524,616.0,13742.0,41.0,184.0,1.0,1.0,1.7272727272727273,1.7272727272727273,1.1818181818181819,1.1818181818181819,1.0,1.0,1.1818181818181819,,,,,,,,,,,
afflictedrevenueepilepsy,2021-08-16,68,1,81,0,130,81,0,79,14072.053352137387,369.0,13172.0,35.0,81.0,1.0,1.0,1.8571428571428572,1.5,1.2857142857142858,1.2857142857142858,1.2142857142857142,1.0714285714285714,1.2142857142857142,,,,,,,,,,,
afflictedrevenueepilepsy,2021-08-17,62,13,50,0,71,74,0,48,14199.523943061058,253.0,13018.0,53.0,43.0,1.0,1.0,3.0,3.0,1.0,2.0,2.0,5.0,1.0,,,,1.0,,,,,,,3.0
afflictedrevenueepilepsy,2021-08-18,87,9,42,0,140,74,0,43,13301.355945259276,264.0,14469.0,50.0,48.0,1.0,1.0,4.0,2.0,1.0,2.0,3.0,5.0,2.0,,,,1.0,4.75,3.6,3.25,2.0,,,
afflictedrevenueepilepsy,2021-08-19,4,0,5,0,122,46,0,33,8389.061474517403,468.0,20800.0,39.0,88.0,1.0,2.0,4.0,1.0,2.0,2.0,2.0,4.0,1.0,,3.5714285714285716,3.8333333333333335,,,1.6,,,,,
afflictedrevenueepilepsy,2021-08-20,37,0,33,0,148,57,0,120,12384.668998506362,413.0,15522.0,49.0,210.0,1.0,2.0,3.0,2.0,2.0,1.0,1.0,1.0,1.0,,,,1.6,,1.0,,,,,
afflictedrevenueepilepsy,2021-08-21,42,0,14,0,165,58,0,76,13881.393259737182,442.0,13906.0,35.0,209.0,1.0,5.0,2.0,3.0,3.0,1.0,1.0,1.0,1.0,2.5,3.0,,,,,,,1.0,1.0,1.6
afflictedrevenueepilepsy,2021-08-22,13,0,29,0,33,24,0,21,9114.857045471555,700.0,19602.0,31.0,142.0,1.0,3.0,2.0,2.0,3.0,1.0,1.0,1.0,1.0,,,,,,,,4.6,,,1.0
afflictedrevenueepilepsy,2021-08-23,62,0,67,0,154,70,0,31,12638.02957413998,311.0,16645.0,68.0,121.0,1.0,4.0,3.0,3.0,4.0,1.0,1.0,2.0,1.0,,,1.0,,3.25,,,,1.0,1.875,
afflictedrevenueepilepsy,2021-08-24,70,0,18,0,123,54,0,25,8947.171171582282,237.0,17904.0,59.0,147.0,1.0,1.0,3.0,1.0,3.0,1.0,1.0,1.0,1.0,1.6,,,,,,2.857142857142857,,,1.0,2.0
afflictedrevenueepilepsy,2021-08-25,14,0,5,0,123,28,0,53,7998.723352072134,0.0,23182.0,45.0,174.0,1.0,2.0,3.0,1.0,1.0,4.0,5.0,5.0,4.0,1.0,,,,,,3.5714285714285716,1.5,1.0,,
afflictedrevenueepilepsy,2021-08-26,30,0,1,0,178,39,0,30,7087.950964656976,533.0,21807.0,46.0,210.0,1.0,1.2142857142857142,1.4285714285714286,1.0,1.7142857142857142,1.3571428571428572,1.4285714285714286,1.0714285714285714,1.0,,,,,,,,,,,
afflictedrevenueepilepsy,2021-08-27,85,0,5,0,158,49,0,42,8849.13034400349,415.0,24408.0,48.0,291.0,1.0,1.0,1.5,1.3571428571428572,1.7142857142857142,1.4285714285714286,1.5,1.2142857142857142,1.0,,,,,,,,,,,
afflictedrevenueepilepsy,2021-08-28,75,0,43,0,100,68,0,104,8896.654984181008,493.0,15570.0,48.0,207.0,1.0,1.5,1.2857142857142858,1.5,1.7142857142857142,1.2142857142857142,1.2142857142857142,1.0714285714285714,1.0,,,,,,,,,,,
afflictedrevenueepilepsy,2021-08-29,7,0,8,0,160,25,0,23,20382.11651346493,380.0,10486.0,38.0,132.0,1.0909090909090908,1.0,1.8181818181818181,2.1818181818181817,1.1818181818181819,1.0,1.0,1.0,1.0,,,,,,,,,,,
afflictedrevenueepilepsy,2021-08-30,83,0,55,0,153,60,0,22,10683.853327723418,153.0,24193.0,53.0,134.0,1.0,2.0,3.0,2.0,2.0,1.0,1.0,1.0,1.0,,,1.0,,,1.0,,,1.0,,1.8571428571428572
afflictedrevenueepilepsy,2021-08-31,66,0,15,0,138,44,0,28,10412.941237021158,360.0,16459.0,46.0,155.0,1.0,1.0,3.0,1.0,2.0,1.0,1.0,1.0,1.0,1.0,3.8333333333333335,,1.5,,,4.0,,,,1.0
afflictedrevenueepilepsy,2021-09-01,62,0,34,0,141,58,0,22,9099.723333421753,426.0,13120.0,50.0,118.0,1.0,2.0,2.0,2.0,2.0,2.0,2.0,1.0,2.0,,4.5,,1.0,,,1.0,,,,3.25
afflictedrevenueepilepsy,2021-09-02,71,0,23,0,161,59,0,26,10850.957248635588,441.0,23378.0,50.0,97.0,1.0,2.0,2.0,2.0,2.0,1.0,2.0,3.0,1.0,,3.4285714285714284,,,,,,,1.0,,
afflictedrevenueepilepsy,2021-09-03,23,0,17,0,189,81,0,95,12620.257522269963,492.0,15242.0,57.0,284.0,1.0,4.0,1.0,4.0,2.0,1.0,1.0,2.0,1.0,1.0,,,2.3333333333333335,,,,,,,3.0
afflictedrevenueepilepsy,2021-09-04,122,3,77,0,143,56,0,42,13394.720705041414,478.0,16455.0,37.0,238.0,1.0,4.0,1.0,4.0,3.0,1.0,1.0,1.0,1.0,,,1.0,,4.75,1.0,,,,,
afflictedrevenueepilepsy,2021-09-05,55,0,3,0,119,36,0,52,3664.472504284094,143.0,18190.0,30.0,161.0,1.0,4.0,2.0,3.0,3.0,1.0,1.0,3.0,1.0,,1.0,1.0,,,2.5,4.666666666666667,5.0,,,
afflictedrevenueepilepsy,2021-09-06,23,0,2,0,96,36,0,39,7088.814361808135,589.0,27530.0,30.0,447.0,1.0,1.0,3.0,2.0,3.0,2.0,1.0,2.0,2.0,,,,,,,,,,,1.0
afflictedrevenueepilepsy,2021-09-07,4,0,13,0,123,32,0,28,9302.354262854707,490.0,17745.0,43.0,435.0,1.0,2.0,2.0,2.0,3.0,2.0,2.0,2.0,2.0,,,,,1.0,,,,,,1.4285714285714286
afflictedrevenueepilepsy,2021-09-08,91,0,45,0,102,44,0,31,11003.15413862564,270.0,18611.0,45.0,193.0,1.0,3.0,4.0,2.0,2.0,3.0,3.0,2.0,3.0,2.5,2.0,,,,2.0,,,,4.0,
afflictedrevenueepilepsy,2021-09-09,90,0,63,0,108,41,0,36,10008.005175641078,315.0,15780.0,38.0,114.0,1.0,3.0,3.0,2.0,2.0,3.0,3.0,3.0,3.0,1.0,3.5,,,,,,,,,3.4285714285714284
afflictedrevenueepilepsy,2021-09-10,14,0,8,0,129,29,0,38,9675.29985810878,410.0,38731.0,40.0,155.0,1.0,1.0,1.6153846153846154,1.2307692307692308,2.0,2.0,1.9230769230769231,1.2307692307692308,2.076923076923077,,,,,,,,,,,
afflictedrevenueepilepsy,2021-09-11,48,15,36,0,220,84,0,123,16260.67229795471,406.0,11442.0,43.0,168.0,1.0,1.8571428571428572,1.2142857142857142,2.0,1.6428571428571428,1.0,1.0,1.0,1.0,,,,,,,,,,,
afflictedrevenueepilepsy,2021-09-12,10,0,4,0,92,28,0,18,11075.939382845272,234.0,20252.0,50.0,194.0,1.0,1.0,1.4545454545454546,1.1818181818181819,2.6363636363636362,1.1818181818181819,1.1818181818181819,1.1818181818181819,1.2727272727272727,,,,,,,,,,,
afflictedrevenueepilepsy,2021-09-13,66,0,18,0,105,44,0,24,10130.764446685318,423.0,20579.0,46.0,208.0,1.0769230769230769,1.0769230769230769,2.076923076923077,1.0,1.5384615384615385,1.2307692307692308,1.2307692307692308,1.3076923076923077,1.1538461538461537,,,,,,,,,,,
afflictedrevenueepilepsy,2021-09-14,32,0,9,0,201,46,0,48,10363.80509991787,342.0,13368.0,47.0,175.0,1.0,2.0,2.0,1.0,2.0,2.0,2.0,1.0,2.0,,,,1.0,,,,,,1.0,
afflictedrevenueepilepsy,2021-09-15,80,0,25,0,463,60,0,23,10645.021068067044,255.0,13673.0,53.0,153.0,1.0,1.0,2.0,1.0,2.0,1.0,1.0,1.0,1.0,,4.0,,1.4285714285714286,,,2.0,2.75,,,
afflictedrevenueepilepsy,2021-09-16,77,1,35,0,345,81,0,62,13281.591861146644,437.0,13752.0,51.0,86.0,1.0,3.0,1.0,2.0,2.0,2.0,2.0,2.0,3.0,,,2.4,2.142857142857143,,,,,1.0,,
afflictedrevenueepilepsy,2021-09-17,7,0,13,0,667,61,0,36,10516.629211329982,382.0,16393.0,48.0,91.0,1.0,4.0,1.0,2.0,3.0,2.0,2.0,3.0,2.0,,,,2.0,,,1.0,,1.0,2.75,
afflictedrevenueepilepsy,2021-09-18,20,0,11,0,580,22,0,18,9190.63093036332,241.0,18349.0,35.0,160.0,1.0,3.0,3.0,2.0,3.0,1.0,1.0,1.0,1.0,,,,1.75,,,,,1.0,,
afflictedrevenueepilepsy,2021-09-19,0,0,7,0,600,14,0,29,9958.56644999304,326.0,12302.0,34.0,185.0,1.0,3.0,3.0,2.0,3.0,2.0,2.0,3.0,2.0,1.0,,,,1.0,,,3.8,,3.25,
afflictedrevenueepilepsy,2021-09-20,54,0,28,0,602,37,0,34,11861.760879740235,349.0,21831.0,44.0,138.0,1.0,1.0,4.0,2.0,3.0,1.0,1.0,1.0,1.0,,,1.0,,,,2.75,,3.0,,
afflictedrevenueepilepsy,2021-09-21,9,0,48,0,595,34,0,57,12772.777558834425,333.0,11633.0,39.0,179.0,1.0,2.0,3.0,2.0,2.0,1.0,1.0,1.0,1.0,,3.0,,,,3.0,4.0,,1.0,,2.5
afflictedrevenueepilepsy,2021-09-22,65,6,38,0,669,77,0,41,13519.70619265284,386.0,7171.0,33.0,89.0,1.0,1.0,2.0,2.0,1.0,2.0,2.0,2.0,2.0,,,1.0,,5.0,,,,1.4444444444444444,,
afflictedrevenueepilepsy,2021-09-23,89,0,35,0,914,64,0,54,12188.227608933015,447.0,16751.0,50.0,32.0,1.0,1.5,1.7857142857142858,1.4285714285714286,1.7857142857142858,1.0714285714285714,1.0714285714285714,1.2142857142857142,1.1428571428571428,,,4.0,,,,,,1.0,4.0,
afflictedrevenueepilepsy,2021-09-24,109,0,7,0,1233,33,0,32,2721.101811379912,485.0,18509.0,47.0,47.0,1.0,1.0909090909090908,1.8181818181818181,1.1818181818181819,1.0909090909090908,1.8181818181818181,1.7272727272727273,1.4545454545454546,1.5454545454545454,,,,,,,,,,,
afflictedrevenueepilepsy,2021-09-25,75,1,22,0,1121,75,0,56,6925.215958595846,0.0,18034.0,41.0,73.0,1.0,1.0,1.4285714285714286,1.0,1.7857142857142858,1.1428571428571428,1.1428571428571428,1.0714285714285714,1.0714285714285714,,,,,,,,,,,
afflictedrevenueepilepsy,2021-09-26,11,0,75,0,1149,93,0,75,16981.165141032576,508.0,17992.0,38.0,210.0,1.0,1.0,1.0833333333333333,1.0833333333333333,1.25,1.0,1.0,1.1666666666666667,1.0,,,,,,,,,,,
afflictedrevenueepilepsy,2021-09-27,56,2,42,0,920,64,0,39,15943.418070622763,367.0,15374.0,34.0,147.0,1.0,2.0,3.0,2.0,2.0,2.0,2.0,1.0,2.0,,3.1666666666666665,,,5.0,,,,,,1.0
afflictedrevenueepilepsy,2021-09-28,15,0,7,0,1243,35,0,50,9607.373075652617,295.0,12091.0,39.0,111.0,1.0,4.0,2.0,3.0,3.0,2.0,2.0,3.0,2.0,,,,,,2.2,1.0,,1.0,,
afflictedrevenueepilepsy,2021-09-29,86,0,24,0,1016,39,0,27,11610.025745988163,405.0,14441.0,39.0,92.0,1.0,3.0,3.0,2.0,2.0,2.0,2.0,2.0,2.0,,,,,,,,,,1.5,
afflictedrevenueepilepsy,2021-09-30,87,0,26,0,978,57,0,30,9192.216833056267,268.0,18308.0,48.0,72.0,1.0,1.0,3.0,1.0,2.0,2.0,2.0,1.0,2.0,1.5,1.8,,,,2.2857142857142856,3.5,3.0,,,
afflictedrevenueepilepsy,2021-10-01,2,0,13,0,520,21,0,15,5252.089782886695,395.0,16731.0,28.0,183.0,1.0,1.0,5.0,1.0,2.0,3.0,1.0,1.0,1.0,,,,1.0,,1.0,4.0,,,,
afflictedrevenueepilepsy,2021-10-02,8,0,3,0,884,34,0,45,8364.249889912546,72.0,28698.0,18.0,248.0,1.0,2.0,2.0,1.0,3.0,1.0,1.0,1.0,1.0,,,1.6,,1.0,1.0,,,,,1.0
afflictedrevenueepilepsy,2021-10-03,86,0,22,0,1115,73,0,115,15658.986229953916,316.0,10850.0,30.0,218.0,1.0,3.0,2.0,2.0,2.0,1.0,1.0,3.0,1.0,,,,1.0,,,1.6,,,1.0,1.0
afflictedrevenueepilepsy,2021-10-04,82,0,11,0,1112,61,0,24,11435.977196456835,306.0,18381.0,53.0,94.0,1.0,2.0,3.0,1.0,2.0,1.0,1.0,1.0,1.0,,3.5,,1.6,1.0,1.5,,,1.0,,
afflictedrevenueepilepsy,2021-10-05,0,0,7,0,436,26,0,24,7432.378836138719,354.0,10779.0,27.0,90.0,1.0,1.0,2.0,1.0,2.0,1.0,1.0,1.0,1.0,,,1.0,,,,,,1.0,1.0,
afflictedrevenueepilepsy,2021-10-06,63,0,8,0,654,53,0,28,9085.559267289616,134.0,19921.0,61.0,101.0,1.0,1.0,2.0,1.0,2.0,2.0,1.0,2.0,2.0,,,,,,,,,,,1.0
afflictedrevenueepilepsy,2021-10-07,67,0,18,0,866,52,0,38,,,,,66.0,,,,,,,,,,,,,,,,,,,,
afflictedrevenueepilepsy,2021-10-08,0,7,12,0,785,44,0,44,9965.663361615118,588.0,19825.0,52.0,95.0,1.0,1.1538461538461537,1.5384615384615385,1.2307692307692308,1.2307692307692308,1.1538461538461537,1.1538461538461537,1.0769230769230769,1.3076923076923077,,,,,,,,,,,
afflictedrevenueepilepsy,2021-10-09,22,0,8,0,1288,42,0,75,13658.212432323717,263.0,22749.0,39.0,196.0,1.0,1.1666666666666667,1.6666666666666667,1.1666666666666667,2.0,1.0,1.0,1.0,1.0,,,,,,,,,,,
afflictedrevenueepilepsy,2021-10-10,18,0,2,0,1209,20,0,20,6307.796686414917,443.0,22400.0,29.0,341.0,1.0,1.1111111111111112,1.1111111111111112,1.0,2.3333333333333335,1.2222222222222223,1.4444444444444444,1.0,1.3333333333333333,,,,,,,,,,,
afflictedrevenueepilepsy,2021-10-11,60,0,33,0,512,59,0,36,9905.401834989703,397.0,15994.0,33.0,231.0,1.0,1.0,3.0,1.0,2.0,2.0,2.0,2.0,2.0,,3.3333333333333335,,,,,,,,3.5,1.75
afflictedrevenueepilepsy,2021-10-12,27,0,26,0,490,41,0,51,9047.714572631385,403.0,17977.0,37.0,187.0,1.0,1.0,2.0,1.0,2.0,2.0,2.0,1.0,2.0,1.0,4.0,,,,,2.4,,,4.0,
afflictedrevenueepilepsy,2021-10-13,65,0,39,0,681,54,0,57,10046.72519925692,482.0,16025.0,38.0,180.0,1.0,1.0,3.0,1.0,2.0,1.0,1.0,1.0,1.0,1.5714285714285714,,,,,1.0,4.0,,,1.5,
afflictedrevenueepilepsy,2021-10-14,79,0,28,0,177,56,0,47,10307.709407432278,396.0,18400.0,37.0,158.0,1.0,1.0,2.0,1.0,2.0,2.0,1.0,3.0,2.0,1.0,,,1.0,1.0,,,3.6666666666666665,,,2.6666666666666665
afflictedrevenueepilepsy,2021-10-15,114,0,21,0,218,66,0,43,12272.418160064726,338.0,20325.0,37.0,,1.0,1.0,3.0,1.0,1.0,1.0,1.0,1.0,1.0,1.0,3.25,,,1.0,,,,1.0,,
afflictedrevenueepilepsy,2021-10-16,110,0,19,0,204,75,0,72,12236.6009718511,436.0,13262.0,38.0,97.0,1.0,3.0,3.0,2.0,1.0,1.0,1.0,1.0,1.0,,,,,1.0,,,1.0,1.0,,1.4285714285714286
afflictedrevenueepilepsy,2021-10-17,42,0,21,0,572,44,0,59,6814.5901757502525,78.0,18871.0,31.0,143.0,1.0,1.0,3.0,1.0,3.0,1.0,1.0,1.0,1.0,1.0,,,,,,4.0,,1.0,,
afflictedrevenueepilepsy,2021-10-18,68,0,68,0,425,88,0,63,10065.615697342835,364.0,21857.0,46.0,195.0,1.0,1.0,2.0,1.0,2.0,1.0,1.0,1.0,1.0,,,,1.0,,,2.4285714285714284,,,,2.5
afflictedrevenueepilepsy,2021-10-19,0,0,2,0,136,18,0,6,7443.358055240677,512.0,15169.0,25.0,207.0,1.0,1.0,2.0,1.0,2.0,2.0,2.0,1.0,2.0,2.4,,,1.6666666666666667,,2.0,,,,1.75,
afflictedrevenueepilepsy,2021-10-20,87,0,13,0,787,65,0,47,10863.50658056815,400.0,23605.0,57.0,186.0,1.0,1.0,2.0,1.0,2.0,2.0,2.0,2.0,2.0,,,1.0,,,,,1.0,,,
afflictedrevenueepilepsy,2021-10-21,85,0,13,0,1165,51,0,42,9661.297651859844,337.0,21470.0,39.0,169.0,1.0,1.0,2.0,1.0,2.0,2.0,2.0,2.0,2.0,,,,1.0,,,1.5,,1.0,,
afflictedrevenueepilepsy,2021-10-22,0,0,0,0,1415,10,0,11,7419.812658366579,431.0,17011.0,47.0,234.0,5.0,1.0,2.0,1.0,2.0,2.0,2.0,2.0,2.0,1.0,,2.5,1.0,1.0,1.0,,,,,
afflictedrevenueepilepsy,2021-10-23,113,0,47,0,1011,62,0,110,10337.22931341892,828.0,25793.0,40.0,179.0,1.9166666666666667,1.1666666666666667,1.5,1.5833333333333333,1.5,1.0833333333333333,1.0,1.25,1.0,,,,,,,,,,,
afflictedrevenueepilepsy,2021-10-24,82,0,34,0,1073,71,0,65,18304.73948263454,20.0,10918.0,41.0,127.0,1.1538461538461537,1.8461538461538463,1.0769230769230769,1.6923076923076923,1.1538461538461537,1.0,1.0,1.0769230769230769,1.0,,,,,,,,,,,
afflictedrevenueepilepsy,2021-10-25,84,0,43,0,259,57,0,26,9527.751458442684,395.0,17989.0,47.0,133.0,2.769230769230769,1.0,2.3846153846153846,1.0,1.7692307692307692,1.3076923076923077,1.3076923076923077,1.9230769230769231,1.0,,,,,,,,,,,
afflictedrevenueepilepsy,2021-10-26,28,0,14,0,1133,85,0,80,8863.204505681553,57.0,14638.0,50.0,148.0,1.2727272727272727,1.3636363636363635,1.0909090909090908,1.3636363636363635,1.6363636363636365,1.0,1.0,1.0,1.0,,,,,,,,,,,
afflictedrevenueepilepsy,2021-10-27,128,0,61,0,1024,77,0,34,11192.45995744932,316.0,17499.0,27.0,88.0,2.0,2.0,2.0,2.0,2.0,1.0,1.0,2.0,1.0,,,1.0,,1.0,,1.0,,,,1.0
afflictedrevenueepilepsy,2021-10-28,48,0,49,0,1002,83,0,66,9197.358513796578,448.0,14554.0,40.0,114.0,2.0,1.0,2.0,1.0,2.0,1.0,1.0,1.0,1.0,,3.3333333333333335,,,,1.6,2.0,,,,
afflictedrevenueepilepsy,2021-10-29,58,0,29,0,1044,76,0,72,13934.294295448131,573.0,10659.0,50.0,112.0,1.0,4.0,1.0,4.0,2.0,1.0,1.0,1.0,1.0,,4.666666666666667,2.1666666666666665,1.0,,,,,,,1.0
afflictedrevenueepilepsy,2021-10-30,21,0,17,0,1222,53,0,108,12725.59116822467,365.0,10049.0,30.0,88.0,3.0,4.0,1.0,3.0,4.0,2.0,1.0,3.0,1.0,,,5.0,,1.0,,,,,3.5,
afflictedrevenueepilepsy,2021-10-31,0,0,1,0,1064,10,0,16,4688.93278999918,416.0,16160.0,31.0,226.0,5.0,1.0,4.0,1.0,2.0,4.0,4.0,4.0,4.0,,,5.0,1.0,,,4.666666666666667,,4.8,,
afflictedrevenueepilepsy,2021-11-01,71,0,52,0,538,50,0,18,8100.103425029205,0.0,22350.0,50.0,223.0,4.0,1.0,3.0,1.0,2.0,3.0,3.0,3.0,4.0,,,,,,1.8,1.5,,2.75,,4.166666666666667
afflictedrevenueepilepsy,2021-11-02,67,0,7,0,664,45,0,29,8617.661188729882,369.0,25516.0,62.0,157.0,5.0,1.0,2.0,1.0,2.0,3.0,3.0,5.0,,,,,1.0,1.0,,1.0,,3.0,,2.0
afflictedrevenueepilepsy,2021-11-03,72,0,25,0,478,41,0,38,9207.867633461648,453.0,16697.0,37.0,224.0,4.0,1.0,2.0,1.0,2.0,2.0,2.0,3.0,1.0,,2.8333333333333335,,,,,1.0,,3.142857142857143,1.75,
afflictedrevenueepilepsy,2021-11-04,64,0,8,0,719,48,0,19,8653.639504946339,99.0,14294.0,40.0,151.0,4.0,1.0,2.0,1.0,2.0,2.0,2.0,2.0,1.0,,3.4285714285714284,3.3333333333333335,,1.0,,,,,3.111111111111111,
afflictedrevenueepilepsy,2021-11-05,31,0,7,0,159,29,0,25,6709.452617541362,158.0,22091.0,38.0,174.0,3.25,1.0,1.0,1.0,1.1666666666666667,1.5833333333333333,1.75,1.4166666666666667,1.6666666666666667,,,,,,,,,,,
afflictedrevenueepilepsy,2021-11-06,95,0,24,0,176,66,0,53,9636.345798718728,403.0,9850.0,34.0,159.0,2.888888888888889,1.3333333333333333,1.4444444444444444,1.1111111111111112,1.2222222222222223,1.1111111111111112,1.0,1.2222222222222223,1.0,,,,,,,,,,,
afflictedrevenueepilepsy,2021-11-07,9,0,1,0,47,20,0,16,4524.483573197226,476.0,31580.0,21.0,288.0,3.0,1.0,1.9090909090909092,1.0,1.1818181818181819,1.8181818181818181,2.0,2.5454545454545454,1.0909090909090908,,,,,,,,,,,
afflictedrevenueepilepsy,2021-11-08,70,0,51,0,695,49,0,24,9755.561388429542,457.0,17241.0,53.0,368.0,2.4,1.0,2.0,1.0,1.2,1.1,1.2,1.1,1.0,,,,,,,,,,,
afflictedrevenueepilepsy,2021-11-09,93,0,32,0,510,29,0,29,9962.610711211206,0.0,18187.0,27.0,129.0,3.0,1.0,2.0,1.0,2.0,1.0,1.0,1.0,1.0,,3.375,,1.5,,,,,2.0,,
afflictedrevenueepilepsy,2021-11-10,114,0,26,0,482,52,0,26,9541.136364110102,87.0,17615.0,38.0,75.0,3.0,2.0,2.0,1.0,2.0,1.0,1.0,1.0,1.0,,,,,1.0,,,2.0,,2.5,
afflictedrevenueepilepsy,2021-11-11,87,0,23,0,452,40,0,36,7895.609171467571,288.0,17107.0,28.0,147.0,3.0,1.0,2.0,2.0,2.0,2.0,2.0,1.0,1.0,,,,1.0,,1.0,,,,,
afflictedrevenueepilepsy,2021-11-12,123,0,13,0,711,84,0,57,9090.919494117032,300.0,29673.0,55.0,235.0,4.0,1.0,2.0,1.0,2.0,2.0,2.0,3.0,2.0,1.6,,2.3333333333333335,,1.0,,,,2.3333333333333335,,
afflictedrevenueepilepsy,2021-11-13,112,0,8,0,556,39,0,45,8655.52893822303,439.0,25078.0,54.0,232.0,3.0,2.0,3.0,2.0,2.0,1.0,1.0,2.0,1.0,,3.0,1.6666666666666667,1.0,,2.3333333333333335,1.0,,,,
afflictedrevenueepilepsy,2021-11-14,23,0,27,0,142,35,0,47,8365.449610913907,568.0,22682.0,26.0,271.0,3.0,1.0,3.0,1.0,2.0,2.0,2.0,3.0,2.0,1.0,,,,,1.0,,,,2.0,1.0
afflictedrevenueepilepsy,2021-11-15,63,0,22,0,150,60,0,41,8926.968096886623,0.0,15979.0,38.0,228.0,3.0,1.0,2.0,1.0,2.0,2.0,2.0,2.0,2.0,,,,1.0,,,,,,,
afflictedrevenueepilepsy,2021-11-16,78,0,17,0,295,49,0,21,8205.600608683679,98.0,18300.0,47.0,222.0,3.0,2.0,2.0,2.0,2.0,3.0,3.0,3.0,3.0,,,,,1.0,,,1.75,,,
afflictedrevenueepilepsy,2021-11-16,78,0,17,0,295,49,0,21,0.0,98.0,18300.0,47.0,222.0,3.0,2.0,2.0,2.0,2.0,3.0,3.0,3.0,3.0,,,,,1.0,,,1.75,,,
afflictedrevenueepilepsy,2021-11-17,76,0,9,0,630,36,0,29,,373.0,15668.0,38.0,154.0,2.0,2.0,2.0,2.0,2.0,2.0,2.0,2.0,2.0,,,,,1.0,2.4,,,,,2.5
afflictedrevenueepilepsy,2021-11-18,71,0,6,0,603,68,0,41,7998.437110113556,471.0,19515.0,48.0,102.0,3.0,2.0,2.0,2.0,2.0,2.0,3.0,2.0,2.0,,2.7142857142857144,1.6,,,,,,,,1.0
afflictedrevenueepilepsy,2021-11-19,27,0,12,0,1069,47,0,82,8677.782906510341,430.0,16470.0,40.0,168.0,3.0,1.0,2.0,1.0,2.0,1.0,1.0,1.0,1.0,,2.8,,2.3333333333333335,,,,2.2,,,2.5
afflictedrevenueepilepsy,2021-11-20,46,0,5,0,157,53,0,25,4467.978819270058,545.0,30522.0,34.0,444.0,2.076923076923077,1.0769230769230769,1.5384615384615385,1.0,2.3846153846153846,1.1538461538461537,1.3076923076923077,1.6153846153846154,1.0,,,,,,,,,,,
afflictedrevenueepilepsy,2021-11-21,19,0,9,0,191,42,0,54,5397.744016806852,699.0,18921.0,28.0,525.0,2.1,1.1,1.0,1.0,2.4,1.0,1.0,1.1,1.0,,,,,,,,,,,
afflictedrevenueepilepsy,2021-11-22,88,1,19,0,197,69,0,38,8146.786315633584,431.0,14475.0,36.0,225.0,1.0,1.3,1.0,1.3,1.1,1.0,1.0,1.0,1.0,,,,,,,,,,,
afflictedrevenueepilepsy,2021-11-23,66,0,12,0,140,50,0,17,8396.174922816925,127.0,17320.0,58.0,59.0,1.2307692307692308,1.0,1.3076923076923077,1.0,1.8461538461538463,1.2307692307692308,1.2307692307692308,1.3076923076923077,1.1538461538461537,,,,,,,,,,,
afflictedrevenueepilepsy,2021-11-24,142,0,13,0,137,52,0,42,8327.67084397727,298.0,29076.0,30.0,,2.0,1.0,2.0,2.0,2.0,1.0,1.0,1.0,1.0,1.0,,,,1.0,1.0,,,,,
afflictedrevenueepilepsy,2021-11-25,3,0,19,0,199,44,0,84,13102.277487011988,484.0,25918.0,26.0,,3.0,1.0,1.0,2.0,2.0,1.0,1.0,1.0,1.0,2.0,,2.0,,1.0,,,2.5,1.0,,
afflictedrevenueepilepsy,2021-11-26,23,0,5,0,125,36,0,29,8981.457243403955,503.0,26365.0,27.0,322.0,4.0,2.0,1.0,2.0,2.0,2.0,2.0,3.0,1.0,,,2.3333333333333335,,1.0,1.0,,,,,1.0
afflictedrevenueepilepsy,2021-11-27,5,0,11,0,98,38,0,21,9496.843346142145,523.0,16322.0,24.0,,3.0,2.0,2.0,1.0,3.0,3.0,3.0,3.0,3.0,1.75,,,,1.0,,,,1.8,,
afflictedrevenueepilepsy,2021-11-28,5,0,21,0,72,29,0,49,11152.057450063689,411.0,21537.0,32.0,371.0,3.0,2.0,2.0,1.0,2.0,2.0,2.0,2.0,1.0,,3.25,,1.0,,,2.5,2.5,,,1.0
afflictedrevenueepilepsy,2021-11-29,81,0,2,0,208,53,0,28,12846.87343481937,306.0,17058.0,65.0,287.0,2.0,1.0,3.0,1.0,2.0,3.0,3.0,4.0,2.0,1.0,,3.8,,,,,,,,2.5
afflictedrevenueepilepsy,2021-11-30,62,0,8,0,687,51,0,28,9416.649974196964,65.0,13412.0,59.0,118.0,2.0,1.0,2.0,1.0,2.0,2.0,2.0,2.0,2.0,,,,,,,,,,3.0,1.0
afflictedrevenueepilepsy,2021-12-01,61,0,33,0,605,76,0,29,12060.196231750377,369.0,16574.0,72.0,73.0,2.0,1.0,3.0,1.0,2.0,2.0,2.0,2.0,2.0,,4.333333333333333,,,1.0,4.0,,1.0,1.0,,
afflictedrevenueepilepsy,2021-12-02,49,0,7,0,728,58,0,25,10702.75594644716,359.0,30918.0,69.0,46.0,2.0,3.0,4.0,1.0,1.0,2.0,2.0,2.0,2.0,1.0,2.8,,,1.0,,,,,4.5,
afflictedrevenueepilepsy,2021-12-03,111,0,6,0,706,39,0,43,9495.838487139556,345.0,30370.0,37.0,74.0,3.0,1.0,4.0,1.0,1.0,2.0,2.0,1.0,1.0,,,2.75,,1.0,,,,,,2.2
afflictedrevenueepilepsy,2021-12-04,29,0,5,0,1205,35,0,12,6596.351255048699,554.0,22002.0,35.0,294.0,1.2727272727272727,1.3636363636363635,2.272727272727273,1.0909090909090908,1.5454545454545454,1.4545454545454546,1.4545454545454546,1.1818181818181819,1.8181818181818181,,,,,,,,,,,
afflictedrevenueepilepsy,2021-12-05,83,0,35,0,515,51,0,89,12779.408658263808,457.0,19428.0,32.0,324.0,1.0909090909090908,1.1818181818181819,1.0909090909090908,1.1818181818181819,1.0,1.1818181818181819,1.0909090909090908,1.0,1.1818181818181819,,,,,,,,,,,
afflictedrevenueepilepsy,2021-12-06,65,0,9,0,573,57,0,32,10096.509488412386,389.0,15563.0,73.0,85.0,1.0,1.1428571428571428,1.0714285714285714,1.0,1.1428571428571428,1.0,1.0,1.1428571428571428,1.0,,,,,,,,,,,
afflictedrevenueepilepsy,2021-12-07,74,0,6,0,923,41,0,29,10260.093155235558,385.0,20683.0,75.0,78.0,1.0,1.2142857142857142,1.1428571428571428,1.0,1.2857142857142858,1.1428571428571428,1.1428571428571428,1.1428571428571428,1.1428571428571428,,,,,,,,,,,
afflictedrevenueepilepsy,2021-12-08,90,0,14,0,1050,81,0,56,9788.238628308442,393.0,16467.0,73.0,111.0,1.0,2.0,1.0,1.0,2.0,2.0,2.0,2.0,2.0,1.0,,,,,,,1.0,,,
afflictedrevenueepilepsy,2021-12-09,17,0,49,0,933,63,0,107,9819.892322075564,477.0,20942.0,65.0,126.0,2.0,2.0,2.0,1.0,3.0,1.0,1.0,1.0,1.0,,,1.8571428571428572,,1.0,,,,1.0,1.0,
afflictedrevenueepilepsy,2021-12-10,27,0,22,0,600,68,0,71,11686.561598955315,64.0,18826.0,77.0,172.0,1.0,3.0,1.0,2.0,3.0,1.0,1.0,1.0,1.0,,4.0,1.5,,,,,,,1.75,
afflictedrevenueepilepsy,2021-12-11,0,0,0,0,514,5,0,6,3533.526666186374,261.0,19336.0,23.0,198.0,2.0,1.0,2.0,1.0,2.0,1.0,1.0,1.0,1.0,,,,,1.0,,,4.5,,,
afflictedrevenueepilepsy,2021-12-12,33,0,18,0,722,20,0,20,9864.93053501958,360.0,27955.0,39.0,411.0,3.0,1.0,2.0,1.0,2.0,1.0,1.0,1.0,1.0,,,,1.8,,1.0,,,1.0,,
afflictedrevenueepilepsy,2021-12-13,64,0,16,0,685,64,0,28,10718.85276938445,78.0,15091.0,52.0,275.0,3.0,1.0,2.0,1.0,2.0,1.0,1.0,1.0,1.0,1.0,3.857142857142857,1.0,,,,,,2.5,,
afflictedrevenueepilepsy,2021-12-14,114,2,83,0,502,90,0,118,11867.68434999049,399.0,20922.0,44.0,73.0,3.0,1.0,2.0,1.0,1.0,1.0,1.0,1.0,1.0,1.0,1.0,1.0,,,1.6666666666666667,,,,,
afflictedrevenueepilepsy,2021-12-15,70,0,10,0,837,53,0,39,11792.99241189233,236.0,24269.0,85.0,106.0,3.0,2.0,3.0,1.0,2.0,1.0,1.0,1.0,1.0,1.0,,1.0,1.0,1.0,1.0,,,,,
afflictedrevenueepilepsy,2021-12-16,46,8,11,0,584,57,0,124,11375.759767619937,53.0,18558.0,73.0,62.0,2.0,3.0,2.0,3.0,1.0,1.0,1.0,1.0,1.0,,,,,,,,1.5,2.0,,
afflictedrevenueepilepsy,2021-12-17,40,5,18,0,1196,44,0,109,10148.36390207396,335.0,23967.0,69.0,152.0,3.0,2.0,2.0,2.0,2.0,1.0,1.0,1.0,1.0,1.0,2.0,1.0,,1.0,,,,2.0,,
afflictedrevenueepilepsy,2021-12-18,3,14,31,0,1087,48,0,20,7653.147767559863,347.0,16698.0,43.0,274.0,1.1818181818181819,1.1818181818181819,1.5454545454545454,1.6363636363636365,1.5454545454545454,1.0,1.0,1.0,1.0,,,,,,,,,,,
afflictedrevenueepilepsy,2021-12-19,26,8,57,0,481,71,0,67,16413.148237961956,492.0,7953.0,44.0,201.0,1.0,1.2,1.4,1.3,1.3,1.0,1.0,1.2,1.0,,,,,,,,,,,
afflictedrevenueepilepsy,2021-12-20,99,0,44,0,473,94,0,91,15645.230564971642,322.0,12675.0,60.0,50.0,1.0,1.25,1.6666666666666667,1.4166666666666667,1.1666666666666667,1.0,1.0,1.0833333333333333,1.0,,,,,,,,,,,
afflictedrevenueepilepsy,2021-12-21,90,0,4,0,549,51,0,30,8339.902817473845,615.0,15976.0,48.0,49.0,1.0,1.1,1.5,1.0,1.3,1.0,1.0,1.0,1.0,,,,,,,,,,,
afflictedrevenueepilepsy,2021-12-22,87,0,14,0,695,90,0,81,9789.937170472396,498.0,22621.0,70.0,106.0,3.0,1.0,2.0,1.0,2.0,2.0,2.0,2.0,2.0,,,,,,,,,,,1.5
afflictedrevenueepilepsy,2021-12-23,42,0,9,0,1297,51,0,30,6825.184916271539,315.0,31277.0,82.0,285.0,3.0,1.0,3.0,1.0,2.0,2.0,2.0,2.0,2.0,1.0,2.2,,,1.0,,,2.75,,,
afflictedrevenueepilepsy,2021-12-24,1,0,1,0,1402,3,0,16,5291.9890881878055,683.0,17810.0,45.0,400.0,3.0,1.0,2.0,1.0,4.0,1.0,1.0,1.0,1.0,,,,1.0,,,,,,,1.0
afflictedrevenueepilepsy,2021-12-25,1,0,0,0,1357,12,0,21,5780.835002814072,458.0,20809.0,46.0,398.0,4.0,1.0,2.0,1.0,4.0,1.0,1.0,1.0,1.0,,,,,,1.0,1.0,,,,
afflictedrevenueepilepsy,2021-12-26,76,12,47,0,526,121,0,100,14708.25133081029,0.0,15428.0,75.0,318.0,1.0,3.0,1.0,3.0,3.0,2.0,2.0,2.0,2.0,,,1.0,,5.0,,,3.6666666666666665,,,
afflictedrevenueepilepsy,2021-12-27,1,0,1,0,826,12,0,15,7114.6381562512,494.0,23089.0,56.0,327.0,3.0,1.0,2.0,1.0,3.0,1.0,1.0,1.0,1.0,1.0,2.1666666666666665,1.6666666666666667,,1.0,,,,1.5,1.0,
afflictedrevenueepilepsy,2021-12-28,2,7,28,0,1255,40,0,92,12451.203273139836,6.0,12579.0,41.0,315.0,2.0,1.0,2.0,2.0,3.0,1.0,1.0,1.0,1.0,1.0,,1.0,,3.0,,,,,,
afflictedrevenueepilepsy,2021-12-29,1,0,38,0,1296,45,0,42,11005.861989396548,433.0,18258.0,45.0,248.0,2.0,1.0,2.0,2.0,3.0,1.0,1.0,1.0,1.0,,,,,,1.0,1.0,,,,1.0
afflictedrevenueepilepsy,2021-12-30,0,14,25,0,1332,28,0,30,10656.908997736671,318.0,17251.0,36.0,256.0,2.0,1.0,2.0,2.0,3.0,2.0,1.0,1.0,2.0,,,,,,1.0,,3.3333333333333335,,1.0,
afflictedrevenueepilepsy,2021-12-31,0,5,41,0,457,62,0,64,13696.525112189473,377.0,9450.0,47.0,146.0,2.0,2.0,2.0,3.0,3.0,2.0,2.0,2.0,2.0,,,1.75,,,1.0,1.0,3.5,,,2.0
afflictedrevenueepilepsy,2022-01-01,39,0,67,0,518,95,0,152,15654.148111705814,304.0,13320.0,50.0,103.0,1.0909090909090908,1.6363636363636365,1.1818181818181819,1.3636363636363635,1.5454545454545454,1.1818181818181819,1.1818181818181819,1.0909090909090908,1.1818181818181819,,,,,,,,,,,
afflictedrevenueepilepsy,2022-01-02,0,5,21,0,596,56,0,50,14524.39995833798,325.0,21148.0,39.0,156.0,1.2222222222222223,1.2222222222222223,1.3333333333333333,1.5555555555555556,1.4444444444444444,1.0,1.0,1.0,1.0,,,,,,,,,,,
afflictedrevenueepilepsy,2022-01-03,57,0,37,0,560,94,0,72,17236.878273955434,353.0,11099.0,64.0,,1.0,1.0769230769230769,1.1538461538461537,1.3076923076923077,1.3076923076923077,1.0,1.0,1.2307692307692308,1.0,,,,,,,,,,,
afflictedrevenueepilepsy,2022-01-04,69,0,23,0,841,68,0,72,14046.89377758058,414.0,12138.0,48.0,27.0,1.0,1.0,1.5454545454545454,1.0909090909090908,1.5454545454545454,1.0,1.0,1.0,1.0,,,,,,,,,,,
afflictedrevenueepilepsy,2022-01-05,64,1,40,0,1129,74,0,101,15029.08134666153,349.0,11341.0,50.0,52.0,1.0,2.0,2.0,2.0,2.0,1.0,1.0,1.0,1.0,,4.75,1.8,,,,,2.0,,,1.0
afflictedrevenueepilepsy,2022-01-06,53,2,39,0,1094,87,0,127,17455.99460537563,358.0,12340.0,54.0,65.0,1.0,1.0,2.0,3.0,3.0,1.0,1.0,1.0,1.0,,3.0,,,,,,,,,1.0
afflictedrevenueepilepsy,2022-01-07,30,10,54,0,1132,97,0,91,13575.418661544674,451.0,12483.0,68.0,94.0,1.0,1.0,2.0,2.0,2.0,1.0,1.0,2.0,1.0,1.0,,,1.0,5.0,,,,,,
afflictedrevenueepilepsy,2022-01-08,31,0,59,0,1175,64,0,89,13979.45376449086,408.0,10501.0,33.0,91.0,1.0,2.0,2.0,3.0,2.0,1.0,1.0,1.0,1.0,,,1.0,,,1.0,1.0,,1.0,,
afflictedrevenueepilepsy,2022-01-09,11,0,66,0,1195,50,0,89,14759.769735256265,623.0,15705.0,34.0,85.0,2.0,1.0,2.0,2.0,2.0,1.0,1.0,1.0,1.0,,,,,,,1.0,,1.0,,1.0
afflictedrevenueepilepsy,2022-01-10,74,1,22,0,1118,95,0,103,17421.812198830914,264.0,11854.0,49.0,73.0,1.0,1.0,4.0,2.0,2.0,3.0,3.0,3.0,4.0,,5.0,,,5.0,,,1.0,,2.3333333333333335,
afflictedrevenueepilepsy,2022-01-11,72,0,33,0,1052,69,0,55,15876.71922023515,484.0,11053.0,56.0,64.0,1.0,1.0,4.0,2.0,2.0,1.0,1.0,1.0,1.0,1.0,,,,5.0,1.0,,,,,
afflictedrevenueepilepsy,2022-01-12,63,1,35,0,632,80,0,66,13236.34153378056,446.0,16831.0,68.0,90.0,1.0,1.0,4.0,2.0,2.0,2.0,1.0,2.0,2.0,1.0,,,1.0,,1.0,,,,,1.0
afflictedrevenueepilepsy,2022-01-13,95,0,33,0,579,132,0,90,12339.290811728071,260.0,24170.0,68.0,137.0,2.0,1.0,3.0,2.0,1.0,2.0,2.0,3.0,3.0,,,,,5.0,,,2.0,,1.0,2.3333333333333335
afflictedrevenueepilepsy,2022-01-14,1,0,3,0,867,5,0,5,3803.031685192116,274.0,14747.0,48.0,209.0,2.0,1.0,4.0,1.0,2.0,1.0,1.0,2.0,1.0,,,,1.0,,,3.6,1.0,,,2.2
afflictedrevenueepilepsy,2022-01-15,67,0,29,0,1095,70,0,150,13863.464732929082,0.0,17896.0,42.0,139.0,1.0769230769230769,1.0769230769230769,1.5384615384615385,1.0769230769230769,1.2307692307692308,1.0,1.0769230769230769,1.1538461538461537,1.0,,,,,,,,,,,
afflictedrevenueepilepsy,2022-01-16,0,0,4,0,1320,30,0,50,8270.011206359362,562.0,25764.0,33.0,301.0,1.0909090909090908,1.0,1.1818181818181819,1.0,2.4545454545454546,1.0909090909090908,1.0,1.2727272727272727,1.0,,,,,,,,,,,
afflictedrevenueepilepsy,2022-01-17,28,0,26,0,1222,31,0,46,8254.324738794341,680.0,14659.0,36.0,339.0,1.0,1.0,1.3333333333333333,1.0,1.2222222222222223,1.0,1.0,1.0,1.0,,,,,,,,,,,
afflictedrevenueepilepsy,2022-01-18,68,5,33,0,590,86,0,62,15866.184071692673,513.0,14228.0,57.0,169.0,1.0,1.1428571428571428,1.0714285714285714,1.3571428571428572,1.3571428571428572,1.0,1.0,1.2857142857142858,1.0,,,,,,,,,,,
afflictedrevenueepilepsy,2022-01-19,56,0,39,0,634,96,0,49,15075.048891269227,371.0,8553.0,49.0,49.0,1.0,1.0,2.0,1.0,2.0,1.0,1.0,1.0,1.0,,4.666666666666667,,,,1.6666666666666667,,1.0,,,
afflictedrevenueepilepsy,2022-01-20,71,1,37,0,465,62,0,55,17995.879493176133,374.0,11420.0,29.0,38.0,1.0,2.0,2.0,3.0,2.0,1.0,1.0,1.0,1.0,,,,,,1.0,,,1.0,,
afflictedrevenueepilepsy,2022-01-21,22,2,34,0,616,73,0,54,9797.402115749506,524.0,18904.0,45.0,141.0,2.0,1.0,3.0,2.0,2.0,1.0,2.0,2.0,1.0,,3.8,,,,,,,,,
afflictedrevenueepilepsy,2022-01-22,39,1,42,0,524,52,0,65,11506.993391766238,550.0,14425.0,39.0,238.0,2.0,2.0,2.0,2.0,3.0,1.0,1.0,2.0,1.0,4.0,3.3333333333333335,,,,1.0,1.0,,,1.0,
afflictedrevenueepilepsy,2022-01-23,28,9,37,0,648,56,0,33,14301.930278279431,561.0,14988.0,39.0,190.0,1.0,2.0,2.0,2.0,1.0,1.0,1.0,2.0,2.0,,,1.0,,,,1.0,,1.0,,
afflictedrevenueepilepsy,2022-01-24,64,1,31,0,578,102,0,89,19571.11559380713,343.0,12322.0,50.0,97.0,1.0,1.0,2.0,2.0,2.0,1.0,1.0,2.0,1.0,,,,,,,,,1.0,,
afflictedrevenueepilepsy,2022-01-25,68,0,7,0,590,26,0,9,10768.776480960938,409.0,13458.0,52.0,,2.0,1.0,4.0,1.0,2.0,1.0,1.0,2.0,1.0,,2.3333333333333335,,1.75,,,4.0,,,1.0,1.0
afflictedrevenueepilepsy,2022-01-26,67,0,24,0,677,48,0,45,13032.678969855197,447.0,14576.0,43.0,,2.0,1.0,3.0,2.0,2.0,2.0,2.0,3.0,1.0,,,,,,,1.0,,,,
afflictedrevenueepilepsy,2022-01-27,72,0,11,0,1236,52,0,40,8309.313976325222,516.0,20637.0,68.0,142.0,1.0,1.0,4.0,1.0,2.0,2.0,2.0,3.0,1.0,,,,,,,,,1.0,2.4,
afflictedrevenueepilepsy,2022-01-28,0,0,5,0,1377,10,0,24,5638.999037360398,410.0,13834.0,46.0,163.0,1.0,1.0,1.4166666666666667,1.0833333333333333,1.5,1.1666666666666667,1.0,1.3333333333333333,1.0833333333333333,,,,,,,,,,,
afflictedrevenueepilepsy,2022-01-29,114,0,12,0,1000,32,0,22,4832.934615055805,802.0,24792.0,32.0,219.0,1.1818181818181819,1.0,1.2727272727272727,1.0,1.9090909090909092,1.0,1.0,1.0,1.0,,,,,,,,,,,
afflictedrevenueepilepsy,2022-01-30,14,0,28,0,1245,30,0,90,13767.332009302598,389.0,16856.0,35.0,217.0,1.1,1.5,3.1,1.1,1.6,1.2,1.2,1.1,1.1,,,,,,,,,,,
afflictedrevenueepilepsy,2022-01-31,81,0,21,0,1188,60,0,59,12202.607099636178,291.0,17587.0,47.0,226.0,1.1818181818181819,1.0,1.8181818181818181,1.0,1.2727272727272727,1.1818181818181819,1.1818181818181819,1.0,1.1818181818181819,,,,,,,,,,,
afflictedrevenueepilepsy,2022-02-01,30,0,7,0,1297,46,0,29,6402.24693201502,200.0,13892.0,44.0,227.0,1.0,2.0,2.0,1.0,2.0,1.0,1.0,1.0,1.0,1.0,,,,,,1.0,,,,
afflictedrevenueepilepsy,2022-02-02,71,1,35,0,879,66,0,81,17845.751639686692,524.0,9278.0,42.0,167.0,2.0,1.0,2.0,2.0,2.0,1.0,1.0,1.0,1.0,,,,1.0,,,,2.2,1.0,,
afflictedrevenueepilepsy,2022-02-03,56,2,33,0,612,84,0,66,15785.740172663876,318.0,13691.0,48.0,137.0,1.0,1.0,2.0,2.0,2.0,2.0,1.0,1.0,2.0,1.0,3.3333333333333335,1.0,,,,,,,,
afflictedrevenueepilepsy,2022-02-04,0,0,9,0,602,24,0,41,10408.851267337166,406.0,13645.0,39.0,198.0,2.0,1.0,2.0,2.0,2.0,1.0,1.0,1.0,1.0,1.0,,,,,,,1.0,,,
afflictedrevenueepilepsy,2022-02-05,69,9,51,0,441,77,0,50,11028.67013528548,483.0,13461.0,27.0,177.0,2.0,4.0,3.0,3.0,2.0,1.0,2.0,2.0,2.0,1.0,,1.0,3.0,,,1.0,,,,
afflictedrevenueepilepsy,2022-02-06,15,5,56,0,565,75,0,130,20877.63624932659,418.0,10656.0,29.0,100.0,1.0,1.0,2.0,2.0,1.0,1.0,1.0,1.0,1.0,1.0,4.833333333333333,1.0,,,,,,1.0,1.0,
afflictedrevenueepilepsy,2022-02-07,60,2,24,0,623,73,0,65,14956.04385117932,494.0,10681.0,42.0,80.0,1.0,1.0,3.0,2.0,1.0,1.0,1.0,1.0,1.0,1.0,3.2,,,,1.0,,,,,
afflictedrevenueepilepsy,2022-02-08,86,1,42,0,501,85,0,74,13217.205266011117,446.0,10776.0,26.0,70.0,1.0,3.0,3.0,2.0,2.0,1.0,1.0,2.0,1.0,,,1.0,,5.0,,,,1.0,1.0,
afflictedrevenueepilepsy,2022-02-09,82,0,55,0,601,89,0,73,15224.968310119964,290.0,15153.0,56.0,93.0,1.0,1.0,3.0,2.0,1.0,2.0,2.0,3.0,2.0,1.0,,,1.0,,1.0,,,,,
afflictedrevenueepilepsy,2022-02-10,58,3,32,0,657,94,0,82,14864.753252080194,367.0,18229.0,46.0,250.0,2.0,2.0,2.0,2.0,2.0,2.0,2.0,2.0,2.0,,1.0,1.0,,,,,,1.0,,1.0
afflictedrevenueepilepsy,2022-02-11,0,0,7,0,630,22,0,52,11133.778363236916,402.0,18795.0,40.0,347.0,1.1428571428571428,1.1428571428571428,1.3571428571428572,1.3571428571428572,1.5714285714285714,1.0,1.0,1.1428571428571428,1.0,,,,,,,,,,,
afflictedrevenueepilepsy,2022-02-12,20,16,42,0,519,55,0,134,12044.11325986018,452.0,12045.0,45.0,274.0,1.0,1.0833333333333333,1.0833333333333333,1.6666666666666667,1.5833333333333333,1.0,1.0,1.0,1.0,,,,,,,,,,,
afflictedrevenueepilepsy,2022-02-13,9,8,52,0,516,86,0,114,18852.07817606208,478.0,5719.0,42.0,117.0,1.0,1.0,1.5,1.4285714285714286,1.1428571428571428,1.0,1.0,1.0,1.0,,,,,,,,,,,
afflictedrevenueepilepsy,2022-02-14,58,1,29,0,636,101,0,76,15474.140910945953,477.0,15204.0,45.0,134.0,1.0833333333333333,1.4166666666666667,1.4166666666666667,1.8333333333333333,1.75,1.0,1.0,1.0,1.0,,,,,,,,,,,
afflictedrevenueepilepsy,2022-02-15,0,0,7,0,998,14,0,12,7651.915838531558,603.0,14416.0,35.0,219.0,1.0,1.0,2.0,1.0,2.0,1.0,1.0,2.0,1.0,,1.0,1.0,1.0,,,,,1.0,,
afflictedrevenueepilepsy,2022-02-16,65,2,38,0,1137,90,0,68,15559.418782798715,455.0,10176.0,40.0,163.0,1.0,2.0,2.0,2.0,2.0,1.0,1.0,1.0,1.0,,,,1.75,,1.0,,2.1666666666666665,,,
afflictedrevenueepilepsy,2022-02-17,78,1,33,0,1127,92,0,76,13256.284801863512,424.0,14694.0,58.0,119.0,1.0,2.0,3.0,2.0,2.0,1.0,1.0,2.0,2.0,,3.142857142857143,,,,,2.7777777777777777,2.75,1.0,,
afflictedrevenueepilepsy,2022-02-18,31,1,35,0,1217,43,0,54,12242.23328492794,420.0,16080.0,43.0,134.0,1.0,2.0,2.0,2.0,2.0,2.0,2.0,1.0,3.0,,,,,,,,1.0,,1.0,
afflictedrevenueepilepsy,2022-02-19,10,16,44,0,605,80,0,105,14532.8752134204,532.0,17806.0,51.0,200.0,1.0,3.0,2.0,3.0,3.0,1.0,1.0,1.0,1.0,,,1.0,,,,,,1.0,1.0,
afflictedrevenueepilepsy,2022-02-20,24,1,64,0,561,94,0,113,20479.37180229072,410.0,8677.0,22.0,211.0,1.0,2.0,2.0,3.0,2.0,1.0,1.0,1.0,1.0,,,,,,,,,,1.0,1.0
afflictedrevenueepilepsy,2022-02-21,70,3,20,0,521,81,0,67,13175.265411142296,433.0,16340.0,50.0,176.0,2.0,2.0,3.0,3.0,2.0,1.0,1.0,2.0,1.0,,,,,,,,1.0,,1.0,
afflictedrevenueepilepsy,2022-02-22,23,0,9,0,651,55,0,21,8027.091922186297,448.0,20005.0,45.0,350.0,2.0,2.0,3.0,1.0,2.0,1.0,1.0,1.0,1.0,1.0,,1.0,1.0,1.0,,5.0,,2.3333333333333335,,
afflictedrevenueepilepsy,2022-02-23,78,4,31,0,851,70,0,54,15841.51777467432,322.0,14625.0,54.0,329.0,1.0,2.0,2.0,2.0,2.0,1.0,1.0,2.0,2.0,1.0,,,,,,2.8333333333333335,,,1.0,
afflictedrevenueepilepsy,2022-02-24,71,4,29,0,1050,118,0,135,13901.392425738668,411.0,18345.0,42.0,178.0,1.0,1.25,1.5833333333333333,1.25,1.1666666666666667,1.0,1.0,1.1666666666666667,1.0,,,,,,,,,,,
afflictedrevenueepilepsy,2022-02-25,19,0,1,0,1355,24,0,7,7921.039963344666,383.0,18176.0,41.0,224.0,1.1818181818181819,1.0,1.4545454545454546,1.0,2.3636363636363638,1.0,1.0,1.0,1.0,,,,,,,,,,,
afflictedrevenueepilepsy,2022-02-26,44,15,52,0,1163,74,0,63,13943.318012562471,577.0,12137.0,38.0,220.0,1.0,1.6428571428571428,2.0,1.2857142857142858,1.7142857142857142,1.0,1.0,1.0,1.0,,,,,,,,,,,
afflictedrevenueepilepsy,2022-02-27,24,0,81,0,1095,71,0,144,17262.243296066084,443.0,14538.0,32.0,166.0,1.0,1.0,2.0,1.3,1.6,1.0,1.0,1.2,1.0,,,,,,,,,,,
afflictedrevenueepilepsy,2022-02-28,79,0,29,0,1109,96,0,84,16433.123156448077,349.0,7402.0,25.0,101.0,1.0,2.0,2.0,2.0,2.0,1.0,1.0,2.0,1.0,1.0,2.4,,1.0,,,,2.3333333333333335,,,1.0
afflictedrevenueepilepsy,2022-03-01,82,0,36,0,1133,54,0,62,12470.2917731224,529.0,9479.0,26.0,28.0,1.0,1.0,3.0,2.0,2.0,1.0,1.0,2.0,1.0,1.0,1.6,,,5.0,,3.625,,,,
afflictedrevenueepilepsy,2022-03-02,73,6,40,0,1151,93,0,38,14230.988343988403,244.0,12189.0,37.0,75.0,1.0,1.0,3.0,2.0,2.0,1.0,1.0,2.0,1.0,,,,1.0,,,1.0,,,1.75,1.0
afflictedrevenueepilepsy,2022-03-03,65,0,14,0,1183,80,0,46,13095.21883846958,373.0,17637.0,54.0,171.0,2.0,1.0,3.0,2.0,2.0,2.0,2.0,3.0,2.0,,2.25,1.4285714285714286,1.0,,,,,,,
afflictedrevenueepilepsy,2022-03-04,20,1,21,0,793,65,0,126,14639.224925086031,326.0,8048.0,34.0,144.0,2.0,1.0,3.0,2.0,2.0,2.0,3.0,4.0,3.0,,3.5,2.0,1.0,,,1.0,,1.0,,
afflictedrevenueepilepsy,2022-03-05,29,25,62,0,1093,112,0,95,12472.103034439688,212.0,8955.0,39.0,78.0,2.0,3.0,2.0,3.0,3.0,1.0,1.0,1.0,1.0,,3.0,1.0,,5.0,,,3.6666666666666665,,1.0,
afflictedrevenueepilepsy,2022-03-06,22,1,69,0,1083,66,0,171,16822.29856909953,14.0,11733.0,27.0,74.0,1.0,1.0,2.0,2.0,2.0,1.0,1.0,1.0,1.0,,,,,,1.0,1.0,,,1.0,
afflictedrevenueepilepsy,2022-03-07,54,5,31,0,1091,96,0,125,18313.758542760774,344.0,11841.0,35.0,98.0,1.0,1.0,3.0,2.0,2.0,1.0,1.0,1.0,1.0,,4.5,,,,,1.0,,,,1.0
afflictedrevenueepilepsy,2022-03-08,78,2,33,0,1173,63,0,52,13633.50627719885,457.0,9047.0,20.0,70.0,1.0,1.0,3.0,2.0,2.0,1.0,2.0,1.0,2.0,,2.0,,,,1.0,,4.5,1.0,,
afflictedrevenueepilepsy,2022-03-09,84,1,33,0,1136,80,0,72,15510.30808406575,388.0,14169.0,44.0,77.0,1.0,2.0,2.0,2.0,2.0,2.0,1.0,1.0,1.0,,,,,5.0,1.8,,,1.0,1.0,1.0
afflictedrevenueepilepsy,2022-03-10,53,2,74,0,1110,80,0,77,15964.824519186022,345.0,13759.0,44.0,130.0,2.0,1.0,3.0,2.0,2.0,2.0,2.0,2.0,2.0,,,,1.0,,,,2.625,,,
afflictedrevenueepilepsy,2022-03-11,7,1,23,0,1279,54,0,49,11003.264199223466,390.0,15608.0,73.0,171.0,1.0625,1.125,1.625,1.1875,1.375,1.1875,1.3125,1.625,1.3125,,,,,,,,,,,
afflictedrevenueepilepsy,2022-03-12,23,18,30,0,1263,34,0,32,11762.98233617391,443.0,9179.0,27.0,150.0,1.0769230769230769,1.3846153846153846,2.076923076923077,1.4615384615384615,1.6153846153846154,1.0,1.0,1.0,1.0,,,,,,,,,,,
afflictedrevenueepilepsy,2022-03-13,12,2,60,0,1120,87,0,74,16028.70329248657,525.0,12059.0,31.0,,1.0833333333333333,1.4166666666666667,1.75,1.25,1.25,1.0,1.0,1.0,1.0,,,,,,,,,,,
afflictedrevenueepilepsy,2022-03-14,82,1,19,0,1162,83,0,57,13843.434761049262,363.0,16644.0,49.0,112.0,1.0,1.0,2.1,1.2,1.9,1.1,1.0,1.0,1.0,,,,,,,,,,,
afflictedrevenueepilepsy,2022-03-15,76,0,18,0,1051,49,0,34,7995.305784597185,535.0,10315.0,51.0,151.0,1.0,1.0,4.0,1.0,2.0,2.0,2.0,3.0,1.0,1.0,,,,,,3.75,,,,
afflictedrevenueepilepsy,2022-03-16,76,0,31,0,571,64,0,43,16580.519282725327,433.0,11353.0,44.0,,2.0,1.0,2.0,2.0,2.0,2.0,2.0,3.0,1.0,1.0,5.0,1.75,,,,1.0,,,2.0,
afflictedrevenueepilepsy,2022-03-17,71,0,13,0,833,32,0,21,8046.112745522407,331.0,19471.0,53.0,,1.0,1.0,2.0,1.0,2.0,2.0,2.0,2.0,2.0,,,,,2.75,1.8,,,,,2.142857142857143
afflictedrevenueepilepsy,2022-03-18,0,0,0,0,1364,14,0,29,7408.280964825983,512.0,19789.0,64.0,163.0,2.0,1.0,2.0,1.0,2.0,2.0,2.0,2.0,2.0,,,,1.0,,,,4.0,,1.5,1.6
afflictedrevenueepilepsy,2022-03-19,29,18,43,0,1100,55,0,113,12896.116996001958,470.0,20944.0,48.0,372.0,1.0,2.0,2.0,2.0,2.0,1.0,1.0,1.0,1.0,1.0,,,,,,,,,,1.0
afflictedrevenueepilepsy,2022-03-20,31,1,53,0,1011,83,0,176,14870.87253817926,406.0,18300.0,32.0,,1.0,3.0,3.0,3.0,2.0,2.0,2.0,2.0,2.0,,1.0,1.0,1.6666666666666667,5.0,,,,,,
afflictedrevenueepilepsy,2022-03-21,67,9,46,0,1130,60,0,68,13904.442089328504,529.0,8091.0,39.0,200.0,1.0,1.0,2.0,2.0,1.0,3.0,1.0,1.0,3.0,,4.714285714285714,,,,1.0,,,,1.0,1.0
afflictedrevenueepilepsy,2022-03-22,66,0,31,0,1178,56,0,53,13954.149006507,460.0,10414.0,39.0,137.0,2.0,1.0,2.0,2.0,2.0,2.0,2.0,2.0,2.0,,3.8,,1.4285714285714286,,,,,,,2.2
afflictedrevenueepilepsy,2022-03-23,79,0,41,0,1195,51,0,19,11415.354097352523,511.0,20512.0,27.0,42.0,1.0,1.0,2.0,1.0,2.0,2.0,1.0,2.0,1.0,,3.4285714285714284,1.0,,,,,,,1.375,5.0
afflictedrevenueepilepsy,2022-03-24,81,0,14,0,1218,58,0,20,8151.529921700405,531.0,15424.0,65.0,217.0,1.0909090909090908,1.0,1.4545454545454546,1.0,1.4545454545454546,1.6363636363636365,1.7272727272727273,1.7272727272727273,1.1818181818181819,,,,,,,,,,,
afflictedrevenueepilepsy,2022-03-25,0,0,0,0,1405,3,0,2,5775.0120708120685,242.0,24025.0,61.0,250.0,1.2307692307692308,1.0,1.3846153846153846,1.0,1.5384615384615385,1.7692307692307692,1.7692307692307692,1.6923076923076923,1.4615384615384615,,,,,,,,,,,
afflictedrevenueepilepsy,2022-03-26,81,1,8,0,1193,41,0,54,8187.371412834951,320.0,21480.0,45.0,275.0,1.0,2.4,1.4,1.2,2.0,1.0,1.0,1.0,1.0,,,,,,,,,,,
afflictedrevenueepilepsy,2022-03-27,39,0,10,0,1254,37,0,24,5754.364541723598,519.0,24013.0,31.0,318.0,1.0833333333333333,1.0,2.1666666666666665,1.0,1.6666666666666667,1.0833333333333333,1.0833333333333333,1.25,1.0,,,,,,,,,,,
afflictedrevenueepilepsy,2022-03-28,37,0,6,0,1171,93,0,61,13604.963001339824,255.0,18752.0,69.0,278.0,1.0,1.0,3.0,1.0,1.0,1.0,1.0,1.0,1.0,,,,1.0,,,,,,,
afflictedrevenueepilepsy,2022-03-29,0,0,0,0,1388,10,0,10,5148.808327786566,219.0,15563.0,22.0,291.0,2.0,1.0,3.0,1.0,2.0,1.0,1.0,1.0,1.0,1.0,,1.5,,,,,,1.0,,
afflictedrevenueepilepsy,2022-03-30,11,1,0,0,1268,46,0,63,9859.591085287591,122.0,33003.0,52.0,252.0,,,,,,,,,,,1.6,,1.0,,1.0,,,1.0,,
afflictedrevenueepilepsy,2022-03-31,43,3,18,0,1161,89,0,69,10066.299494065992,420.0,20327.0,57.0,419.0,2.0,3.0,2.0,2.0,3.0,1.0,1.0,1.0,1.0,,,,,1.0,,,2.2,1.0,1.0,
afflictedrevenueepilepsy,2022-04-01,12,0,20,0,1171,63,0,63,9157.783289450215,483.0,10957.0,48.0,334.0,1.0,3.0,3.0,2.0,3.0,1.0,1.0,1.0,1.0,,2.0,,3.0,,1.8,1.5,2.1666666666666665,,,1.75
afflictedrevenueepilepsy,2022-04-02,1,0,1,0,1330,29,0,37,8254.268707110099,496.0,13382.0,35.0,146.0,1.0,2.0,2.0,1.0,2.0,2.0,2.0,2.0,3.0,,,,,,,,2.0,1.6666666666666667,1.0,
afflictedrevenueepilepsy,2022-04-03,0,0,4,0,1358,17,0,26,7027.882629472071,205.0,7723.0,42.0,161.0,1.0,2.0,2.0,1.0,3.0,1.0,1.0,1.0,1.0,,,1.6,,,,,,1.0,,1.75
afflictedrevenueepilepsy,2022-04-04,53,0,18,0,1186,85,0,36,8216.27853648415,123.0,15195.0,43.0,146.0,2.0,2.0,3.0,1.0,2.0,1.0,1.0,1.0,1.0,,1.75,,,1.0,,,,,,1.0
afflictedrevenueepilepsy,2022-04-05,28,0,3,0,1303,39,0,31,12129.794030144049,82.0,12646.0,53.0,38.0,1.0,1.0,3.0,1.0,3.0,1.0,1.0,1.0,1.0,,3.0,,,,1.75,,2.5,,,1.0
afflictedrevenueepilepsy,2022-04-06,71,0,17,0,1150,91,0,49,8685.50381596879,51.0,14947.0,49.0,58.0,1.0,1.0,3.0,1.0,2.0,2.0,2.0,2.0,2.0,,,,1.0,,1.0,2.5,,,,
afflictedrevenueepilepsy,2022-04-07,69,1,22,0,1186,63,0,47,11471.553611163024,348.0,9633.0,31.0,87.0,2.0,1.0,3.0,1.0,2.0,2.0,2.0,2.0,1.0,,,,,1.0,1.0,,,,,
afflictedrevenueepilepsy,2022-04-08,0,0,0,0,1377,18,0,9,8009.021841328225,378.0,16294.0,52.0,95.0,1.1538461538461537,1.0,1.5384615384615385,1.0,1.3076923076923077,1.2307692307692308,1.1538461538461537,1.0,1.0769230769230769,,,,,,,,,,,
afflictedrevenueepilepsy,2022-04-09,0,0,1,0,1368,7,0,30,5389.49526661879,603.0,9898.0,34.0,168.0,1.0769230769230769,1.0,1.6923076923076923,1.0,2.3846153846153846,1.1538461538461537,1.0,1.1538461538461537,1.0,,,,,,,,,,,
afflictedrevenueepilepsy,2022-04-10,30,0,24,0,1173,44,0,70,10979.984496458776,517.0,8018.0,52.0,198.0,1.0,1.3333333333333333,2.3333333333333335,1.3333333333333333,1.1666666666666667,1.0833333333333333,1.0,1.0,1.0,,,,,,,,,,,
afflictedrevenueepilepsy,2022-04-11,58,0,11,0,1164,55,0,27,11659.1482003921,457.0,9580.0,38.0,74.0,1.0,1.2222222222222223,1.3333333333333333,1.0,1.3333333333333333,1.0,1.0,1.0,1.0,,,,,,,,,,,
afflictedrevenueepilepsy,2022-04-12,28,0,5,0,1300,32,0,36,11824.445651233056,281.0,10536.0,50.0,42.0,1.0,1.0,2.0,1.0,2.0,2.0,1.0,1.0,1.0,,4.5,,,,,1.5,2.2,1.0,1.0,1.0
afflictedrevenueepilepsy,2022-04-13,62,0,43,0,1095,113,0,55,11819.059743123267,317.0,10585.0,43.0,71.0,1.0,2.0,2.0,2.0,2.0,1.0,1.0,1.0,1.0,,3.2,,1.0,,,,,,1.0,
afflictedrevenueepilepsy,2022-04-14,91,2,17,0,1083,82,0,97,10363.257302548967,398.0,13541.0,37.0,53.0,1.0,2.0,2.0,2.0,2.0,1.0,1.0,2.0,1.0,,3.5714285714285716,,1.0,,1.0,,,,2.4,
afflictedrevenueepilepsy,2022-04-15,29,0,4,0,1297,44,0,23,6479.313059443544,423.0,12195.0,33.0,23.0,1.0,1.0,3.0,1.0,2.0,2.0,2.0,2.0,1.0,,,1.6666666666666667,,,,1.0,5.0,,,
afflictedrevenueepilepsy,2022-04-16,1,0,1,0,1347,31,0,22,6626.945623498679,353.0,10842.0,41.0,64.0,1.0,1.0,2.0,1.0,3.0,1.0,1.0,2.0,1.0,,,1.0,1.0,1.0,1.0,3.4285714285714284,,1.0,,
afflictedrevenueepilepsy,2022-04-17,24,0,11,0,1291,41,0,27,13458.233659273355,412.0,11151.0,38.0,138.0,1.0,1.0,2.0,1.0,3.0,1.0,1.0,1.0,1.0,,,,,,1.0,4.0,,1.0,1.0,
afflictedrevenueepilepsy,2022-04-18,84,0,29,0,1096,75,0,81,8480.316150416946,317.0,10472.0,42.0,122.0,1.0,2.0,3.0,2.0,2.0,1.0,1.0,1.0,1.0,,,,,,,,1.75,,,2.0
afflictedrevenueepilepsy,2022-04-19,27,7,10,0,1267,54,0,30,9053.354473427024,471.0,8408.0,42.0,45.0,1.0,1.0,2.0,1.0,3.0,1.0,1.0,1.0,1.0,,3.0,1.0,,1.0,,1.8,,,,1.875
afflictedrevenueepilepsy,2022-04-20,51,0,15,0,1218,53,0,41,13593.109421287894,396.0,12564.0,29.0,36.0,1.0,1.0,3.0,1.0,3.0,1.0,1.0,1.0,1.0,1.5714285714285714,,,,,1.0,,2.6,,,1.4285714285714286
afflictedrevenueepilepsy,2022-04-21,78,0,12,0,1166,63,0,54,10960.515919114758,466.0,12145.0,36.0,102.0,1.0,2.0,3.0,1.0,3.0,1.0,1.0,1.0,1.0,1.0,,1.0,,,,2.8,,,,
afflictedrevenueepilepsy,2022-04-22,28,1,21,0,1250,53,0,39,9316.446111467703,427.0,14967.0,91.0,117.0,1.0,1.0,2.0,2.0,4.0,1.0,1.0,1.0,1.0,,2.5,,,,,,,,,1.0
afflictedrevenueepilepsy,2022-04-23,0,15,25,0,1306,34,0,22,7166.858601634569,516.0,12647.0,50.0,95.0,1.0,1.1428571428571428,1.8571428571428572,1.3571428571428572,2.4285714285714284,1.0,1.0,1.0,1.0,,,,,,,,,,,
afflictedrevenueepilepsy,2022-04-24,34,1,48,0,1004,104,0,173,1248.0312731973168,0.0,9439.0,50.0,91.0,1.0,1.0833333333333333,1.0833333333333333,1.1666666666666667,1.3333333333333333,1.0,1.0,1.1666666666666667,1.0,,,,,,,,,,,
afflictedrevenueepilepsy,2022-04-25,50,0,26,0,1171,83,0,63,64.55717756338639,0.0,9404.0,47.0,78.0,1.0,1.0,1.7692307692307692,1.3076923076923077,1.8461538461538463,1.0,1.0,1.1538461538461537,1.0,,,,,,,,,,,
afflictedrevenueepilepsy,2022-04-26,15,0,21,0,1278,43,0,35,9431.013278648374,55.0,9961.0,36.0,41.0,1.0,1.0,2.0,1.2,1.4,1.0,1.0,1.1333333333333333,1.0,,,,,,,,,,,
afflictedrevenueepilepsy,2022-04-27,75,0,45,0,1137,59,0,64,10058.993674621754,463.0,13515.0,32.0,61.0,1.0,1.0,3.0,1.0,2.0,2.0,1.0,1.0,2.0,,3.25,,,5.0,1.0,2.5,1.6,1.5,,2.1666666666666665
afflictedrevenueepilepsy,2022-04-28,32,0,16,0,1216,53,0,66,9376.133044729682,147.0,28490.0,56.0,109.0,2.0,1.0,2.0,1.0,2.0,2.0,2.0,2.0,2.0,2.0,5.0,,,,,,,1.0,4.0,
afflictedrevenueepilepsy,2022-04-29,36,4,16,0,782,75,0,51,10868.106056117234,445.0,39341.0,86.0,,2.0,1.0,2.0,2.0,2.0,2.0,2.0,4.0,2.0,1.0,2.6,3.8,,,,1.0,,1.0,,3.3333333333333335
afflictedrevenueepilepsy,2022-04-30,24,0,5,0,1257,54,0,32,6261.812403622367,499.0,21085.0,75.0,59.0,2.0,1.0,3.0,1.0,2.0,2.0,3.0,3.0,2.0,1.0,,2.3333333333333335,,,,1.0,1.75,,3.5,
afflictedrevenueepilepsy,2022-05-01,13,0,11,0,1240,34,0,91,10642.023085552102,578.0,12822.0,28.0,104.0,2.0,1.0,2.0,1.0,2.0,1.0,1.0,1.0,1.0,1.0,3.5,,,,,,,1.0,1.0,
afflictedrevenueepilepsy,2022-05-02,32,2,24,0,890,66,0,64,60.22547641491951,268.0,28656.0,35.0,21.0,,,,,,,,,,,,1.0,1.0,,,,,,,
afflictedrevenueepilepsy,2022-05-03,33,0,3,0,483,31,0,22,4268.588611953721,154.0,57728.0,30.0,,,,,,,,,,,,,1.0,,,,1.0,,,5.0,
afflictedrevenueepilepsy,2022-05-04,32,0,19,0,439,6,0,39,13600.099628936492,496.0,10132.0,39.0,,1.0,2.0,3.0,2.0,1.0,3.0,4.0,4.0,2.0,1.0,,,,3.6666666666666665,,,,,,5.0
afflictedrevenueepilepsy,2022-05-05,9,0,18,0,1120,0,0,163,11688.299912924753,32.0,32423.0,66.0,,1.0,1.0,1.1538461538461537,1.1538461538461537,1.5384615384615385,1.5384615384615385,2.0,1.3076923076923077,1.2307692307692308,,,,,,,,,,,
afflictedrevenueepilepsy,2022-05-06,53,0,41,0,842,0,0,167,10507.925462007752,478.0,23888.0,84.0,,1.0,1.3333333333333333,1.3333333333333333,1.2666666666666666,1.4666666666666666,1.4,1.5333333333333334,1.3333333333333333,1.4666666666666666,,,,,,,,,,,
afflictedrevenueepilepsy,2022-05-07,20,0,35,0,732,0,0,446,7383.12325642034,243.0,36848.0,63.0,,1.0,1.0666666666666667,1.7333333333333334,1.0,2.6666666666666665,1.0666666666666667,1.0,1.0,1.0,,,,,,,,,,,
afflictedrevenueepilepsy,2022-05-08,16,0,65,0,1088,3,0,197,8013.116114334411,578.0,14777.0,61.0,,1.0,1.3076923076923077,1.3076923076923077,1.1538461538461537,1.9230769230769231,1.0,1.0,1.0,1.0,,,,,,,,,,,
afflictedrevenueepilepsy,2022-05-09,40,0,87,0,883,8,0,143,16469.72797261038,279.0,13548.0,56.0,,1.0,2.0,3.0,2.0,2.0,2.0,1.0,2.0,1.0,1.0,,,,,1.0,1.8571428571428572,2.0,,,1.0
afflictedrevenueepilepsy,2022-05-10,46,0,23,0,1006,10,0,148,12519.83778789679,274.0,16874.0,60.0,,1.0,1.0,2.0,2.0,3.0,1.0,1.0,1.0,1.0,1.0,,,1.0,4.0,,,,,,1.0
afflictedrevenueepilepsy,2022-05-11,9,0,38,0,486,1,0,67,327.4711812289309,212.0,7729.0,18.0,,,,,,,,,,,,,,,5.0,,,,,,1.0
afflictedrevenueepilepsy,2022-05-12,40,0,4,0,564,18,0,18,9585.087879065948,332.0,17637.0,45.0,,,,,,,,,,,,,,,,2.75,,1.8,,,
afflictedrevenueepilepsy,2022-05-13,49,0,7,0,1236,44,0,51,10951.381558590929,371.0,22126.0,59.0,118.0,1.0,1.0,2.0,2.0,3.0,1.0,1.0,1.0,1.0,1.5,,,,,,1.0,,,,1.0
afflictedrevenueepilepsy,2022-05-14,78,11,45,0,1001,101,0,117,15356.007147257587,163.0,9281.0,43.0,67.0,1.0,2.0,2.0,2.0,3.0,1.0,1.0,1.0,1.0,,3.5,,2.3333333333333335,,1.0,1.0,,,,1.0
afflictedrevenueepilepsy,2022-05-15,12,1,28,0,1144,56,0,154,17413.018414892977,387.0,4960.0,22.0,34.0,1.0,1.0,2.0,3.0,1.0,1.0,1.0,1.0,1.0,,,,,,,,3.0,,,
afflictedrevenueepilepsy,2022-05-16,50,4,23,0,1129,106,0,74,15250.85720220474,304.0,13222.0,43.0,31.0,1.0,2.0,3.0,2.0,2.0,1.0,1.0,1.0,1.0,,,1.0,1.6,,,,,,,
afflictedrevenueepilepsy,2022-05-17,62,0,11,0,1077,86,0,73,13741.16671526527,346.0,12358.0,42.0,78.0,1.0,2.0,2.0,2.0,2.0,1.0,1.0,2.0,1.0,,,,1.0,5.0,,,,,,
afflictedrevenueepilepsy,2022-05-18,48,0,32,0,1138,89,0,61,13522.242825081288,414.0,13134.0,56.0,84.0,2.0,1.0,2.0,2.0,3.0,1.0,1.0,1.0,1.0,1.0,3.1666666666666665,,1.0,,1.0,1.4444444444444444,,,,
afflictedrevenueepilepsy,2022-05-19,44,0,23,0,1212,80,0,39,10232.718521719677,472.0,11885.0,45.0,75.0,1.0,2.0,2.0,2.0,3.0,1.0,1.0,2.0,1.0,,,1.75,,,,,,,1.6,1.0
afflictedrevenueepilepsy,2022-05-20,22,0,15,0,1233,53,0,60,10160.718870008594,374.0,19226.0,68.0,76.0,1.0714285714285714,1.0714285714285714,1.1428571428571428,1.1428571428571428,2.357142857142857,1.0714285714285714,1.0,1.0714285714285714,1.1428571428571428,,,,,,,,,,,
afflictedrevenueepilepsy,2022-05-21,22,11,51,0,1121,95,0,79,12964.19136104441,361.0,12959.0,47.0,103.0,1.0,1.0666666666666667,1.3333333333333333,1.1333333333333333,1.4666666666666666,1.0,1.0,1.4,1.0666666666666667,,,,,,,,,,,
afflictedrevenueepilepsy,2022-05-22,47,0,52,0,1000,106,0,144,14190.942193313298,525.0,13395.0,54.0,41.0,1.0,1.0666666666666667,1.4,1.0666666666666667,1.2,1.0,1.0,1.0,1.0,,,,,,,,,,,
afflictedrevenueepilepsy,2022-05-23,51,1,30,0,1069,120,0,101,12532.898976662016,178.0,14338.0,67.0,46.0,1.0,1.0,1.3846153846153846,1.1538461538461537,1.7692307692307692,1.0,1.0,1.2307692307692308,1.0769230769230769,,,,,,,,,,,
afflictedrevenueepilepsy,2022-05-24,72,0,26,0,1144,73,0,70,13941.371579387507,316.0,9212.0,48.0,51.0,1.0,2.0,2.0,2.0,1.0,1.0,1.0,1.0,1.0,,2.4,,,5.0,1.375,5.0,,1.0,,
afflictedrevenueepilepsy,2022-05-25,52,1,7,0,1224,63,0,39,8504.152475193398,217.0,14037.0,39.0,30.0,2.0,1.0,3.0,1.0,2.0,1.0,1.0,2.0,1.0,1.0,3.3333333333333335,3.2,,,,3.25,,1.0,,1.0
afflictedrevenueepilepsy,2022-05-26,43,0,29,0,1241,57,0,24,10031.835408277388,180.0,5787.0,27.0,94.0,1.0,1.0,2.0,1.0,2.0,2.0,2.0,3.0,2.0,,2.75,,1.0,1.0,1.0,2.8,,1.0,,
afflictedrevenueepilepsy,2022-05-27,17,0,7,0,1307,35,0,19,8226.156568303799,273.0,22010.0,42.0,64.0,1.0,1.0,2.0,2.0,3.0,2.0,1.0,2.0,1.0,1.0,2.75,,,,,4.5,3.0,,1.0,
afflictedrevenueepilepsy,2022-05-28,1,0,0,0,1370,29,0,3,6412.4041171778135,583.0,17498.0,37.0,213.0,2.0,1.0,2.0,1.0,4.0,1.0,1.0,1.0,1.0,,,,1.0,3.75,,,,2.0,,1.0
afflictedrevenueepilepsy,2022-05-29,0,0,1,0,1363,20,0,16,6148.09940804518,313.0,16221.0,34.0,149.0,1.0,2.0,2.0,1.0,3.0,3.0,3.0,3.0,4.0,,4.4,,,,5.0,,1.75,,,
afflictedrevenueepilepsy,2022-05-30,8,0,15,0,1269,39,0,58,12264.777906053012,588.0,23942.0,22.0,78.0,1.0,1.0,1.0,2.0,3.0,1.0,1.0,2.0,1.0,,,1.0,,1.0,,,,,1.4285714285714286,
afflictedrevenueepilepsy,2022-05-31,41,0,9,0,1165,92,0,83,12869.332808329837,546.0,15759.0,26.0,111.0,1.0,1.0,1.0,2.0,2.0,2.0,2.0,2.0,3.0,,3.8,1.8,,,,1.0,2.0,1.0,,
afflictedrevenueepilepsy,2022-06-01,114,2,40,0,1044,98,0,72,15527.14928191734,478.0,6106.0,30.0,26.0,1.0,1.0,2.0,2.0,2.0,1.0,1.0,1.0,1.0,,,,,,,,,1.0,,1.6666666666666667
afflictedrevenueepilepsy,2022-06-02,60,1,38,0,942,128,0,98,16983.58165794161,310.0,17863.0,34.0,2.0,,,,,,,,,,1.0,2.6666666666666665,,,,,,3.142857142857143,1.0,,
afflictedrevenueepilepsy,2022-06-03,76,2,38,0,1012,77,0,146,13562.403286387264,409.0,10899.0,40.0,25.0,1.0,1.0,2.0,2.0,3.0,1.0,1.0,1.0,1.0,1.0,2.3333333333333335,,1.0,,,,,1.4285714285714286,,
afflictedrevenueepilepsy,2022-06-04,74,1,12,0,1102,81,0,103,8825.561698287323,482.0,19808.0,34.0,61.0,1.0,3.0,2.0,2.0,3.0,1.0,1.0,1.0,1.0,,,,,,,1.0,,1.0,1.0,
afflictedrevenueepilepsy,2022-06-05,47,0,61,0,1145,50,0,75,16234.664853370004,453.0,9395.0,26.0,100.0,1.0,2.0,2.0,1.0,2.0,1.0,1.0,1.0,1.0,1.8,3.0,,1.0,,1.0,1.0,,1.0,,
afflictedrevenueepilepsy,2022-06-06,43,0,14,0,786,39,0,40,0.0,0.0,4284.0,25.0,38.0,,,,,,,,,,,,1.0,,1.0,1.0,,,,,
