id,date,IN_VEHICLE,ON_BIKE,ON_FOOT,RUNNING,STILL,TILTING,WALKING,UNKNOWN,MIMS_SUM_WEAR,SLEEP_MINUTES,SCREEN_ON_SECONDS,UNLOCK_EVENTS_NUM,USAGE_DURATION_MIN,Q1_SAD,Q2_HAPP,Q3_FATIG,Q4_EN,Q5_REL,Q6_TEN,Q7_STRESS,Q8_FRUST,Q9_NERV,activity_0,activity_2,alone_0,burden_1,control_1,demands_1,energy_9,excite_14,family_1,fatigue_13,feel_eat_1,feel_exer_1,feel_sit_1,focus_3,friend_1,frust_12,happy_8,hunger_0,int_eat_1,int_exer_3,int_sed_1,nervous_4,pain_0,proc_4,prod_0,relax_10,routine_0,sad_7,sleep_0,stress_2,tense_11,tired_1,trait_15,trait_22,trait_23,trait_24,trait_25,trivia_1,trivia_11,trivia_20,trivia_5,trivia_9
groinunratedbattery,2020-05-22,0.0,0.0,0.0,0.0,10.0,17.0,0.0,0.0,,,81498.0,12.0,,1.0,4.0,1.0,3.0,4.0,1.0,1.0,1.0,1.0,,,,,,,,,,,,,,,,,,,,,,,,,,,,,,,,,,,,,,,,,,
groinunratedbattery,2020-05-23,0.0,0.0,0.0,0.0,46.0,45.0,0.0,2.0,,,31600.0,76.0,117.0,1.0,5.0,2.0,4.0,5.0,1.0,1.0,1.0,1.0,,,,,,,,,,,,,,,,,,,,,,,,,,,,,,,,,,,,,,,,,,
groinunratedbattery,2020-05-24,0.0,0.0,0.0,0.0,39.0,36.0,0.0,5.0,,,27755.0,51.0,165.0,1.0,4.0,2.0,4.0,5.0,1.0,1.0,1.0,1.0,,,,,,,,,,,,,,,,,,,,,,,,,,,,,,,,,,,,,,,,,,
groinunratedbattery,2020-05-25,0.0,0.0,0.0,0.0,58.0,75.0,0.0,7.0,,,24992.0,67.0,171.0,1.0,5.0,1.0,4.0,4.0,1.0,1.0,1.0,1.0,,,,,,,,,,,,,,,,,,,,,,,,,,,,,,,,,,,,,,,,,,
groinunratedbattery,2020-05-26,0.0,0.0,0.0,0.0,112.0,47.0,0.0,12.0,,,27290.0,84.0,130.0,1.0,5.0,1.0,4.0,4.0,1.0,1.0,1.0,1.0,,,,,,,,,,,,,,,,,,,,,,,,,,,,,,,,,,,,,,,,,,
groinunratedbattery,2020-05-27,0.0,0.0,1.0,0.0,72.0,41.0,0.0,5.0,,,25651.0,55.0,213.0,1.0,5.0,2.0,3.0,4.0,1.0,1.0,1.0,1.0,,,,,,,,,,,,,,,,,,,,,,,,,,,,,,,,,,,,,,,,,,
groinunratedbattery,2020-05-28,0.0,0.0,0.0,0.0,109.0,56.0,0.0,5.0,,,30563.0,46.0,206.0,1.0,4.0,2.0,3.0,4.0,1.0,1.0,1.0,1.0,,,,,,,,,,,,,,,,,,,,,,,,,,,,,,,,,,,,,,,,,,
groinunratedbattery,2020-05-29,0.0,0.0,0.0,0.0,95.0,56.0,0.0,9.0,,,27161.0,66.0,239.0,1.0,4.909090909090909,1.0,4.7272727272727275,4.7272727272727275,1.0,1.0,1.0,1.0,,,,,,,,,,,,,,,,,,,,,,,,,,,,,,,,,,,,,,,,,,
groinunratedbattery,2020-05-30,11.0,0.0,1.0,0.0,83.0,60.0,0.0,14.0,,,26019.0,64.0,220.0,1.0,5.0,1.0,4.6,4.8,1.0,1.0,1.0,1.0,,,,,,,,,,,,,,,,,,,,,,,,,,,,,,,,,,,,,,,,,,
groinunratedbattery,2020-05-31,0.0,0.0,1.0,0.0,101.0,65.0,0.0,2.0,,,26087.0,95.0,158.0,1.0,4.916666666666667,1.0,4.5,4.5,1.0,1.0,1.0,1.0,,,,,,,,,,,,,,,,,,,,,,,,,,,,,,,,,,,,,,,,,,
groinunratedbattery,2020-06-01,7.0,0.0,1.0,0.0,125.0,55.0,0.0,16.0,,,20294.0,83.0,174.0,1.0,5.0,1.0,5.0,5.0,1.0,1.0,1.0,1.0,,,,,,,,,,,,,,,,,,,,,,,,,,,,,,,,,,,,,,,,,,
groinunratedbattery,2020-06-02,0.0,0.0,3.0,0.0,107.0,81.0,0.0,18.0,,,15526.0,90.0,152.0,1.0,5.0,1.0,5.0,4.0,1.0,1.0,1.0,1.0,,,,,,,,,,,,,,,,,,,,,,,,,,,,,,,,,,,,,,,,,,
groinunratedbattery,2020-06-03,0.0,0.0,15.0,0.0,69.0,75.0,0.0,12.0,,,29151.0,96.0,121.0,1.0,5.0,1.0,5.0,5.0,1.0,1.0,1.0,1.0,,,,,,,,,,,,,,,,,,,,,,,,,,,,,,,,,,,,,,,,,,
groinunratedbattery,2020-06-04,0.0,0.0,0.0,0.0,100.0,46.0,0.0,6.0,,,33700.0,74.0,173.0,1.0,5.0,2.0,4.0,5.0,1.0,1.0,1.0,1.0,,,,,,,,,,,,,,,,,,,,,,,,,,,,,,,,,,,,,,,,,,
groinunratedbattery,2020-06-05,0.0,0.0,0.0,0.0,67.0,26.0,0.0,3.0,1346.921579768568,59.0,27691.0,82.0,116.0,1.0,5.0,1.0,5.0,5.0,1.0,1.0,1.0,1.0,,,,,,,,,,1.0,,,,,,,,,,1.0,,,,,,,,,,,,,,,,,,,,,,
groinunratedbattery,2020-06-06,0.0,0.0,0.0,0.0,181.0,30.0,0.0,2.0,3990.676722747514,137.0,35385.0,48.0,119.0,1.0,5.0,1.0,5.0,5.0,1.0,1.0,1.0,1.0,,,,,5.0,5.0,5.0,,,1.0,5.0,1.6,,,,,5.0,,,1.0,,1.0,1.0,1.0,,,4.0,,5.0,1.0,1.0,,,,,,,5.0,,,5.0,
groinunratedbattery,2020-06-07,1.0,0.0,1.0,0.0,110.0,50.0,0.0,10.0,2279.386921844241,183.0,26652.0,83.0,162.0,1.0,5.0,1.0,4.0,5.0,1.0,1.0,1.0,1.0,,,,,,3.6,5.0,,,1.0,5.0,1.0,4.666666666666667,,,,5.0,,,1.0,5.0,1.0,,1.0,,,,1.0,5.0,1.0,1.0,,,,,,,,5.0,,,5.0
groinunratedbattery,2020-06-08,2.0,0.0,30.0,0.0,117.0,96.0,0.0,31.0,5346.787855258041,90.0,22165.0,102.0,178.0,1.0,5.0,2.0,4.0,5.0,1.0,1.0,1.0,1.0,,,,,,1.0,,5.0,,1.0,5.0,,5.0,5.0,,,,,,3.4,5.0,1.0,1.0,,,,,1.0,4.0,1.0,,1.0,,,,,,,,,,
groinunratedbattery,2020-06-09,0.0,0.0,3.0,0.0,95.0,47.0,0.0,17.0,4976.685656962843,193.0,23373.0,71.0,165.0,1.0,5.0,2.0,4.0,5.0,1.0,1.0,1.0,1.0,,,,,,4.5,5.0,4.5,,4.0,,1.0,,5.0,,,,,,,4.0,,1.0,,5.0,,5.0,,,,1.0,4.0,,,,,,,,,,
groinunratedbattery,2020-06-10,0.0,0.0,0.0,0.0,87.0,43.0,0.0,9.0,4743.508952886848,156.0,28261.0,71.0,178.0,1.0,5.0,2.0,4.0,4.0,1.0,1.0,1.0,1.0,,,5.0,,,4.5,5.0,4.0,,3.0,,4.333333333333333,5.0,,,,,,,,5.0,1.0,1.0,,5.0,,5.0,1.0,,1.0,1.0,1.0,,5.0,4.0,1.0,5.0,,,5.0,,
groinunratedbattery,2020-06-11,0.0,0.0,0.0,0.0,92.0,46.0,0.0,5.0,2651.327648178023,222.0,28314.0,54.0,248.0,1.0,5.0,1.6666666666666667,4.416666666666667,4.666666666666667,1.0,1.0,1.0,1.0,,,5.0,,,,,,,,,1.0,4.0,,,,,,,5.0,,1.0,1.0,,,,,1.0,,,,,4.0,,,,,,,,,
groinunratedbattery,2020-06-12,0.0,0.0,14.0,0.0,83.0,78.0,0.0,6.0,7098.17635036519,247.0,23269.0,95.0,284.0,1.0,5.0,1.3636363636363635,4.818181818181818,4.7272727272727275,1.0,1.0,1.0,1.0,,,,,,,,,,,,,,,,,,,,,,,,,,,,,,,,,,,,,,,,,,
groinunratedbattery,2020-06-13,0.0,0.0,0.0,0.0,98.0,43.0,0.0,5.0,3696.263794783816,175.0,35159.0,67.0,199.0,1.0,5.0,1.0,5.0,4.833333333333333,1.0,1.0,1.0,1.0,,,,,,,,,,,,,,,,,,,,,,,,,,,,,,,,,,,,,,,,,,
groinunratedbattery,2020-06-14,0.0,0.0,0.0,0.0,80.0,31.0,0.0,6.0,2488.8620253422737,320.0,37701.0,43.0,145.0,1.0,5.0,1.0,5.0,4.909090909090909,1.0,1.0,1.0,1.0,,,,,,,,,,,,,,,,,,,,,,,,,,,,,,,,,,,,,,,,,,
groinunratedbattery,2020-06-15,0.0,0.0,1.0,0.0,126.0,47.0,0.0,9.0,3379.26632506146,289.0,24651.0,60.0,241.0,1.0,5.0,1.0,5.0,5.0,1.0,1.0,1.0,1.0,,,,,5.0,4.0,,,,,5.0,5.0,,,,1.0,,,,,,1.0,1.0,1.0,,,,,5.0,,1.0,,,,,,,,,,,
groinunratedbattery,2020-06-16,0.0,0.0,1.0,0.0,98.0,51.0,0.0,5.0,5141.283387703237,310.0,20102.0,59.0,305.0,1.0,5.0,1.0,5.0,5.0,1.0,1.0,1.0,1.0,,,,4.0,5.0,3.25,5.0,,,,5.0,3.75,,5.0,,1.0,5.0,5.0,5.0,,,1.0,1.0,,,,,1.0,,,1.0,,,,,,,,,,,
groinunratedbattery,2020-06-17,0.0,0.0,0.0,0.0,159.0,27.0,0.0,5.0,5688.43655269663,239.0,23477.0,54.0,263.0,1.0,5.0,2.0,5.0,5.0,1.0,1.0,1.0,1.0,,,,2.0,5.0,2.5,5.0,4.333333333333333,,5.0,,,,5.0,,,5.0,4.0,5.0,,,,,,,,5.0,1.0,,,,,,,,,,,,,,
groinunratedbattery,2020-06-18,0.0,0.0,34.0,0.0,82.0,57.0,0.0,11.0,6862.514641310841,213.0,23554.0,68.0,255.0,1.0,4.0,2.0,5.0,5.0,1.0,1.0,1.0,1.0,,,,1.0,5.0,1.0,5.0,4.333333333333333,,4.5,,5.0,,5.0,,,,1.0,5.0,5.0,4.5,1.0,,,,,5.0,,5.0,,,1.0,,,,,,,,,,
groinunratedbattery,2020-06-19,0.0,0.0,0.0,0.0,99.0,46.0,0.0,7.0,3108.667082584237,383.0,23154.0,62.0,228.0,1.0,5.0,1.0,5.0,5.0,1.0,1.0,1.0,1.0,,,,2.5,5.0,1.0,4.75,,,,,1.6666666666666667,,,,1.0,,,,5.0,4.5,1.0,1.0,,5.0,,5.0,,,,1.0,3.2,,,,,,,,,,
groinunratedbattery,2020-06-20,0.0,0.0,2.0,0.0,95.0,32.0,0.0,3.0,3348.103345224975,265.0,31816.0,43.0,264.0,1.0,5.0,1.0,5.0,5.0,1.0,1.0,1.0,1.0,,,,,5.0,3.25,5.0,,,,5.0,1.0,,,,1.0,,2.0,,1.0,,,1.0,,,5.0,5.0,1.0,,,1.0,1.0,,,,,,,,,,
groinunratedbattery,2020-06-21,2.0,1.0,0.0,0.0,90.0,40.0,0.0,10.0,3174.220028959079,391.0,17799.0,45.0,268.0,1.0,5.0,1.0,5.0,5.0,1.0,1.0,1.0,1.0,,,1.0,,5.0,2.5,5.0,4.0,,,5.0,,,4.666666666666667,,,,3.5,,1.0,4.5,,1.0,1.0,,5.0,5.0,1.0,,,,1.0,,,,,,,,,,
groinunratedbattery,2020-06-22,0.0,0.0,0.0,0.0,114.0,44.0,0.0,11.0,4406.796263274055,286.0,23790.0,59.0,207.0,1.0,5.0,1.0,5.0,5.0,1.0,1.0,1.0,1.0,,,3.4,1.0,,,5.0,5.0,,,5.0,,,4.833333333333333,,,5.0,1.0,,,4.25,,1.0,,5.0,5.0,5.0,1.0,,1.0,,,,,,,,,,,,
groinunratedbattery,2020-06-23,0.0,0.0,3.0,0.0,143.0,77.0,0.0,13.0,5157.949471033391,198.0,29613.0,86.0,221.0,2.0,3.0,2.0,5.0,5.0,1.0,1.0,1.0,1.0,,,1.0,1.0,,,,,,,5.0,,,5.0,,,5.0,1.0,,,4.5,1.0,,1.0,5.0,,,1.0,4.0,1.0,1.0,,,,,,,,,,,
groinunratedbattery,2020-06-24,0.0,0.0,0.0,0.0,142.0,60.0,0.0,11.0,3247.6952746771344,209.0,23206.0,67.0,283.0,1.0,5.0,2.0,5.0,5.0,1.0,1.0,1.0,1.0,,,1.0,1.0,,2.5,5.0,,,,5.0,1.0,,,,,,1.0,,,4.8,1.0,2.3333333333333335,1.0,,5.0,,1.0,,,1.0,,,,,,,,,,,
groinunratedbattery,2020-06-25,0.0,0.0,0.0,0.0,103.0,47.0,0.0,5.0,3058.627162011447,178.0,18049.0,57.0,219.0,1.0,5.0,1.0,5.0,5.0,1.0,1.0,1.0,1.0,,,2.3333333333333335,1.0,,1.0,,,,,,,5.0,,,1.0,,4.0,,,4.5,1.0,4.0,1.0,5.0,,5.0,1.0,,,1.0,2.5,,,,,,,,,,
groinunratedbattery,2020-06-26,0.0,0.0,1.0,0.0,80.0,30.0,0.0,4.0,3610.140811327864,440.0,23819.0,50.0,210.0,1.0,5.0,2.0,5.0,5.0,1.0,1.0,1.0,1.0,,,3.0,1.0,,4.0,4.5,,,1.0,,1.0,4.0,5.0,,1.0,,,5.0,,5.0,1.0,1.0,1.0,5.0,5.0,5.0,1.0,,,,1.0,,,,,,,,,,
groinunratedbattery,2020-06-27,13.0,0.0,0.0,0.0,109.0,54.0,0.0,6.0,2226.5422576830547,519.0,24818.0,54.0,287.0,1.0,5.0,1.0,5.0,4.833333333333333,1.0,1.0,1.0,1.0,,,3.0,,,4.0,4.5,,,1.0,,1.0,,5.0,,,,,5.0,,,,,1.0,,5.0,,,,,,,,,,,,,,,,
groinunratedbattery,2020-06-28,0.0,0.0,0.0,0.0,16.0,3.0,0.0,1.0,1583.338866185367,37.0,26439.0,64.0,,,,,,,,,,,,,,,,,,,,,,,,,,,,,,,,,,,,,,,,,,,,,,,,,,,,
groinunratedbattery,2020-06-29,,,,,,,,,1871.5553839618487,602.0,33597.0,63.0,,,,,,,,,,,,,,,,,,,,,,,,,,,,,,,,,,,,,,,,,,,,,,,,,,,,
groinunratedbattery,2020-06-30,,,,,,,,,1962.367731360233,516.0,58554.0,4.0,,,,,,,,,,,,,,,,,,,,,,,,,,,,,,,,,,,,,,,,,,,,,,,,,,,,
groinunratedbattery,2020-07-01,,,,,,,,,2494.981370513108,466.0,,,,,,,,,,,,,,,,,,,,,,,,,,,,,,,,,,,,,,,,,,,,,,,,,,,,,,
groinunratedbattery,2020-07-02,,,,,,,,,1842.288519621144,648.0,,,,,,,,,,,,,,,,,,,,,,,,,,,,,,,,,,,,,,,,,,,,,,,,,,,,,,
groinunratedbattery,2020-07-03,,,,,,,,,1967.6319014821029,517.0,,,,,,,,,,,,,,,,,,,,,,,,,,,,,,,,,,,,,,,,,,,,,,,,,,,,,,
groinunratedbattery,2020-07-04,,,,,,,,,2217.1818455541124,511.0,,,,,,,,,,,,,,,,,,,,,,,,,,,,,,,,,,,,,,,,,,,,,,,,,,,,,,
groinunratedbattery,2020-07-05,,,,,,,,,2113.357177536933,515.0,,,,,,,,,,,,,,,,,,,,,,,,,,,,,,,,,,,,,,,,,,,,,,,,,,,,,,
groinunratedbattery,2020-07-06,0.0,0.0,0.0,0.0,34.0,12.0,0.0,1.0,2415.773140934308,559.0,78305.0,20.0,,,,,,,,,,,,,,,,,,,,,,,,,,,,,,,,,,,,,,,,,,,,,,,,,,,,
groinunratedbattery,2020-07-07,0.0,0.0,0.0,0.0,132.0,40.0,0.0,4.0,5404.534240394592,573.0,24253.0,65.0,94.0,,,,,,,,,,,,3.0,,,4.571428571428571,5.0,,,2.0,,4.666666666666667,5.0,5.0,,,5.0,,5.0,3.0,,1.0,,1.0,,5.0,5.0,,5.0,1.0,,,,,,,,,,,,
groinunratedbattery,2020-07-08,0.0,0.0,1.0,0.0,120.0,62.0,0.0,9.0,6950.383320267519,427.0,20267.0,76.0,136.0,,,,,,,,,,,,3.0,1.0,,3.0,5.0,,,,5.0,1.0,4.5,5.0,1.0,,5.0,2.5,,1.0,5.0,1.0,,1.0,,5.0,,1.0,5.0,,,,,,,,,,,,,
groinunratedbattery,2020-07-09,0.0,0.0,0.0,0.0,109.0,46.0,0.0,7.0,5413.735871718862,396.0,23074.0,63.0,162.0,,,,,,,,,,,,,1.0,,,,,,,5.0,,4.5,,1.0,,,2.3333333333333335,,,,,,1.0,,5.0,,1.0,,,,,,,,,,,,,,
groinunratedbattery,2020-07-10,0.0,0.0,0.0,0.0,90.0,30.0,0.0,4.0,3558.798080177734,406.0,29396.0,47.0,127.0,1.0,5.0,1.1666666666666667,5.0,5.0,1.0,1.0,1.0,1.0,,,,,,,,,,,,,,,,,,,,,,,,,,,,,,,,,,,,,,,,,,
groinunratedbattery,2020-07-11,1.0,0.0,1.0,0.0,143.0,41.0,0.0,8.0,4479.079115908245,539.0,22442.0,65.0,89.0,1.0,5.0,1.0,5.0,5.0,1.0,1.0,1.0,1.0,,,,,,,,,,,,,,,,,,,,,,,,,,,,,,,,,,,,,,,,,,
groinunratedbattery,2020-07-12,0.0,0.0,1.0,0.0,151.0,61.0,0.0,7.0,4675.946931189466,333.0,28208.0,70.0,119.0,1.0,4.875,1.0,5.0,5.0,1.0,1.0,1.0,1.0,,,,,,,,,,,,,,,,,,,,,,,,,,,,,,,,,,,,,,,,,,
groinunratedbattery,2020-07-13,0.0,0.0,0.0,0.0,162.0,39.0,0.0,6.0,5255.391042345249,421.0,23218.0,72.0,125.0,1.0,5.0,1.0,5.0,5.0,1.0,1.0,1.0,1.0,,,,,,1.0,5.0,,5.0,1.0,5.0,3.0,,,,,5.0,,5.0,,,,,,5.0,,,,,,,1.0,,,,,,,,,,
groinunratedbattery,2020-07-14,0.0,0.0,2.0,0.0,183.0,57.0,0.0,16.0,7802.989253849128,344.0,25132.0,89.0,163.0,1.0,5.0,1.5,5.0,5.0,1.0,1.0,1.0,1.0,,,,,,3.0,5.0,,,1.0,,1.0,,,,,5.0,,,,,,,,5.0,,,,,,,1.0,,,,,,,,,,
groinunratedbattery,2020-07-15,24.0,0.0,0.0,0.0,128.0,84.0,0.0,34.0,6085.367801245726,561.0,16894.0,107.0,49.0,1.0,5.0,1.0,5.0,5.0,1.0,1.0,1.0,1.0,,,,,,4.0,5.0,1.0,5.0,,5.0,,5.0,,,1.0,5.0,1.0,5.0,,,,,1.0,,,5.0,,5.0,,1.0,,,,,,,,,,,
groinunratedbattery,2020-07-16,1.0,0.0,0.0,0.0,192.0,69.0,0.0,25.0,9041.64957267362,310.0,19836.0,86.0,94.0,1.0,5.0,1.0,5.0,5.0,1.0,1.0,1.0,1.0,,,4.0,,5.0,1.0,,,,,,4.0,,,1.0,,,1.0,5.0,1.0,,1.0,,1.0,,5.0,4.8,,,,,1.0,,,,,,,,,,
groinunratedbattery,2020-07-17,2.0,0.0,3.0,0.0,193.0,54.0,0.0,21.0,5521.763165356913,450.0,27352.0,93.0,202.0,1.0,5.0,1.0,5.0,5.0,1.0,1.0,1.0,1.0,,,1.0,,5.0,4.0,,5.0,3.75,1.0,5.0,1.0,4.5,,2.5,,,,5.0,5.0,,1.0,,,5.0,5.0,5.0,,4.0,1.0,,1.0,,,,,,,,,,
groinunratedbattery,2020-07-18,0.0,0.0,3.0,0.0,130.0,41.0,0.0,12.0,4505.407790913154,419.0,30430.0,82.0,171.0,1.0,5.0,1.0,5.0,5.0,1.0,1.0,1.0,1.0,,,,1.0,,4.666666666666667,5.0,,5.0,1.0,5.0,1.0,4.666666666666667,,,,,,5.0,1.0,,1.0,,,5.0,,,1.0,,1.0,,1.0,,,,,,,,,,
groinunratedbattery,2020-07-19,0.0,0.0,1.0,0.0,86.0,55.0,0.0,8.0,5420.584424201819,584.0,27552.0,72.0,133.0,1.0,5.0,1.0,5.0,5.0,1.0,1.0,1.0,1.0,,,,1.0,,3.0,5.0,,5.0,,5.0,1.0,3.0,,,1.0,,5.0,5.0,1.0,,1.0,,,5.0,,,1.0,5.0,1.0,,1.0,,,,,,,,,,
groinunratedbattery,2020-07-20,0.0,0.0,0.0,0.0,106.0,49.0,0.0,5.0,7870.800544784121,307.0,29604.0,86.0,175.0,1.0,5.0,1.0,5.0,5.0,1.0,1.0,1.0,1.0,,,,,,2.0,,,5.0,,5.0,1.0,,5.0,,1.0,,2.6666666666666665,,1.0,5.0,1.0,,,5.0,,,,,1.0,1.0,,,,,,,,,,,
groinunratedbattery,2020-07-21,0.0,0.0,1.0,0.0,146.0,52.0,0.0,7.0,6773.379520436823,467.0,21019.0,80.0,234.0,1.0,5.0,1.0,5.0,5.0,1.0,1.0,1.0,1.0,,,,,5.0,,5.0,3.5,,,,2.0,5.0,5.0,1.0,1.0,,1.0,5.0,,,1.0,3.0,,5.0,,,,5.0,1.0,1.0,,,,,,,,,,,
groinunratedbattery,2020-07-22,0.0,0.0,0.0,0.0,153.0,48.0,0.0,8.0,4766.669690136954,518.0,24171.0,72.0,180.0,1.0,5.0,1.0,5.0,5.0,1.0,1.0,1.0,1.0,,,,1.0,4.0,,5.0,5.0,,,,1.0,5.0,5.0,1.0,,5.0,,5.0,,,1.0,,,4.5,,5.0,1.0,,1.0,,2.0,,,,,,,,,,
groinunratedbattery,2020-07-23,0.0,0.0,1.0,0.0,162.0,53.0,0.0,7.0,4476.32299277474,499.0,26803.0,69.0,157.0,1.0,5.0,1.0,5.0,5.0,1.0,1.0,1.0,1.0,,,,1.0,,,5.0,5.0,5.0,,,,4.0,5.0,,,4.0,1.75,,5.0,,,,,5.0,,5.0,1.0,4.0,1.0,,2.0,,,,,,,,,,
groinunratedbattery,2020-07-24,1.0,0.0,1.0,0.0,173.0,65.0,0.0,16.0,5178.411041827409,421.0,39430.0,72.0,198.0,1.0,4.916666666666667,1.1666666666666667,5.0,5.0,1.0,1.0,1.0,1.0,,,,1.0,,,5.0,4.0,5.0,,,,4.75,5.0,,,,1.0,,1.0,,,,,5.0,,,,,,,,,,,,,,,,,
groinunratedbattery,2020-07-25,0.0,0.0,1.0,0.0,78.0,42.0,0.0,13.0,5700.274320773997,428.0,24887.0,65.0,176.0,1.0,5.0,1.0,5.0,5.0,1.0,1.0,1.0,1.0,,,,,,,,,,,,,,,,,,,,,,,,,,,,,,,,,,,,,,,,,,
groinunratedbattery,2020-07-26,0.0,0.0,0.0,0.0,68.0,54.0,0.0,4.0,3723.246545443037,479.0,60785.0,55.0,253.0,1.0,5.0,1.0,5.0,5.0,1.0,1.0,1.0,1.0,,,,,,,,,,,,,,,,,,,,,,,,,,,,,,,,,,,,,,,,,,
groinunratedbattery,2020-07-27,0.0,0.0,3.0,0.0,93.0,55.0,0.0,8.0,5771.677966203225,459.0,28252.0,72.0,185.0,1.0,5.0,1.0,5.0,5.0,1.0,1.0,1.0,1.0,,,,,,,,,,,,,,,,,,,,,,,,,,,,,,,,,,,,,,,,,,
groinunratedbattery,2020-07-28,0.0,1.0,2.0,0.0,124.0,48.0,0.0,8.0,6123.635708959007,554.0,28481.0,63.0,217.0,1.0,5.0,1.0,5.0,5.0,1.0,1.0,1.0,1.0,,,,1.0,,,,,5.0,,,5.0,5.0,,,,,,,,5.0,,,,,5.0,,1.0,,,,1.0,,,,,,,,,,
groinunratedbattery,2020-07-29,0.0,0.0,1.0,0.0,181.0,63.0,0.0,8.0,7567.696471477355,442.0,21202.0,100.0,169.0,1.0,5.0,1.0,5.0,5.0,1.0,1.0,1.0,1.0,,,,2.0,5.0,,5.0,,5.0,,5.0,1.0,5.0,,,,,2.75,,5.0,5.0,,,,,5.0,5.0,1.0,,1.0,,1.75,,,,,,,,,,
groinunratedbattery,2020-07-30,2.0,0.0,2.0,0.0,205.0,65.0,0.0,27.0,5370.139461711802,549.0,31125.0,67.0,215.0,1.0,5.0,1.0,5.0,5.0,1.0,1.0,1.0,1.0,,,4.0,1.0,,,,,5.0,,5.0,,,,,1.0,5.0,3.0,5.0,1.0,5.0,,,,5.0,5.0,5.0,,5.0,1.0,,4.0,,,,,,,,,,
groinunratedbattery,2020-07-31,0.0,0.0,1.0,0.0,140.0,67.0,0.0,11.0,6169.984509415324,472.0,23383.0,72.0,200.0,1.0,5.0,1.0,5.0,5.0,1.0,1.0,1.0,1.0,,,,,,2.5,5.0,4.5,5.0,,5.0,,4.5,,,1.0,,,,,,,,1.0,5.0,,5.0,,5.0,,,,,,,,,,,,,
groinunratedbattery,2020-08-01,1.0,0.0,1.0,0.0,185.0,59.0,0.0,12.0,5444.758910247204,421.0,30347.0,72.0,173.0,1.0,5.0,1.0,5.0,5.0,1.0,1.0,1.0,1.0,,,1.0,,,2.0,5.0,5.0,5.0,,5.0,,5.0,4.666666666666667,,1.0,,3.0,,,5.0,,,1.0,5.0,5.0,,,,,,1.0,,,,,,,,,,
groinunratedbattery,2020-08-02,0.0,0.0,1.0,0.0,149.0,59.0,0.0,9.0,5764.999167275333,473.0,39477.0,68.0,219.0,1.0,5.0,1.0,5.0,5.0,1.0,1.0,1.0,1.0,,,4.5,1.0,,,5.0,5.0,,,,1.0,5.0,5.0,,,,2.0,5.0,1.0,4.5,,,,5.0,5.0,,,5.0,1.0,,1.0,,,,,,,,,,
groinunratedbattery,2020-08-03,0.0,0.0,0.0,0.0,144.0,34.0,0.0,6.0,4990.439592436704,385.0,38130.0,67.0,140.0,1.0,5.0,1.0,5.0,5.0,1.0,1.0,1.0,1.0,,,,1.0,5.0,1.0,,4.666666666666667,,1.0,,1.0,4.75,5.0,1.0,,5.0,,4.2,1.0,,,1.0,,,,,,5.0,1.0,1.0,1.0,,,,,,,,,,
groinunratedbattery,2020-08-04,0.0,0.0,1.0,0.0,134.0,55.0,0.0,12.0,5073.454951246327,538.0,59754.0,61.0,116.0,1.0,5.0,1.0,5.0,5.0,1.0,1.0,1.0,1.0,,,,,5.0,1.0,5.0,,,1.0,5.0,,4.75,5.0,1.0,1.0,5.0,3.0,5.0,,,,1.0,1.0,,,,,,,1.0,,,,,,,,,,,
groinunratedbattery,2020-08-05,0.0,0.0,0.0,0.0,148.0,52.0,0.0,4.0,4785.199116883277,462.0,68223.0,71.0,272.0,1.0,5.0,1.0,5.0,5.0,1.0,1.0,1.0,1.0,,,,,,,5.0,,,,5.0,,4.8,,1.0,1.0,5.0,1.0,5.0,1.0,,,1.0,1.0,,5.0,,,,1.0,,,,,,,,,,,,
groinunratedbattery,2020-08-06,0.0,0.0,1.0,0.0,323.0,55.0,0.0,11.0,4553.139712007255,545.0,61444.0,83.0,301.0,1.0,5.0,1.0769230769230769,5.0,5.0,1.0,1.0,1.0,1.0,,,,,,,,,,,5.0,,5.0,,2.0,,5.0,,,1.0,,,1.0,1.0,,4.666666666666667,,,5.0,1.0,,,,,,,,,,,,
groinunratedbattery,2020-08-07,1.0,0.0,1.0,0.0,390.0,42.0,0.0,23.0,4398.624136621083,481.0,61434.0,84.0,161.0,1.0,5.0,1.0,5.0,5.0,1.0,1.0,1.0,1.0,,,,,,,,,,,,,,,,,,,,,,,,,,,,,,,,,,,,,,,,,,
groinunratedbattery,2020-08-08,0.0,0.0,3.0,0.0,422.0,50.0,0.0,59.0,4426.660329795829,527.0,22173.0,82.0,224.0,1.0,5.0,1.0,5.0,5.0,1.0,1.0,1.0,1.0,,,,,,,,,,,,,,,,,,,,,,,,,,,,,,,,,,,,,,,,,,
groinunratedbattery,2020-08-09,0.0,0.0,2.0,0.0,412.0,73.0,0.0,25.0,2290.379345282482,562.0,68682.0,71.0,225.0,1.0,5.0,1.0,5.0,5.0,1.0,1.0,1.0,1.0,,,,,,,,,,,,,,,,,,,,,,,,,,,,,,,,,,,,,,,,,,
groinunratedbattery,2020-08-10,26.0,0.0,6.0,0.0,372.0,82.0,0.0,31.0,4434.36765564664,446.0,58569.0,104.0,317.0,1.0,5.0,1.0,5.0,5.0,1.0,1.0,1.0,1.0,,,,,,,,,,,,,,,,,,,,,,,,,,,,,,,,,,,,,,,,,,
groinunratedbattery,2020-08-11,1.0,0.0,0.0,0.0,419.0,72.0,0.0,42.0,5337.138146213809,399.0,65154.0,104.0,213.0,1.0,5.0,1.0,5.0,5.0,1.0,1.0,1.0,1.0,,,5.0,1.0,,4.0,,,,1.0,,1.0,5.0,,1.0,1.0,,,5.0,,4.666666666666667,1.0,,1.0,,,5.0,1.0,5.0,1.0,,1.0,,,,,,,,,,
groinunratedbattery,2020-08-12,0.0,0.0,43.0,0.0,424.0,62.0,0.0,37.0,3435.073169129324,714.0,63675.0,84.0,198.0,1.0,5.0,1.0,5.0,4.0,1.0,1.0,1.0,1.0,,,,1.0,,2.0,,4.5,,,,1.0,4.5,5.0,,1.0,,4.5,5.0,,5.0,1.0,,,,,4.5,1.0,5.0,,,1.0,,,,,,,,,,
groinunratedbattery,2020-08-13,0.0,0.0,0.0,0.0,387.0,66.0,0.0,19.0,3732.777255180621,452.0,62388.0,89.0,151.0,1.0,5.0,1.0,5.0,5.0,1.0,1.0,1.0,1.0,,,,1.0,,2.5,,4.333333333333333,,,5.0,,5.0,5.0,1.0,,,2.5,5.0,,5.0,,,1.0,,5.0,,1.0,5.0,,,1.0,,,,,,,,,,
groinunratedbattery,2020-08-14,33.0,2.0,2.0,0.0,396.0,102.0,0.0,52.0,4825.974876046722,468.0,21371.0,91.0,94.0,1.0,5.0,1.0,5.0,5.0,1.0,1.0,1.0,1.0,,,,1.0,,,,,,,5.0,,5.0,,1.0,,5.0,2.3333333333333335,5.0,,,1.0,1.0,1.0,,5.0,5.0,1.0,,,,1.0,,,,,,,,,,
groinunratedbattery,2020-08-15,2.0,0.0,2.0,0.0,429.0,89.0,0.0,44.0,4622.649114231046,361.0,58272.0,74.0,177.0,1.0,5.0,1.0,5.0,5.0,1.0,1.0,1.0,1.0,,,,1.0,,,5.0,,,1.0,5.0,1.0,5.0,,,,5.0,2.0,5.0,,,1.0,1.0,1.0,,,5.0,1.0,,,,,,,,,,,,,,
groinunratedbattery,2020-08-16,1.0,1.0,4.0,0.0,490.0,97.0,0.0,38.0,4402.130457628857,613.0,66329.0,61.0,256.0,1.0,5.0,1.0,5.0,5.0,1.0,1.0,1.0,1.0,,,1.0,,,,5.0,,,1.0,,1.0,5.0,,,,,3.0,,1.0,,1.0,1.0,1.0,,,5.0,1.0,,,,,,,,,,,,,,
groinunratedbattery,2020-08-17,1.0,0.0,3.0,0.0,427.0,107.0,0.0,25.0,5382.884352349822,455.0,54932.0,120.0,100.0,1.0,5.0,1.0,5.0,5.0,1.0,1.0,1.0,1.0,,,2.3333333333333335,,5.0,,5.0,,3.0,,5.0,,,5.0,1.0,,5.0,1.0,5.0,1.0,5.0,1.0,1.0,,,5.0,4.5,1.0,5.0,,,,,,,,,,,,,
groinunratedbattery,2020-08-18,0.0,0.0,2.0,0.0,387.0,94.0,0.0,23.0,4730.726481416346,587.0,65723.0,88.0,177.0,1.0,5.0,1.0,5.0,5.0,1.0,1.0,1.0,1.0,,,1.0,,5.0,3.3333333333333335,5.0,4.5,3.6666666666666665,,5.0,,,5.0,1.0,,5.0,1.0,,,5.0,,,1.0,,5.0,5.0,,,1.0,,,,,,,,,,,,
groinunratedbattery,2020-08-19,0.0,0.0,0.0,0.0,351.0,129.0,0.0,19.0,5121.150845662904,435.0,60410.0,132.0,167.0,1.0,5.0,1.0,5.0,5.0,1.0,1.0,1.0,1.0,,,,,5.0,2.0,,5.0,,,,,5.0,5.0,1.0,1.0,,2.6,,1.0,5.0,,,1.0,,,5.0,1.0,,1.0,1.0,,,,,,,,,,,
groinunratedbattery,2020-08-20,20.0,0.0,2.0,0.0,296.0,131.0,0.0,34.0,3971.1693568442624,727.0,61053.0,127.0,138.0,1.0,5.0,1.0,5.0,5.0,1.0,1.0,1.0,1.0,,,,,,,,,,,,,,4.75,1.0,1.0,,1.0,,1.0,5.0,1.0,1.0,,5.0,5.0,4.666666666666667,1.0,,,1.0,1.0,,,,,,,,,,
groinunratedbattery,2020-08-21,0.0,0.0,2.0,0.0,357.0,85.0,0.0,26.0,5265.556679322317,401.0,61602.0,90.0,145.0,1.0,4.0,2.0,4.0,5.0,1.0,1.0,1.0,1.0,,,4.0,,,2.1666666666666665,,,,1.0,5.0,1.0,4.666666666666667,,,1.0,,2.5,,1.75,5.0,1.0,1.0,,5.0,5.0,4.5,,,,,1.0,,,,,,,,,,
groinunratedbattery,2020-08-22,23.0,0.0,2.0,0.0,308.0,87.0,0.0,76.0,6389.791420400876,476.0,65824.0,70.0,141.0,1.0,5.0,1.0,5.0,5.0,1.0,1.0,1.0,1.0,,,,,,2.0,,,,4.0,5.0,,,,,,,2.3333333333333335,,1.0,5.0,,1.0,,,5.0,5.0,,,,,1.0,,,,,,,,,,
groinunratedbattery,2020-08-23,0.0,0.0,0.0,0.0,172.0,52.0,0.0,14.0,1606.9226234387372,382.0,71714.0,56.0,,1.0,5.0,1.0,5.0,5.0,1.0,1.0,1.0,1.0,,,,,,,,,,,,,,,,,,,,,,,,,,,,,,,,,,,,,,,,,,
groinunratedbattery,2020-08-24,0.0,0.0,0.0,0.0,39.0,50.0,0.0,3.0,4886.990458399303,537.0,66920.0,97.0,,1.0,4.928571428571429,1.0,5.0,4.928571428571429,1.0,1.0,1.0,1.0,,,,,,,,,,,,,,,,,,,,,,,,,,,,,,,,,,,,,,,,,,
groinunratedbattery,2020-08-25,0.0,0.0,1.0,0.0,52.0,24.0,0.0,3.0,,,62544.0,64.0,127.0,1.0,5.0,1.0,5.0,5.0,1.0,1.0,1.0,1.0,,,,,,,,,,,,,,,,,,,,,,,,,,,,,,,,,,,,,,,,,,
groinunratedbattery,2020-08-26,0.0,0.0,0.0,0.0,63.0,31.0,0.0,1.0,3941.39708485182,577.0,62371.0,59.0,73.0,1.0,5.0,1.0,5.0,5.0,1.0,1.0,1.0,1.0,,,,,5.0,,,,5.0,1.0,,,,5.0,,,,,,,,1.0,1.0,1.0,,,5.0,,,1.0,,1.0,,,,,,,,,,
groinunratedbattery,2020-08-27,0.0,0.0,0.0,0.0,36.0,33.0,0.0,1.0,4823.857101832533,495.0,58386.0,77.0,124.0,1.0,5.0,1.0,5.0,5.0,1.0,1.0,1.0,1.0,,,,,5.0,,,,4.0,1.0,5.0,,,5.0,5.0,,5.0,,,,5.0,1.0,1.0,1.0,,,5.0,1.0,,1.0,1.0,1.0,,,,,,,,,,
groinunratedbattery,2020-08-28,0.0,0.0,1.0,0.0,39.0,40.0,0.0,9.0,4415.214860237571,574.0,60954.0,69.0,135.0,1.0,5.0,1.0,5.0,5.0,1.0,1.0,1.0,1.0,,,,,5.0,4.666666666666667,,,5.0,1.0,5.0,,5.0,5.0,1.0,1.0,5.0,,,,,1.0,1.0,,,,,1.0,,1.0,1.0,,,,,,,,,,,
groinunratedbattery,2020-08-29,0.0,0.0,0.0,0.0,50.0,32.0,0.0,5.0,4345.0924305396575,474.0,57680.0,74.0,162.0,1.0,5.0,1.0,5.0,5.0,1.0,1.0,1.0,1.0,,,,,5.0,1.75,,5.0,,,5.0,2.0,5.0,,1.0,1.0,4.5,,,1.0,5.0,,1.0,,,,5.0,,,1.0,1.0,,,,,,,,,,,
groinunratedbattery,2020-08-30,0.0,0.0,1.0,0.0,38.0,44.0,0.0,4.0,4891.125410283847,533.0,62259.0,58.0,171.0,1.0,5.0,1.0,5.0,5.0,1.0,1.0,1.0,1.0,,,,,,1.0,,5.0,,,,1.0,,5.0,1.0,1.0,5.0,2.5,,1.0,5.0,,1.0,,5.0,,5.0,,,1.0,,1.0,,,,,,,,,,
groinunratedbattery,2020-08-31,0.0,0.0,0.0,0.0,31.0,36.0,0.0,3.0,5017.092249803407,440.0,64165.0,77.0,183.0,1.0,5.0,1.0,5.0,5.0,1.0,1.0,1.0,1.0,,,,1.0,,3.0,,,,,,,4.666666666666667,5.0,,1.0,5.0,1.0,5.0,,,1.0,1.0,1.0,5.0,4.5,5.0,,,,1.0,1.0,,,,,,,,,,
groinunratedbattery,2020-09-01,0.0,0.0,0.0,0.0,37.0,47.0,0.0,9.0,4951.933168729486,509.0,57434.0,96.0,139.0,1.0,5.0,1.0,5.0,5.0,1.0,1.0,1.0,1.0,,,,1.0,,2.6666666666666665,,5.0,,,,1.0,4.666666666666667,5.0,1.0,,5.0,,5.0,,,1.0,,1.0,5.0,5.0,5.0,1.0,,2.5,1.0,,,,,,,,,,,
groinunratedbattery,2020-09-02,0.0,0.0,0.0,0.0,46.0,46.0,0.0,3.0,2921.427716535618,432.0,65780.0,69.0,206.0,1.0,5.0,1.0,5.0,5.0,1.0,1.0,1.0,1.0,,,,,,1.0,,5.0,,,,1.0,,5.0,1.0,,5.0,,5.0,,,,,,5.0,,,1.0,,1.0,,,,,,,,,,,,
groinunratedbattery,2020-09-03,0.0,0.0,1.0,0.0,38.0,30.0,0.0,2.0,4623.3143629471815,587.0,20278.0,79.0,171.0,1.0,5.0,1.0,5.0,5.0,1.0,1.0,1.0,1.0,,,,,,,,,,,,1.0,5.0,,1.0,1.0,5.0,1.0,,1.0,,,1.0,1.0,,4.666666666666667,,,,,,,,,,,,,,,,
groinunratedbattery,2020-09-04,0.0,0.0,0.0,0.0,49.0,46.0,0.0,12.0,1046.8997719237525,482.0,53698.0,84.0,176.0,1.0,5.0,1.0,4.923076923076923,4.846153846153846,1.0,1.0,1.0,1.0,,,,,,,,,,,,,,,,,,,,,,,,,,,,,,,,,,,,,,,,,,
groinunratedbattery,2020-09-05,0.0,0.0,0.0,0.0,60.0,37.0,0.0,2.0,3517.9040237343306,558.0,61061.0,67.0,152.0,1.0,5.0,1.0,4.909090909090909,5.0,1.0,1.0,1.0,1.0,,,,,,,,,,,,,,,,,,,,,,,,,,,,,,,,,,,,,,,,,,
groinunratedbattery,2020-09-06,0.0,0.0,1.0,0.0,53.0,47.0,0.0,14.0,3179.9366527234192,482.0,61804.0,71.0,158.0,1.0,5.0,1.0,4.916666666666667,4.75,1.0,1.0,1.0,1.0,,,,,,,,,,,,,,,,,,,,,,,,,,,,,,,,,,,,,,,,,,
groinunratedbattery,2020-09-07,0.0,0.0,0.0,0.0,53.0,30.0,0.0,3.0,3100.855294549201,339.0,54796.0,86.0,139.0,1.0,4.0,1.0,5.0,5.0,1.0,1.0,1.0,1.0,,,1.0,,,,,4.666666666666667,,1.0,5.0,,,,1.0,,,,,1.0,,,,,,,5.0,1.0,5.0,,,,,,,,,,,,,
groinunratedbattery,2020-09-08,1.0,0.0,1.0,0.0,60.0,52.0,0.0,10.0,7041.751904379576,564.0,60440.0,86.0,105.0,1.0,5.0,1.0,5.0,5.0,1.0,1.0,1.0,1.0,,,3.6666666666666665,,5.0,,5.0,5.0,5.0,1.0,5.0,5.0,,,1.0,1.0,,2.5,,3.4,,,,,5.0,5.0,5.0,1.0,,,,,,,,,,,,,,
groinunratedbattery,2020-09-09,0.0,0.0,0.0,0.0,50.0,26.0,0.0,5.0,5625.269015048509,499.0,62893.0,80.0,215.0,1.0,5.0,1.0,5.0,5.0,1.0,1.0,1.0,1.0,,,2.3333333333333335,1.0,,,5.0,5.0,4.5,3.0,5.0,2.0,,,,1.0,,2.0,,5.0,,,1.0,1.0,5.0,5.0,,,5.0,1.0,,,,,,,,,,,,
groinunratedbattery,2020-09-10,8.0,0.0,1.0,0.0,54.0,51.0,0.0,11.0,6419.614547632133,572.0,16468.0,115.0,149.0,1.0,5.0,1.0,5.0,5.0,1.0,1.0,1.0,1.0,,,,1.0,,,,5.0,,3.25,5.0,1.0,,5.0,1.0,,,,,,5.0,1.0,1.0,1.0,5.0,5.0,5.0,,5.0,1.0,,,,,,,,,,,,
groinunratedbattery,2020-09-11,1.0,0.0,0.0,0.0,36.0,36.0,0.0,6.0,3825.0096662517135,605.0,57461.0,73.0,148.0,1.0,5.0,1.0,5.0,5.0,1.0,1.0,1.0,1.0,,,,2.0,5.0,,5.0,,,2.5,,4.5,5.0,5.0,1.0,,5.0,,,,5.0,1.0,1.0,,5.0,5.0,5.0,1.0,,,,,,,,,,,,,,
groinunratedbattery,2020-09-12,0.0,0.0,0.0,0.0,54.0,33.0,0.0,3.0,4267.626953893688,477.0,68856.0,50.0,163.0,1.0,5.0,1.0,5.0,5.0,1.0,1.0,1.0,1.0,,,3.0,1.0,5.0,,5.0,,5.0,1.0,5.0,2.3333333333333335,5.0,5.0,,,5.0,,5.0,,5.0,,,,5.0,4.833333333333333,,1.0,,,,1.0,,,,,,,,,,
groinunratedbattery,2020-09-13,0.0,0.0,1.0,0.0,43.0,36.0,0.0,7.0,3806.942312215232,584.0,51841.0,60.0,121.0,1.0,5.0,1.0,5.0,5.0,1.0,1.0,1.0,1.0,,,1.0,1.0,5.0,2.0,5.0,,,1.0,4.666666666666667,,,5.0,,,,,5.0,,5.0,,,,,5.0,5.0,1.0,5.0,,,1.0,,,,,,,,,,
groinunratedbattery,2020-09-14,0.0,0.0,0.0,0.0,49.0,20.0,0.0,2.0,4568.56390137882,478.0,71069.0,43.0,107.0,1.0,5.0,1.0,5.0,5.0,1.0,1.0,1.0,1.0,,,,1.0,5.0,,,5.0,,,,4.0,,,,,,2.0,,,,1.0,,1.0,,5.0,5.0,,,,,,,,,,,,,,,
groinunratedbattery,2020-09-15,1.0,0.0,2.0,0.0,39.0,37.0,0.0,6.0,3922.870523181267,620.0,61910.0,60.0,113.0,1.0,5.0,1.0,5.0,5.0,1.0,1.0,1.0,1.0,,,,1.0,5.0,2.0,,5.0,,1.0,,2.5,,5.0,,,5.0,2.0,,,,1.0,1.0,1.0,,5.0,5.0,1.0,,,,,,,,,,,,,,
groinunratedbattery,2020-09-16,0.0,0.0,1.0,0.0,38.0,46.0,0.0,1.0,5118.1538342017975,550.0,64792.0,87.0,150.0,1.0,5.0,1.0,4.0,5.0,1.0,1.0,1.0,1.0,,,5.0,,5.0,2.5,,,,1.0,5.0,,,5.0,1.0,,5.0,1.0,,1.0,,1.75,1.0,1.0,5.0,,5.0,1.0,,,1.0,,,,,,,,,,,
groinunratedbattery,2020-09-17,4.0,0.0,0.0,0.0,38.0,73.0,0.0,6.0,5388.6559486055285,612.0,61367.0,92.0,167.0,1.0,5.0,1.0,5.0,5.0,1.0,1.0,1.0,1.0,,,5.0,,,,,,,1.0,5.0,,,,1.0,,,1.0,,5.0,,1.0,,,5.0,,4.75,1.0,,,,,,,,,,,,,,
groinunratedbattery,2020-09-18,0.0,0.0,1.0,0.0,41.0,47.0,0.0,7.0,4945.112028659954,354.0,65775.0,71.0,131.0,1.0,5.0,1.0,5.0,5.0,1.0,1.0,1.0,1.0,,,,,,,,,,,,,,,,,,,,,,,,,,,,,,,,,,,,,,,,,,
groinunratedbattery,2020-09-19,4.0,0.0,0.0,0.0,61.0,33.0,0.0,2.0,3447.0544759133045,492.0,66733.0,45.0,151.0,1.0,5.0,1.0,5.0,5.0,1.0,1.0,1.0,1.0,,,,,,,,,,,,,,,,,,,,,,,,,,,,,,,,,,,,,,,,,,
groinunratedbattery,2020-09-20,0.0,1.0,0.0,0.0,61.0,49.0,0.0,7.0,3620.088949956436,411.0,65781.0,72.0,134.0,1.0,5.0,1.0,5.0,4.875,1.0,1.0,1.0,1.0,,,,,,,,,,,,,,,,,,,,,,,,,,,,,,,,,,,,,,,,,,
groinunratedbattery,2020-09-21,0.0,0.0,1.0,0.0,44.0,65.0,0.0,8.0,5521.417284803249,418.0,59818.0,74.0,148.0,1.0,5.0,2.0,5.0,5.0,1.0,1.0,1.0,1.0,,,4.0,1.0,5.0,,5.0,,,,,,4.8,,,1.0,,,,3.0,,1.0,,,,,5.0,,,,,1.0,,,,,,,,,,
groinunratedbattery,2020-09-22,0.0,0.0,1.0,0.0,58.0,29.0,0.0,2.0,5783.1508729579255,551.0,34292.0,72.0,143.0,1.0,5.0,1.0,5.0,5.0,1.0,1.0,1.0,1.0,,,3.0,1.0,5.0,3.6,5.0,5.0,,,,,5.0,5.0,,1.0,,,,2.3333333333333335,,1.0,1.0,,,5.0,5.0,,,,,1.0,,,,,,,,,,
groinunratedbattery,2020-09-23,0.0,0.0,0.0,0.0,36.0,18.0,0.0,3.0,4005.5412781860337,472.0,66027.0,78.0,130.0,1.0,5.0,1.0,5.0,5.0,1.0,1.0,1.0,1.0,,,,,5.0,2.75,5.0,4.75,,1.0,5.0,,5.0,5.0,1.0,1.0,,,,5.0,,1.0,1.0,1.0,5.0,5.0,5.0,,,,,,,,,,,,,,,
groinunratedbattery,2020-09-24,0.0,0.0,2.0,0.0,75.0,38.0,0.0,5.0,6241.7911285150185,422.0,61031.0,110.0,202.0,1.0,5.0,1.0,5.0,5.0,1.0,1.0,1.0,1.0,,,3.6666666666666665,,5.0,,5.0,5.0,5.0,1.0,5.0,,5.0,,1.0,1.0,5.0,,5.0,,,,1.0,1.0,5.0,4.5,5.0,,,,1.0,,,,,,,,,,,
groinunratedbattery,2020-09-25,0.0,0.0,0.0,0.0,39.0,55.0,0.0,7.0,5853.109049911849,392.0,55589.0,79.0,206.0,1.0,5.0,1.0,5.0,5.0,1.0,1.0,1.0,1.0,4.0,,5.0,,5.0,3.5,,,4.666666666666667,1.0,5.0,,5.0,,,1.0,5.0,,5.0,,,,,,,,5.0,1.0,,1.0,1.0,,,,,,,,,,,
groinunratedbattery,2020-09-26,0.0,0.0,0.0,0.0,21.0,22.0,0.0,3.0,4800.460183974283,552.0,78983.0,31.0,,1.0,5.0,1.0,5.0,5.0,1.0,1.0,1.0,1.0,2.5,5.0,,,,1.0,,,5.0,1.0,5.0,,5.0,,,1.0,,,5.0,,,,,,5.0,,,,,,,,,,,,,,,,,
groinunratedbattery,2020-09-27,0.0,0.0,1.0,0.0,43.0,39.0,0.0,5.0,4391.367122652302,649.0,69473.0,66.0,160.0,1.0,5.0,1.0,5.0,5.0,1.0,1.0,1.0,1.0,3.25,5.0,,,,1.0,,5.0,3.0,,,1.0,,5.0,2.0,,,,4.5,5.0,,1.0,,1.0,,5.0,5.0,,5.0,1.0,1.0,,,,,,,,,,,
groinunratedbattery,2020-09-28,0.0,0.0,0.0,0.0,54.0,37.0,0.0,9.0,6476.135658169607,379.0,65445.0,95.0,102.0,1.0,5.0,1.0,5.0,5.0,1.0,1.0,1.0,1.0,4.0,5.0,4.0,,5.0,2.75,,5.0,2.5,,5.0,1.0,5.0,,1.0,,,,5.0,5.0,,1.0,,1.0,,,,1.0,,,,1.0,,,,,,,,,,
groinunratedbattery,2020-09-29,0.0,0.0,0.0,0.0,32.0,47.0,0.0,2.0,91.25844881760467,585.0,63358.0,76.0,102.0,1.0,5.0,1.0,5.0,5.0,1.0,1.0,1.0,1.0,4.5,,1.6666666666666667,,5.0,2.0,,5.0,,,5.0,,5.0,5.0,,,5.0,2.5,,3.5,5.0,1.0,1.0,,,,,,4.0,,1.0,1.0,,,,,,,,,,
groinunratedbattery,2020-09-30,6.0,0.0,0.0,0.0,33.0,44.0,0.0,9.0,,,55980.0,57.0,216.0,1.0,5.0,1.0,5.0,5.0,1.0,1.0,1.0,1.0,,,1.0,,,,,,,,,,5.0,5.0,,,5.0,,,,5.0,,1.0,,,,,,,,1.0,,,,,,,,,,,
groinunratedbattery,2020-10-01,0.0,0.0,2.0,0.0,46.0,65.0,0.0,8.0,1305.5610463412909,64.0,54915.0,131.0,147.0,1.0,5.0,1.0769230769230769,5.0,5.0,1.0,1.0769230769230769,1.0,1.0,,,5.0,,,,5.0,5.0,,,,2.5,,,,,,,,,,,,,5.0,,5.0,,,1.0,1.0,,,,,,,,,,,
groinunratedbattery,2020-10-02,0.0,0.0,0.0,0.0,44.0,33.0,0.0,6.0,2910.5727941228224,54.0,64143.0,65.0,161.0,1.0,5.0,1.0,5.0,5.0,1.0,1.0,1.0,1.0,,,,,,,,,,,,,,,,,,,,,,,,,,,,,,,,,,,,,,,,,,
groinunratedbattery,2020-10-03,0.0,0.0,1.0,0.0,50.0,38.0,0.0,5.0,3653.691288923924,589.0,56968.0,67.0,156.0,1.0,5.0,1.0,4.875,4.875,1.0,1.0,1.0,1.0,,,,,,,,,,,,,,,,,,,,,,,,,,,,,,,,,,,,,,,,,,
groinunratedbattery,2020-10-04,0.0,0.0,0.0,0.0,59.0,49.0,0.0,3.0,3425.683998750327,332.0,65902.0,62.0,162.0,1.0,5.0,1.0,5.0,5.0,1.0,1.0,1.0,1.0,,,,,,,,,,,,,,,,,,,,,,,,,,,,,,,,,,,,,,,,,,
groinunratedbattery,2020-10-05,0.0,0.0,0.0,0.0,41.0,40.0,0.0,2.0,4409.195083218009,555.0,59103.0,78.0,,1.0,5.0,1.0,5.0,5.0,1.0,1.0,1.0,1.0,3.6666666666666665,5.0,,1.0,,4.0,,,,1.0,,,,5.0,,,,,,,5.0,1.0,,,5.0,5.0,5.0,1.0,,,,,,,,,,,,,,
groinunratedbattery,2020-10-06,2.0,0.0,0.0,0.0,47.0,42.0,0.0,6.0,4904.46230560607,571.0,60788.0,69.0,,1.0,5.0,1.0,5.0,5.0,1.0,1.0,1.0,1.0,3.5,,,1.0,5.0,,,,,1.0,5.0,,,5.0,1.0,1.0,,1.0,5.0,,5.0,1.0,1.0,,5.0,5.0,5.0,1.0,,,1.0,,,,,,,,,,,
groinunratedbattery,2020-10-07,0.0,0.0,0.0,0.0,43.0,31.0,0.0,3.0,4199.193530171945,513.0,27616.0,89.0,,1.0,5.0,1.0,5.0,5.0,1.0,1.0,1.0,1.0,2.6666666666666665,5.0,,,5.0,,,,3.75,,5.0,,5.0,,1.0,1.0,,1.0,5.0,,,1.0,1.0,1.0,,5.0,5.0,,,,1.0,,,,,,,,,,,
groinunratedbattery,2020-10-08,0.0,0.0,0.0,0.0,31.0,42.0,0.0,6.0,5159.5789354608605,429.0,62519.0,85.0,,1.0,5.0,1.0,4.0,4.0,1.0,1.0,1.0,1.0,3.4285714285714284,,,,5.0,,,5.0,5.0,,5.0,,5.0,,1.0,1.0,,,,,,,1.0,1.0,4.5,5.0,5.0,,5.0,,1.0,1.0,,,,,,,,,,
groinunratedbattery,2020-10-09,0.0,0.0,0.0,0.0,44.0,51.0,0.0,9.0,6109.188959596738,296.0,59821.0,68.0,,1.0,5.0,1.0,5.0,5.0,1.0,1.0,1.0,1.0,2.4,5.0,,,,4.0,5.0,5.0,,,5.0,,5.0,5.0,1.0,,5.0,,,,4.5,,1.0,1.0,5.0,5.0,5.0,,5.0,,1.0,1.0,,,,,,,,,,
groinunratedbattery,2020-10-10,0.0,0.0,0.0,0.0,58.0,50.0,0.0,2.0,4337.687697650871,510.0,54347.0,79.0,154.0,1.0,5.0,1.0,4.0,5.0,1.0,1.0,1.0,1.0,2.8,,,,,1.0,4.857142857142857,,5.0,,,,5.0,5.0,1.0,,5.0,,5.0,,5.0,,,1.0,,5.0,5.0,1.0,5.0,,1.0,,,,,,,,,,,
groinunratedbattery,2020-10-11,0.0,0.0,0.0,0.0,46.0,38.0,0.0,4.0,4631.397508147702,471.0,61033.0,53.0,,1.0,5.0,1.0,5.0,5.0,1.0,1.0,1.0,1.0,3.0,,,,,1.0,5.0,,5.0,,,,5.0,5.0,1.0,1.0,5.0,1.0,5.0,,5.0,1.0,,1.0,,,5.0,1.0,,,1.0,,,,,,,,,,,
groinunratedbattery,2020-10-12,0.0,0.0,1.0,0.0,59.0,43.0,0.0,4.0,5654.172210257048,391.0,64914.0,61.0,118.0,1.0,5.0,1.0,4.0,5.0,1.0,1.0,1.0,1.0,2.8,5.0,,1.0,,4.0,,,5.0,1.0,,,,5.0,1.0,1.0,,2.0,5.0,1.0,,1.0,,,,,5.0,1.0,,,,,,,,,,,,,,
groinunratedbattery,2020-10-13,7.0,0.0,0.0,0.0,60.0,55.0,0.0,7.0,4949.907999233988,493.0,61209.0,67.0,155.0,1.0,5.0,1.0,5.0,5.0,1.0,1.0,1.0,1.0,3.25,,3.6666666666666665,1.0,,2.0,,5.0,,1.0,,,,5.0,,1.0,,1.0,5.0,,,,,1.0,4.5,,5.0,,5.0,,,1.0,,,,,,,,,,
groinunratedbattery,2020-10-14,0.0,0.0,3.0,0.0,48.0,37.0,0.0,4.0,5537.821408383906,437.0,65161.0,59.0,150.0,1.0,5.0,1.0,5.0,5.0,1.0,1.0,1.0,1.0,,,5.0,,,1.0,,5.0,5.0,1.0,5.0,,,5.0,,1.0,,,,,,,,1.0,5.0,5.0,5.0,,,,,1.0,,,,,,,,,,
groinunratedbattery,2020-10-15,0.0,0.0,1.0,0.0,47.0,47.0,0.0,8.0,6121.864501674019,538.0,60647.0,77.0,131.0,1.0,5.0,1.0,4.909090909090909,5.0,1.0,1.0,1.0,1.0,2.5,,3.6666666666666665,,,,,5.0,4.5,,,4.5,,,,1.0,,,,,5.0,,,,5.0,5.0,,,,,,1.0,,,,,,,,,,
groinunratedbattery,2020-10-16,0.0,0.0,2.0,0.0,53.0,47.0,0.0,7.0,4688.589750927027,467.0,20237.0,69.0,153.0,1.0,5.0,1.0,5.0,5.0,1.0,1.0833333333333333,1.0,1.0,,,,,,,,,,,,,,,,,,,,,,,,,,,,,,,,,,,,,,,,,,
groinunratedbattery,2020-10-17,0.0,0.0,0.0,0.0,57.0,45.0,0.0,6.0,4314.38520821774,452.0,58400.0,77.0,131.0,1.0,5.0,1.0,5.0,5.0,1.0,1.0,1.0,1.0,,,,,,,,,,,,,,,,,,,,,,,,,,,,,,,,,,,,,,,,,,
groinunratedbattery,2020-10-18,0.0,0.0,0.0,0.0,61.0,44.0,0.0,3.0,3813.9494201364087,481.0,64596.0,43.0,95.0,1.0,4.9,1.0,5.0,5.0,1.0,1.0,1.0,1.0,,,,,,,,,,,,,,,,,,,,,,,,,,,,,,,,,,,,,,,,,,
groinunratedbattery,2020-10-19,1.0,0.0,0.0,0.0,87.0,29.0,0.0,4.0,4368.9277020390455,359.0,63381.0,55.0,137.0,1.0,5.0,1.0,5.0,5.0,1.0,1.0,1.0,1.0,3.0,,,,,,5.0,,5.0,,,,,5.0,,,4.666666666666667,,,5.0,,,1.0,,5.0,5.0,5.0,,,,1.0,,,,,,,,,,,
groinunratedbattery,2020-10-20,0.0,0.0,0.0,0.0,58.0,35.0,0.0,7.0,6335.167260774839,551.0,58148.0,61.0,123.0,1.0,5.0,1.0,5.0,5.0,1.0,1.0,1.0,1.0,3.3333333333333335,5.0,,1.0,,,5.0,,3.6666666666666665,,,,5.0,5.0,,1.0,5.0,4.5,5.0,5.0,,,1.0,1.0,5.0,5.0,5.0,,,,1.0,,,,,,,,,,,
groinunratedbattery,2020-10-21,0.0,0.0,1.0,0.0,63.0,23.0,0.0,1.0,4283.041594391892,535.0,69439.0,82.0,148.0,1.0,5.0,1.0,5.0,5.0,1.0,1.0,1.0,1.0,2.7142857142857144,5.0,3.0,1.0,,,,,5.0,,,,5.0,,1.0,1.0,,2.0,5.0,,5.0,1.0,,1.0,,5.0,4.75,,,1.0,1.0,,,,,,,,,,,
groinunratedbattery,2020-10-22,6.0,0.0,2.0,0.0,73.0,75.0,0.0,18.0,8219.015212763128,485.0,54137.0,148.0,145.0,1.0,5.0,1.0,5.0,5.0,1.0,1.0,1.0,1.0,1.0,5.0,3.0,,,,5.0,,5.0,,,,5.0,5.0,1.0,,,1.0,5.0,,5.0,1.0,1.0,1.0,5.0,5.0,5.0,,5.0,1.0,1.0,,,,,,,,,,,
groinunratedbattery,2020-10-23,6.0,0.0,0.0,0.0,73.0,56.0,0.0,3.0,4758.185117655765,404.0,65262.0,69.0,80.0,1.0,5.0,1.0,5.0,5.0,1.0,1.0,1.0,1.0,3.0,,,1.0,5.0,,5.0,5.0,,,5.0,,5.0,5.0,1.0,,5.0,1.75,,,5.0,,1.0,1.0,5.0,,5.0,1.0,,,1.0,,,,,,,,,,,
groinunratedbattery,2020-10-24,0.0,0.0,3.0,0.0,77.0,41.0,0.0,3.0,4187.880612316953,615.0,65905.0,81.0,226.0,1.0,5.0,1.0,5.0,5.0,1.0,1.0,1.0,1.0,1.0,,5.0,1.0,5.0,3.0,,5.0,,1.0,5.0,1.0,,,,,5.0,2.5,5.0,,,,1.0,1.0,,5.0,4.5,,5.0,1.0,,,,,,,,,,,,
groinunratedbattery,2020-10-25,0.0,0.0,0.0,0.0,78.0,36.0,0.0,4.0,3840.227453749338,404.0,69797.0,70.0,128.0,1.0,5.0,1.0,5.0,5.0,1.0,1.0,1.0,1.0,2.0,,3.0,,,1.0,,5.0,,1.0,5.0,1.0,,,1.0,,,,,,,,,1.0,5.0,5.0,5.0,,,1.75,1.0,1.0,,,,,,,,,,
groinunratedbattery,2020-10-26,0.0,0.0,0.0,0.0,46.0,43.0,0.0,8.0,5804.665650873482,402.0,59028.0,111.0,227.0,1.0,5.0,1.0,5.0,5.0,1.0,1.0,1.0,1.0,2.2,,4.0,1.0,,2.0,5.0,4.5,,,5.0,,,5.0,1.0,,5.0,,5.0,,,1.0,,1.0,5.0,,5.0,,,1.0,1.0,1.0,,,,,,,,,,
groinunratedbattery,2020-10-27,0.0,0.0,0.0,0.0,51.0,44.0,0.0,8.0,4760.247382747166,367.0,63618.0,94.0,175.0,1.0,5.0,1.0,5.0,5.0,1.0,1.0,1.0,1.0,1.0,5.0,,1.0,5.0,1.0,5.0,,,,5.0,,,5.0,,,5.0,,5.0,5.0,,1.0,1.0,1.0,,,,,5.0,1.0,1.0,,,,,,,,,,,
groinunratedbattery,2020-10-28,0.0,0.0,0.0,0.0,47.0,23.0,0.0,4.0,5701.21598100266,351.0,60440.0,73.0,185.0,1.0,5.0,1.0,5.0,5.0,1.0,1.0,1.0,1.0,1.0,5.0,,1.0,,1.75,,,,1.0,5.0,,4.8,5.0,,1.0,5.0,,,3.4,,,1.0,1.0,5.0,,,,,,1.0,1.0,,,,,,,,,,
groinunratedbattery,2020-10-29,2.0,0.0,0.0,0.0,49.0,38.0,0.0,4.0,6885.896288081793,450.0,51856.0,62.0,136.0,1.0,5.0,1.0,5.0,5.0,1.0,1.0,1.0,1.0,1.75,,,,,1.0,5.0,,,1.0,5.0,1.0,5.0,5.0,,1.0,,,5.0,2.3333333333333335,,,,,5.0,5.0,,,,,1.0,1.0,,,,,,,,,,
groinunratedbattery,2020-10-30,9.0,0.0,0.0,0.0,51.0,64.0,0.0,14.0,6081.417751612308,509.0,50906.0,83.0,90.0,1.0,5.0,1.0,4.923076923076923,4.923076923076923,1.0,1.0,1.0,1.0,1.0,5.0,,,,1.0,5.0,,5.0,,5.0,1.0,,,,1.0,,,4.5,1.0,,,,,,5.0,,,,,1.0,,,,,,,,,,,
groinunratedbattery,2020-10-31,12.0,0.0,0.0,0.0,47.0,49.0,0.0,4.0,4022.893399815304,597.0,22955.0,67.0,123.0,1.1666666666666667,5.0,1.0,5.0,4.916666666666667,1.0,1.0,1.0,1.0,,,,,,,,,,,,,,,,,,,,,,,,,,,,,,,,,,,,,,,,,,
groinunratedbattery,2020-11-01,0.0,0.0,1.0,0.0,42.0,44.0,0.0,5.0,3633.985179719914,342.0,63678.0,57.0,140.0,1.0,5.0,1.0,5.0,5.0,1.0,1.0,1.0,1.0,,,,,,,,,,,,,,,,,,,,,,,,,,,,,,,,,,,,,,,,,,
groinunratedbattery,2020-11-02,7.0,0.0,0.0,0.0,43.0,63.0,0.0,8.0,152.8165896351691,461.0,56978.0,62.0,107.0,1.0,5.0,1.0,5.0,5.0,1.0,1.0,1.0,1.0,,,,,,,,,,,,,,,,,,,,,,,,,,,,,,,,,,,,,,,,,,
groinunratedbattery,2020-11-03,10.0,0.0,1.0,0.0,82.0,70.0,0.0,10.0,6910.119692786125,65.0,27278.0,91.0,,1.0,4.0,2.0,5.0,5.0,1.0,1.0,1.0,1.0,1.0,5.0,,,,4.0,,,,1.0,5.0,,5.0,,,,,,,5.0,,,1.0,1.0,,,,1.0,,,,1.0,,,,,,,,,,
groinunratedbattery,2020-11-04,0.0,0.0,0.0,0.0,48.0,36.0,0.0,4.0,4090.662028213768,620.0,62576.0,56.0,,1.0,5.0,1.0,5.0,5.0,1.0,1.0,1.0,1.0,2.7142857142857144,5.0,,,5.0,1.0,,,,1.0,5.0,,5.0,,1.0,,5.0,,5.0,5.0,,1.0,,1.0,,5.0,,1.0,5.0,,,1.0,,,,,,,,,,
groinunratedbattery,2020-11-05,0.0,0.0,0.0,0.0,38.0,66.0,0.0,7.0,5194.24117219294,457.0,61958.0,84.0,115.0,1.0,5.0,1.0,5.0,5.0,1.0,1.0,1.0,1.0,1.0,5.0,,,5.0,1.0,,,5.0,1.0,5.0,,4.666666666666667,,1.0,,,1.0,5.0,,,1.0,,,5.0,5.0,,1.0,,,1.0,,,,,,,,,,,
groinunratedbattery,2020-11-06,0.0,0.0,0.0,0.0,36.0,38.0,0.0,6.0,4895.7492855565015,639.0,60001.0,81.0,,1.0,5.0,1.0,5.0,5.0,1.0,1.0,1.0,1.0,3.6,,,,5.0,1.0,,,3.0,1.0,5.0,5.0,5.0,,1.0,,,3.8,5.0,1.0,,1.0,,,4.75,,5.0,1.0,5.0,,1.0,1.0,,,,,,,,,,
groinunratedbattery,2020-11-07,0.0,0.0,1.0,0.0,39.0,44.0,0.0,1.0,5278.206564311808,493.0,56821.0,69.0,148.0,1.0,5.0,1.0,5.0,5.0,1.0,1.0,1.0,1.0,1.375,5.0,,,,1.0,5.0,,,1.0,,1.0,,,1.0,,,1.0,5.0,1.0,5.0,1.0,,,,5.0,5.0,,5.0,,,1.0,,,,,,,,,,
groinunratedbattery,2020-11-08,0.0,0.0,2.0,0.0,31.0,38.0,0.0,3.0,3567.637756968157,634.0,67652.0,62.0,130.0,1.0,5.0,1.0,5.0,5.0,1.0,1.0,1.0,1.0,1.0,,,,,1.0,5.0,,,1.0,5.0,,,5.0,,,,,5.0,1.0,5.0,,1.0,,,4.75,5.0,,,,,1.0,,,,,,,,,,
groinunratedbattery,2020-11-09,0.0,0.0,0.0,0.0,25.0,11.0,0.0,0.0,6273.5466590631,444.0,23057.0,99.0,170.0,1.0,5.0,1.0,5.0,5.0,1.0,1.0,1.0,1.0,1.75,5.0,,1.0,5.0,1.5,5.0,5.0,,1.0,5.0,,,4.666666666666667,,,,,5.0,1.0,,,1.0,1.0,,5.0,,1.0,,,,1.0,,,,,,,,,,
groinunratedbattery,2020-11-10,0.0,0.0,1.0,0.0,4.0,5.0,0.0,0.0,5483.86645347481,547.0,25209.0,72.0,166.0,1.0,5.0,1.0,5.0,5.0,1.0,1.0,1.0,1.0,1.0,5.0,,1.0,5.0,1.0,,5.0,5.0,,5.0,,,5.0,,1.0,5.0,,5.0,,,1.0,,1.0,,5.0,5.0,1.0,,,,1.0,,,,,,,,,,
groinunratedbattery,2020-11-11,0.0,0.0,0.0,0.0,5.0,3.0,0.0,1.0,6305.728372839895,486.0,53464.0,91.0,128.0,1.0,5.0,1.0,5.0,5.0,1.0,1.0,1.0,1.0,1.0,5.0,,1.0,5.0,1.0,,5.0,5.0,,5.0,,,,1.0,1.0,5.0,4.0,5.0,,5.0,,,,,,,1.0,,,,1.0,,,,,,,,,,
groinunratedbattery,2020-11-12,0.0,0.0,0.0,0.0,5.0,3.0,0.0,0.0,7070.763594153847,412.0,56036.0,137.0,171.0,1.0,5.0,1.0,5.0,5.0,1.0,1.0,1.0,1.0,2.0,5.0,,1.0,5.0,4.0,,5.0,,,5.0,,,,1.0,,5.0,2.3333333333333335,5.0,5.0,5.0,,1.0,,,5.0,5.0,1.0,,,2.3333333333333335,,,,,,,,,,,
groinunratedbattery,2020-11-13,0.0,0.0,0.0,0.0,2.0,8.0,0.0,0.0,4145.882045833661,601.0,65762.0,65.0,,1.0,5.0,1.0,5.0,5.0,1.0,1.0,1.0,1.0,2.0,,,,,,,,5.0,1.0,5.0,,,5.0,,,5.0,,5.0,,5.0,,1.0,,,,,1.0,,,1.0,,,,,,,,,,,
groinunratedbattery,2020-11-14,6.0,0.0,0.0,0.0,45.0,50.0,0.0,13.0,5260.052562535722,471.0,21107.0,89.0,,1.0,4.857142857142857,1.0,5.0,5.0,1.0,1.0,1.0,1.0,3.0,4.0,,,,,,,5.0,1.0,5.0,,,5.0,1.0,,5.0,,5.0,,4.5,,,,,,,1.0,,,,,,,,,,,,,,
groinunratedbattery,2020-11-15,0.0,0.0,0.0,0.0,36.0,41.0,0.0,4.0,3383.847562829252,470.0,65935.0,60.0,174.0,1.0,5.0,1.0,5.0,5.0,1.0,1.0,1.0,1.0,,,,,,,,,,,,,,,,,,,,,,,,,,,,,,,,,,,,,,,,,,
groinunratedbattery,2020-11-16,0.0,0.0,0.0,0.0,28.0,29.0,0.0,3.0,4399.852158470017,542.0,29786.0,41.0,129.0,1.0,4.916666666666667,1.0833333333333333,5.0,5.0,1.0,1.0833333333333333,1.0,1.0,,,,,,,,,,,,,,,,,,,,,,,,,,,,,,,,,,,,,,,,,,
groinunratedbattery,2020-11-17,0.0,0.0,0.0,0.0,28.0,31.0,0.0,6.0,4849.303341988581,472.0,65951.0,55.0,75.0,1.0,5.0,1.0,5.0,5.0,1.0,1.0,1.0,1.0,,,,,,,,,,,,,,,,,,,,,,,,,,,,,,,,,,,,,,,,,,
groinunratedbattery,2020-11-18,0.0,0.0,2.0,0.0,33.0,40.0,0.0,9.0,5179.581964949372,576.0,55283.0,70.0,230.0,1.0,5.0,1.0,5.0,5.0,1.0,1.0,1.0,1.0,1.0,,,,5.0,4.0,,,5.0,1.0,5.0,1.0,,,,,,,,,,,,,5.0,5.0,,,,,1.0,1.0,,,,,,,,,,
groinunratedbattery,2020-11-19,18.0,0.0,0.0,0.0,40.0,49.0,0.0,6.0,5726.553755348376,305.0,60977.0,52.0,203.0,1.0,5.0,1.0,5.0,5.0,1.0,1.0,1.0,1.0,2.0,5.0,,,5.0,4.0,,5.0,5.0,1.0,5.0,1.0,,,1.0,,,,,,,,,,5.0,5.0,,1.0,,,,1.0,,,,,,,,,,
groinunratedbattery,2020-11-20,0.0,0.0,0.0,0.0,37.0,36.0,0.0,2.0,4380.735533193134,664.0,60982.0,59.0,189.0,1.0,5.0,1.0,5.0,5.0,1.0,1.0,1.0,1.0,2.5,5.0,,1.0,5.0,,5.0,5.0,5.0,,5.0,1.0,,3.0,1.0,,,,,,5.0,,,,5.0,5.0,,1.0,,,1.0,1.0,,,,,,,,,,
groinunratedbattery,2020-11-21,1.0,0.0,0.0,0.0,35.0,33.0,0.0,3.0,4954.537323485245,475.0,61443.0,56.0,162.0,1.0,5.0,2.0,5.0,5.0,1.0,1.0,1.0,1.0,3.857142857142857,5.0,,,5.0,2.5,5.0,,5.0,,5.0,2.5,,5.0,1.0,,5.0,4.666666666666667,,,5.0,,,,5.0,5.0,,1.0,,1.0,1.0,,,,,,,,,,,
groinunratedbattery,2020-11-22,0.0,0.0,0.0,0.0,30.0,36.0,0.0,5.0,4928.9449867952335,505.0,66853.0,43.0,196.0,1.0,5.0,1.0,5.0,5.0,1.0,1.0,1.0,1.0,3.0,,,,5.0,1.75,,,5.0,,5.0,,,5.0,1.75,,5.0,2.5,,,5.0,1.0,,,5.0,5.0,5.0,,,1.0,,1.0,,,,,,,,,,
groinunratedbattery,2020-11-23,0.0,0.0,1.0,0.0,39.0,31.0,0.0,3.0,3959.187885912348,602.0,63110.0,43.0,151.0,1.0,5.0,1.0,5.0,5.0,1.0,1.0,1.0,1.0,3.8,5.0,,,,2.0,,,5.0,1.0,4.666666666666667,,,5.0,,,5.0,3.3333333333333335,,2.3333333333333335,5.0,1.0,,,5.0,4.75,,,5.0,1.0,,1.0,,,,,,,,,,
groinunratedbattery,2020-11-24,1.0,0.0,1.0,0.0,25.0,41.0,0.0,5.0,6767.542653678573,608.0,23470.0,79.0,138.0,1.0,4.0,1.0,5.0,5.0,1.0,1.0,1.0,1.0,2.75,5.0,,1.0,,1.0,,5.0,5.0,1.6,,3.0,,5.0,,,,2.3333333333333335,5.0,1.0,,,,,5.0,,5.0,,,1.0,1.0,,,,,,,,,,,
groinunratedbattery,2020-11-25,0.0,0.0,1.0,0.0,48.0,45.0,0.0,8.0,6992.207963180583,501.0,64690.0,91.0,156.0,1.0,5.0,3.0,5.0,5.0,1.0,1.0,1.0,1.0,3.4285714285714284,5.0,,1.0,,2.5,,4.75,,2.5,5.0,5.0,5.0,,1.0,,,1.0,5.0,,5.0,1.0,1.0,,5.0,5.0,5.0,,,,1.0,,,,,,,,,,,
groinunratedbattery,2020-11-26,0.0,0.0,0.0,0.0,24.0,36.0,0.0,3.0,3541.2525954433595,480.0,60801.0,46.0,180.0,1.0,5.0,1.0,5.0,5.0,1.0,1.0,1.0,1.0,1.6,,,1.0,,1.0,,5.0,,,5.0,,5.0,,1.0,,,1.0,,,,1.0,1.0,1.0,5.0,5.0,5.0,,,,1.0,,,,,,,,,,,
groinunratedbattery,2020-11-27,0.0,0.0,1.0,0.0,40.0,52.0,0.0,3.0,5682.466777806788,394.0,57799.0,110.0,197.0,1.0,5.0,1.0,5.0,5.0,1.0,1.0,1.0,1.0,2.4,5.0,,2.0,5.0,2.0,,5.0,,,5.0,,,,,,5.0,,,,,1.0,,1.0,5.0,5.0,5.0,1.0,5.0,,1.0,1.0,,,,,,,,,,
groinunratedbattery,2020-11-28,0.0,0.0,0.0,0.0,43.0,16.0,0.0,3.0,4406.301528275108,461.0,70247.0,61.0,173.0,1.0,4.916666666666667,1.1666666666666667,5.0,5.0,1.0,1.0,1.0,1.0,2.2,5.0,,1.0,4.666666666666667,1.0,,,,,5.0,,,,,,5.0,,,,,,,1.0,5.0,,5.0,1.0,,,,1.0,,,,,,,,,,
groinunratedbattery,2020-11-29,0.0,0.0,0.0,0.0,24.0,42.0,0.0,3.0,4435.216981288962,569.0,67290.0,57.0,140.0,1.0,5.0,1.0,5.0,5.0,1.0,1.0,1.0,1.0,,,,,,,,,,,,,,,,,,,,,,,,,,,,,,,,,,,,,,,,,,
groinunratedbattery,2020-11-30,0.0,0.0,1.0,0.0,28.0,35.0,0.0,2.0,3946.18129715016,429.0,65042.0,66.0,191.0,1.0,4.916666666666667,1.0,5.0,4.916666666666667,1.0,1.0,1.0,1.0,,,,,,,,,,,,,,,,,,,,,,,,,,,,,,,,,,,,,,,,,,
groinunratedbattery,2020-12-01,0.0,0.0,0.0,0.0,53.0,42.0,0.0,9.0,6139.46073578797,541.0,67703.0,63.0,140.0,1.0,5.0,1.0769230769230769,5.0,5.0,1.0,1.0,1.0,1.0,,,,,,,,,,,,,,,,,,,,,,,,,,,,,,,,,,,,,,,,,,
groinunratedbattery,2020-12-02,0.0,0.0,0.0,0.0,27.0,38.0,0.0,3.0,4929.425517497708,619.0,63952.0,69.0,200.0,1.0,5.0,1.0,5.0,5.0,1.0,1.0,1.0,1.0,3.0,,,1.0,,,,,,,5.0,,5.0,,1.0,1.0,,1.0,,,,,,,5.0,,,1.0,,,,1.0,,,,,,,,,,
groinunratedbattery,2020-12-03,0.0,0.0,0.0,0.0,35.0,47.0,0.0,2.0,4204.912309107937,522.0,71868.0,54.0,147.0,1.0,5.0,1.0,5.0,5.0,1.0,1.0,1.0,1.0,1.5,,,1.0,5.0,,,,5.0,,4.0,1.0,5.0,,1.0,1.0,5.0,1.0,,,5.0,1.0,1.0,,5.0,,,1.0,,,,1.0,,,,,,,,,,
groinunratedbattery,2020-12-04,0.0,0.0,0.0,0.0,45.0,36.0,0.0,3.0,6378.119394309477,463.0,58830.0,71.0,141.0,1.0,5.0,1.0,5.0,5.0,1.0,1.0,1.0,1.0,2.857142857142857,,,,5.0,1.0,,,5.0,,,3.3333333333333335,4.666666666666667,5.0,,,5.0,1.0,,,5.0,1.0,,,5.0,,,4.0,5.0,,,1.0,,,,,,,,,,
groinunratedbattery,2020-12-05,0.0,0.0,0.0,0.0,35.0,47.0,0.0,11.0,5311.107967634626,530.0,62898.0,59.0,,1.0,4.0,1.0,5.0,5.0,1.0,1.0,1.0,1.0,1.8571428571428572,5.0,,,5.0,1.0,,,,1.0,5.0,,,5.0,,1.0,5.0,,4.0,,,2.0,,,,,5.0,,5.0,1.0,,,,,,,,,,,,
groinunratedbattery,2020-12-06,0.0,0.0,0.0,0.0,50.0,37.0,0.0,8.0,4522.097353418745,644.0,69581.0,68.0,233.0,1.0,5.0,1.0,5.0,5.0,1.0,1.0,1.0,1.0,2.0,,5.0,,5.0,1.0,,,,1.0,,,,5.0,1.0,1.0,,2.5,5.0,1.0,,,1.0,1.0,,,5.0,,5.0,1.0,,1.0,,,,,,,,,,
groinunratedbattery,2020-12-07,0.0,0.0,11.0,0.0,36.0,44.0,0.0,2.0,7086.181404855298,514.0,64278.0,59.0,193.0,1.0,5.0,1.0,5.0,5.0,1.0,1.0,1.0,1.0,2.4285714285714284,5.0,1.0,,,,,,5.0,,5.0,,5.0,5.0,1.0,,5.0,1.0,,3.0,5.0,,,1.0,,,5.0,,5.0,,1.0,1.0,,,,,,,,,,
groinunratedbattery,2020-12-08,4.0,0.0,10.0,0.0,50.0,69.0,0.0,15.0,6957.4674627514105,518.0,18418.0,67.0,92.0,1.0,5.0,2.0,5.0,5.0,1.0,1.0,1.0,1.0,2.3333333333333335,5.0,,,5.0,,,4.666666666666667,4.2,1.0,5.0,,5.0,,1.0,,5.0,,,5.0,5.0,,,,,5.0,5.0,1.0,,,1.0,,,,,,,,,,,
groinunratedbattery,2020-12-09,0.0,0.0,1.0,0.0,25.0,35.0,0.0,7.0,5090.54073637359,454.0,64144.0,58.0,181.0,1.0,5.0,1.0,5.0,5.0,1.0,1.0,1.0,1.0,3.8,5.0,,,5.0,,,,5.0,2.8,5.0,5.0,,5.0,1.0,4.0,5.0,4.0,,,,,,1.0,5.0,5.0,5.0,1.0,,,1.0,,,,,,,,,,,
groinunratedbattery,2020-12-10,0.0,0.0,15.0,0.0,51.0,66.0,0.0,8.0,6169.750041703272,547.0,62017.0,63.0,,1.0,5.0,1.0,5.0,5.0,1.0,1.0,1.0,1.0,2.4285714285714284,5.0,,1.0,5.0,,,,5.0,1.0,,3.75,,5.0,,1.0,,1.6666666666666667,5.0,,,1.0,1.0,,5.0,5.0,,,,,1.0,,,,,,,,,,,
groinunratedbattery,2020-12-11,0.0,0.0,0.0,0.0,36.0,33.0,0.0,4.0,4225.162867696435,486.0,31903.0,39.0,248.0,1.0,5.0,1.0,5.0,5.0,1.0,1.0,1.0,1.0,3.0,,,,5.0,,,,4.666666666666667,1.0,5.0,,,,,,,1.0,5.0,,,1.0,1.0,,,5.0,,,,,,,,,,,,,,,,
groinunratedbattery,2020-12-12,0.0,0.0,0.0,0.0,47.0,44.0,0.0,5.0,5056.44596901504,571.0,26624.0,54.0,219.0,1.0,5.0,1.0,5.0,5.0,1.0,1.0,1.0,1.0,,,,,,,,,,,,,,,,,,,,,,,,,,,,,,,,,,,,,,,,,,
groinunratedbattery,2020-12-13,0.0,0.0,0.0,0.0,41.0,46.0,0.0,8.0,3128.481614241437,352.0,68893.0,61.0,200.0,1.0,4.909090909090909,1.0,4.818181818181818,4.818181818181818,1.0,1.0,1.0,1.0,,,,,,,,,,,,,,,,,,,,,,,,,,,,,,,,,,,,,,,,,,
groinunratedbattery,2020-12-14,0.0,0.0,5.0,0.0,52.0,68.0,0.0,6.0,8013.296370451088,235.0,58732.0,91.0,149.0,1.0,5.0,1.0909090909090908,4.7272727272727275,4.818181818181818,1.0,1.0,1.0,1.0,,,,,,,,,,,,,,,,,,,,,,,,,,,,,,,,,,,,,,,,,,
groinunratedbattery,2020-12-15,0.0,0.0,1.0,0.0,30.0,36.0,0.0,6.0,4854.854967484875,371.0,64248.0,54.0,140.0,1.0,5.0,1.0,5.0,5.0,1.0,1.0,1.0,1.0,1.0,,5.0,,5.0,,,,,,,2.0,,,,,,,,,,1.0,,,5.0,,5.0,,5.0,1.0,1.0,,,,,,,,,,,
groinunratedbattery,2020-12-16,0.0,0.0,2.0,0.0,43.0,51.0,0.0,8.0,6111.709253917439,345.0,61575.0,67.0,134.0,1.0,5.0,1.0,5.0,5.0,1.0,1.0,1.0,1.0,2.5,,2.3333333333333335,1.0,5.0,,,5.0,,,,1.75,,5.0,1.0,1.0,,,,1.0,,1.0,,1.0,5.0,,5.0,,,1.0,1.0,,,,,,,,,,,
groinunratedbattery,2020-12-17,0.0,0.0,0.0,0.0,51.0,34.0,0.0,5.0,5281.177826381401,536.0,57757.0,74.0,233.0,1.0,5.0,1.0,5.0,5.0,1.0,1.0,1.0,1.0,2.0,5.0,,,,,,5.0,,,5.0,1.0,,5.0,1.0,,,,,1.0,,1.0,1.0,1.0,,5.0,,1.0,5.0,1.0,,,,,,,,,,,,
groinunratedbattery,2020-12-18,0.0,0.0,0.0,0.0,32.0,33.0,0.0,2.0,5140.277240830887,461.0,56429.0,61.0,,1.0,5.0,1.0,5.0,5.0,1.0,1.0,1.0,1.0,2.5,5.0,5.0,,,,5.0,5.0,5.0,1.0,5.0,,5.0,5.0,,,5.0,1.0,,5.0,,,1.0,1.0,5.0,5.0,,,,1.0,,,,,,,,,,,,
groinunratedbattery,2020-12-19,7.0,0.0,1.0,0.0,32.0,45.0,0.0,10.0,4036.137313121808,387.0,58509.0,68.0,160.0,1.0,5.0,1.0,5.0,5.0,1.0,1.0,1.0,1.0,4.0,4.0,5.0,1.0,,,,5.0,4.2,1.0,4.8,,5.0,,,1.0,5.0,1.0,,2.3333333333333335,,1.0,,1.0,5.0,,5.0,,,,,,,,,,,,,,,
groinunratedbattery,2020-12-20,0.0,0.0,1.0,0.0,66.0,39.0,0.0,5.0,5297.260702433434,443.0,63356.0,93.0,159.0,1.0,5.0,1.0,5.0,4.0,1.0,1.0,1.0,1.0,2.5,5.0,5.0,1.0,,,5.0,,5.0,1.0,5.0,,,5.0,,1.0,,1.6666666666666667,,1.0,5.0,1.0,,1.0,5.0,,5.0,,,,,1.0,,,,,,,,,,
groinunratedbattery,2020-12-21,0.0,0.0,1.0,0.0,44.0,25.0,0.0,5.0,4105.910176974098,484.0,61214.0,62.0,276.0,1.0,5.0,1.0,5.0,5.0,1.0,1.0,1.0,1.0,2.0,5.0,3.0,,,,5.0,5.0,3.6666666666666665,,,3.0,,5.0,,1.0,,1.0,5.0,,5.0,,1.0,1.0,5.0,,5.0,,,1.0,,1.0,,,,,,,,,,
groinunratedbattery,2020-12-22,1.0,0.0,0.0,0.0,39.0,31.0,0.0,7.0,4460.072424317079,566.0,55742.0,82.0,206.0,1.0,5.0,1.0,5.0,5.0,1.0,1.0,1.0,1.0,2.0,5.0,5.0,,,,5.0,5.0,,,5.0,2.5,,4.857142857142857,1.0,,,4.5,5.0,5.0,,,1.0,,5.0,,,,5.0,1.0,,1.0,,,,,,,,,,
groinunratedbattery,2020-12-23,0.0,0.0,0.0,0.0,31.0,17.0,0.0,5.0,4189.648359613186,526.0,11884.0,71.0,161.0,1.0,5.0,1.0,5.0,5.0,1.0,1.0,1.0,1.0,1.75,,5.0,,,,,5.0,5.0,,5.0,1.0,,5.0,1.0,1.0,,2.0,,2.5,,,1.0,1.0,5.0,,,,5.0,1.0,,1.0,,,,,,,,,,
groinunratedbattery,2020-12-24,0.0,0.0,0.0,0.0,30.0,30.0,0.0,1.0,4107.451625965528,517.0,53276.0,83.0,142.0,1.0,5.0,1.0833333333333333,5.0,4.916666666666667,1.0,1.0,1.0,1.0,2.5,,5.0,,,,,5.0,5.0,,5.0,2.0,,,,1.0,,,,,,,,1.0,5.0,,,,,1.0,,,,,,,,,,,,
groinunratedbattery,2020-12-25,0.0,0.0,0.0,0.0,27.0,17.0,0.0,6.0,5177.69964130796,406.0,55193.0,61.0,189.0,1.0,5.0,1.0,5.0,5.0,1.0,1.0,1.0,1.0,,,,,,,,,,,,,,,,,,,,,,,,,,,,,,,,,,,,,,,,,,
groinunratedbattery,2020-12-26,0.0,0.0,0.0,0.0,45.0,28.0,0.0,4.0,4025.703835284483,359.0,56921.0,116.0,172.0,1.0,5.0,1.0769230769230769,5.0,5.0,1.0,1.0,1.0,1.0769230769230769,,,,,,,,,,,,,,,,,,,,,,,,,,,,,,,,,,,,,,,,,,
groinunratedbattery,2020-12-27,0.0,1.0,0.0,0.0,47.0,34.0,0.0,2.0,3429.2637717233965,346.0,66863.0,61.0,301.0,1.0,4.916666666666667,1.0,4.916666666666667,4.833333333333333,1.0,1.0,1.0,1.0,,,,,,,,,,,,,,,,,,,,,,,,,,,,,,,,,,,,,,,,,,
groinunratedbattery,2020-12-28,0.0,0.0,0.0,0.0,102.0,39.0,0.0,2.0,5010.120733586479,488.0,62863.0,91.0,139.0,1.0,5.0,1.0,5.0,5.0,1.0,1.0,1.0,1.0,3.0,4.0,5.0,,,,4.0,5.0,5.0,,5.0,,,5.0,,,,,,,5.0,1.0,,,5.0,,,,,,,,,,,,,,,,,
groinunratedbattery,2020-12-29,0.0,0.0,1.0,0.0,45.0,25.0,0.0,2.0,5064.440703544738,460.0,65208.0,58.0,182.0,1.0,5.0,1.0,5.0,5.0,1.0,1.0,1.0,1.0,2.5,4.0,5.0,,,,5.0,5.0,5.0,,,5.0,,5.0,1.0,,5.0,,5.0,5.0,,1.0,1.0,,5.0,,,,5.0,,,,,,,,,,,,,
groinunratedbattery,2020-12-30,0.0,0.0,7.0,0.0,56.0,46.0,0.0,6.0,5926.166394459053,588.0,66835.0,71.0,236.0,1.0,5.0,1.0,4.0,5.0,1.0,1.0,1.0,1.0,2.5,5.0,,,,4.0,5.0,,,,5.0,4.666666666666667,,5.0,1.0,1.0,4.833333333333333,,5.0,5.0,5.0,,1.0,,,,,1.0,,1.0,,1.0,,,,,,,,,,
groinunratedbattery,2020-12-31,0.0,0.0,1.0,0.0,26.0,26.0,0.0,3.0,3108.144318937286,498.0,61990.0,76.0,247.0,1.0,5.0,1.0,5.0,5.0,1.0,1.0,1.0,1.0,1.75,5.0,,,5.0,1.0,5.0,,,,5.0,4.666666666666667,5.0,,1.0,1.0,5.0,,5.0,,5.0,,,,,5.0,,1.0,5.0,,,,,,,,,,,,,
groinunratedbattery,2021-01-01,0.0,0.0,1.0,0.0,39.0,20.0,0.0,2.0,3424.157057222128,329.0,62315.0,76.0,254.0,1.0,5.0,1.0,5.0,5.0,1.0,1.0,1.0,1.0,1.6666666666666667,5.0,3.0,,5.0,,5.0,,5.0,,,4.5,5.0,,1.0,,5.0,5.0,5.0,,,,,1.0,,5.0,,1.0,,1.0,,,,,,,,,,,,
groinunratedbattery,2021-01-02,0.0,0.0,0.0,0.0,30.0,25.0,0.0,6.0,4104.70858272402,494.0,55983.0,88.0,196.0,1.0,5.0,1.0,5.0,5.0,1.0,1.0,1.0,1.0,1.0,5.0,5.0,,5.0,,,,,,,1.0,5.0,,1.0,,,1.0,5.0,,5.0,1.0,1.0,1.0,,5.0,,1.0,,,1.0,1.0,,,,,,,,,,
groinunratedbattery,2021-01-03,0.0,0.0,0.0,0.0,45.0,43.0,0.0,5.0,4887.372753181775,454.0,66873.0,77.0,86.0,1.0,5.0,1.0,5.0,5.0,1.0,1.0,1.0,1.0,2.4,5.0,4.0,,,,,,,,,1.0,5.0,5.0,,,5.0,2.5,5.0,5.0,,1.0,1.0,,5.0,,,1.0,,,1.0,,,,,,,,,,,
groinunratedbattery,2021-01-04,1.0,0.0,0.0,0.0,54.0,35.0,0.0,3.0,4884.120442673075,516.0,60907.0,81.0,217.0,1.0,5.0,1.0,5.0,5.0,1.0,1.0,1.0,1.0,4.333333333333333,,5.0,,,1.0,5.0,5.0,5.0,,,,5.0,4.5,,1.0,5.0,,5.0,5.0,5.0,1.0,1.0,,5.0,5.0,5.0,1.0,,,1.0,,,,,,,,,,,
groinunratedbattery,2021-01-05,7.0,0.0,1.0,0.0,66.0,63.0,0.0,7.0,5311.269659813464,488.0,62847.0,105.0,278.0,1.0,5.0,1.0,5.0,5.0,1.0,1.0,1.0,1.0,1.75,5.0,,1.0,5.0,,5.0,,5.0,1.0,5.0,,5.0,4.75,,1.0,5.0,,5.0,,5.0,1.0,1.0,,,5.0,5.0,,,,1.0,,,,,,,,,,,
groinunratedbattery,2021-01-06,0.0,0.0,7.0,0.0,39.0,45.0,0.0,9.0,8141.638474995931,358.0,56770.0,94.0,225.0,1.0,5.0,1.0,5.0,5.0,1.0,1.0,1.0,1.0,1.0,5.0,,1.0,5.0,3.0,5.0,,5.0,1.75,5.0,,5.0,5.0,,,5.0,1.0,5.0,5.0,,1.0,1.0,,5.0,5.0,,,5.0,,,1.0,,,,,,,,,,
groinunratedbattery,2021-01-07,0.0,0.0,2.0,0.0,39.0,37.0,0.0,4.0,5983.0108241431535,516.0,18656.0,75.0,240.0,1.0,5.0,1.0,5.0,5.0,1.0,1.0,1.0,1.0,1.6666666666666667,5.0,5.0,1.0,,1.0,,5.0,,4.0,5.0,3.0,5.0,,,,,3.6666666666666665,5.0,5.0,,,1.0,1.0,5.0,5.0,5.0,,,,,1.75,,,,,,,,,,
groinunratedbattery,2021-01-08,5.0,0.0,1.0,0.0,53.0,43.0,0.0,14.0,5480.717234559764,433.0,21461.0,79.0,201.0,1.0,5.0,1.0,5.0,5.0,1.0,1.0,1.0,1.0,2.0,4.75,1.0,1.0,5.0,,5.0,5.0,,3.0,,1.0,5.0,,,1.0,,1.0,5.0,,5.0,,1.0,1.0,,,5.0,1.0,,,,1.0,,,,,,,,,,
groinunratedbattery,2021-01-09,0.0,0.0,0.0,0.0,28.0,18.0,0.0,3.0,4295.5430411095695,570.0,51645.0,61.0,189.0,1.0,5.0,1.0,5.0,5.0,1.0,1.0,1.0,1.0,,5.0,4.0,,5.0,,,,,,,,5.0,,,1.0,,1.0,,,4.666666666666667,,1.0,,,,5.0,1.0,,,,1.0,,,,,,,,,,
groinunratedbattery,2021-01-10,0.0,0.0,0.0,0.0,45.0,43.0,0.0,4.0,4456.045942395518,460.0,62693.0,73.0,182.0,1.0,5.0,1.0,4.909090909090909,5.0,1.0,1.0,1.0,1.0,,,,,,,,,,,,,,,,,,,,,,,,,,,,,,,,,,,,,,,,,,
groinunratedbattery,2021-01-11,0.0,0.0,1.0,0.0,41.0,42.0,0.0,10.0,5937.441119192501,466.0,56425.0,99.0,103.0,1.0,5.0,1.0,5.0,5.0,1.0,1.0,1.0,1.0,,,,,,,,,,,,,,,,,,,,,,,,,,,,,,,,,,,,,,,,,,
groinunratedbattery,2021-01-12,0.0,0.0,0.0,0.0,27.0,35.0,0.0,1.0,3747.244735816105,468.0,60245.0,68.0,166.0,1.0,5.0,1.0,5.0,5.0,1.0,1.0,1.0,1.0,,,,,,,,,,,,,,,,,,,,,,,,,,,,,,,,,,,,,,,,,,
groinunratedbattery,2021-01-13,0.0,0.0,0.0,0.0,49.0,37.0,0.0,8.0,4570.337743362075,423.0,61365.0,69.0,109.0,1.0,5.0,1.0,5.0,5.0,1.0,1.0,1.0,1.0,1.0,,,,,1.0,,,5.0,,,1.0,,,,,5.0,,,1.0,4.666666666666667,1.0,,,,5.0,5.0,,,,,1.0,,,,,,,,,,
groinunratedbattery,2021-01-14,0.0,0.0,0.0,0.0,41.0,38.0,0.0,6.0,4918.672025533288,614.0,56848.0,60.0,156.0,1.0,5.0,1.0,5.0,5.0,1.0,1.0,1.0,1.0,1.0,,,,,1.0,,5.0,5.0,,,1.0,5.0,,1.0,1.0,5.0,,,2.3333333333333335,5.0,1.0,1.0,,,,5.0,1.0,5.0,,,1.0,,,,,,,,,,
groinunratedbattery,2021-01-15,0.0,0.0,2.0,0.0,26.0,30.0,0.0,3.0,4614.945190360062,573.0,54205.0,56.0,147.0,1.0,5.0,1.0,5.0,5.0,1.0,1.0,1.0,1.0,,5.0,,,,,,5.0,5.0,1.0,,,5.0,5.0,1.0,1.0,,1.0,,1.0,4.0,,1.0,,5.0,5.0,5.0,1.0,,,,,,,,,,,,,,
groinunratedbattery,2021-01-16,0.0,0.0,0.0,0.0,22.0,28.0,0.0,2.0,4893.757524709679,600.0,58079.0,74.0,131.0,1.0,5.0,1.0,5.0,5.0,1.0,1.0,1.0,1.0,1.0,5.0,,,5.0,,5.0,5.0,5.0,1.0,5.0,1.0,5.0,,1.0,1.0,,1.0,,1.0,5.0,1.0,1.0,,,5.0,,1.0,,,,,,,,,,,,,,
groinunratedbattery,2021-01-17,0.0,0.0,2.0,0.0,29.0,41.0,0.0,6.0,5319.335515820891,440.0,57059.0,91.0,159.0,1.0,5.0,1.0,5.0,5.0,1.0,1.0,1.0,1.0,1.0,5.0,,,5.0,,5.0,5.0,5.0,,5.0,1.0,5.0,,1.0,1.0,,3.0,,,4.0,1.0,,,5.0,5.0,4.5,,,,,,,,,,,,,,,
groinunratedbattery,2021-01-18,0.0,0.0,0.0,0.0,36.0,26.0,0.0,7.0,4114.538818441342,464.0,62479.0,62.0,86.0,1.0,5.0,1.0,5.0,5.0,1.0,1.0,1.0,1.0,1.0,5.0,5.0,1.0,5.0,,5.0,,5.0,,5.0,1.0,,,1.0,1.0,,1.0,,,3.0,1.0,,,5.0,5.0,5.0,,,,,,,,,,,,,,,
groinunratedbattery,2021-01-19,0.0,0.0,1.0,0.0,27.0,22.0,0.0,4.0,4796.057061643137,371.0,61228.0,68.0,133.0,1.0,5.0,2.0,5.0,5.0,1.0,1.0,1.0,1.0,1.0,4.5,2.0,1.0,,,5.0,5.0,,1.0,5.0,1.0,,3.6666666666666665,1.0,1.0,,1.0,5.0,,4.0,,,,,5.0,5.0,,5.0,,,,,,,,,,,,,
groinunratedbattery,2021-01-20,0.0,0.0,0.0,0.0,67.0,36.0,0.0,7.0,5280.489724274576,447.0,64792.0,60.0,144.0,1.0,5.0,1.0,5.0,5.0,1.0,1.0,1.0,1.0,1.0,,,1.6,,,,5.0,5.0,1.0,5.0,1.0,,5.0,1.0,,,1.0,5.0,,5.0,1.0,,1.0,,5.0,5.0,,,,,,,,,,,,,,,
groinunratedbattery,2021-01-21,0.0,0.0,0.0,0.0,38.0,33.0,0.0,7.0,3853.653379024828,539.0,64904.0,70.0,106.0,1.0,5.0,1.0,5.0,5.0,1.0,1.0,1.0,1.0,1.0,5.0,,,,1.0,,5.0,5.0,1.0,4.5,1.0,,,,,,,,,5.0,,,1.0,,5.0,,,,,,,,,,,,,,,,
groinunratedbattery,2021-01-22,0.0,0.0,0.0,0.0,49.0,37.0,0.0,1.0,2809.364990369644,432.0,32623.0,57.0,152.0,1.0,4.916666666666667,1.0,5.0,4.916666666666667,1.0,1.0,1.0,1.0,,,,,,,,,,,,,,,,,,,,,,,,,,,,,,,,,,,,,,,,,,
groinunratedbattery,2021-01-23,0.0,0.0,0.0,0.0,22.0,15.0,0.0,4.0,3178.3659717485098,367.0,65675.0,58.0,136.0,1.0,5.0,1.0,5.0,5.0,1.0,1.0,1.0,1.0,,,,,,,,,,,,,,,,,,,,,,,,,,,,,,,,,,,,,,,,,,
groinunratedbattery,2021-01-24,0.0,0.0,0.0,0.0,26.0,32.0,0.0,3.0,3076.9845074027235,604.0,62065.0,58.0,211.0,1.0,5.0,1.0,4.909090909090909,4.909090909090909,1.0,1.0,1.0,1.0,,,,,,,,,,,,,,,,,,,,,,,,,,,,,,,,,,,,,,,,,,
groinunratedbattery,2021-01-25,0.0,0.0,0.0,0.0,26.0,31.0,0.0,3.0,4872.882651029859,395.0,62035.0,53.0,147.0,1.0,5.0,1.0,5.0,5.0,1.0,1.0,1.0,1.0,,,,1.0,,,5.0,5.0,,,5.0,1.0,,,,1.0,,,,1.0,4.0,,,,,,,1.0,,,,,,,,,,,,,,
groinunratedbattery,2021-01-26,0.0,0.0,0.0,0.0,23.0,31.0,0.0,2.0,4012.1264594957775,544.0,65846.0,67.0,171.0,1.0,5.0,2.0,5.0,5.0,1.0,1.0,1.0,1.0,1.4285714285714286,,,1.0,5.0,,5.0,5.0,,,5.0,1.0,5.0,5.0,1.75,1.0,,,,1.0,4.0,,,,,,,1.0,,,,,,,,,,,,,,
groinunratedbattery,2021-01-27,0.0,0.0,0.0,0.0,42.0,29.0,0.0,7.0,4157.597619117934,494.0,27314.0,67.0,153.0,1.0,5.0,1.0,5.0,5.0,1.0,1.0,1.0,1.0,2.1666666666666665,,,1.0,5.0,1.0,5.0,5.0,5.0,1.0,5.0,,5.0,5.0,1.0,1.0,5.0,,,,5.0,,,,,,,1.0,,,,1.0,,,,,,,,,,
groinunratedbattery,2021-01-28,0.0,0.0,0.0,0.0,50.0,35.0,0.0,5.0,5163.351452296289,406.0,58025.0,76.0,149.0,1.0,5.0,1.0,5.0,5.0,1.0,1.0,1.0,1.0,1.0,5.0,,1.0,,,,5.0,5.0,1.0,5.0,,5.0,5.0,1.0,1.0,5.0,,5.0,2.3333333333333335,,,,,,,,1.0,,,1.0,1.0,,,,,,,,,,
groinunratedbattery,2021-01-29,5.0,0.0,3.0,0.0,49.0,71.0,0.0,14.0,5554.637012294137,492.0,17848.0,65.0,163.0,1.0,5.0,1.0,5.0,5.0,1.0,1.0,1.0,1.0,2.0,5.0,,1.0,,,,5.0,1.0,,5.0,,5.0,,1.0,,,,5.0,3.6666666666666665,,1.0,,,5.0,,,1.0,,1.0,1.0,1.0,,,,,,,,,,
groinunratedbattery,2021-01-30,0.0,0.0,1.0,0.0,46.0,43.0,0.0,8.0,4018.510267979066,512.0,25493.0,58.0,165.0,1.0,4.0,1.0,5.0,5.0,1.0,1.0,1.0,1.0,1.0,5.0,,1.0,,,,,5.0,2.5,5.0,1.0,4.5,,1.0,1.0,,,,1.0,,1.0,,1.0,5.0,,,,,2.0,,1.0,,,,,,,,,,
groinunratedbattery,2021-01-31,0.0,0.0,1.0,0.0,36.0,45.0,0.0,6.0,5792.423447717402,318.0,68286.0,65.0,150.0,1.0,5.0,1.0,5.0,5.0,1.0,1.0,1.0,1.0,1.75,,,1.0,,,,,5.0,1.0,5.0,1.0,,,1.0,,5.0,,5.0,5.0,,1.0,,1.0,,,5.0,1.0,,1.0,1.0,1.0,,,,,,,,,,
groinunratedbattery,2021-02-01,0.0,0.0,1.0,0.0,36.0,39.0,0.0,4.0,5248.734006097187,544.0,31100.0,75.0,74.0,1.0,5.0,1.0,5.0,5.0,1.0,1.0,1.0,1.0,1.0,,,,5.0,,,5.0,5.0,,,,5.0,,1.75,1.0,5.0,,,2.6,,,,1.0,,,5.0,1.0,4.0,,1.0,1.0,,,,,,,,,,
groinunratedbattery,2021-02-02,0.0,0.0,0.0,0.0,33.0,24.0,0.0,1.0,3573.276055284463,574.0,64571.0,65.0,152.0,1.0,4.0,1.0,5.0,5.0,1.0,1.0,1.0,1.0,1.0,5.0,3.6666666666666665,,5.0,,,5.0,5.0,1.0,,,5.0,,,1.0,5.0,,,2.2,,1.0,1.0,,,,5.0,1.0,,,,,,,,,,,,,,
groinunratedbattery,2021-02-03,0.0,0.0,1.0,0.0,35.0,28.0,0.0,4.0,4594.4539467555705,545.0,61392.0,64.0,92.0,1.0,5.0,1.0,5.0,5.0,1.0,1.0,1.0,1.0,1.0,5.0,,,5.0,1.0,,5.0,5.0,2.0,,1.0,4.666666666666667,,1.0,,5.0,3.0,,,5.0,1.0,1.0,,,,5.0,1.0,,,,,,,,,,,,,,
groinunratedbattery,2021-02-04,0.0,0.0,1.0,0.0,31.0,24.0,0.0,2.0,4703.536934782926,608.0,29431.0,52.0,211.0,1.0,5.0,1.0,5.0,5.0,1.0,1.0,1.0,1.0,1.0,5.0,,,5.0,1.0,,,,1.0,,3.6666666666666665,5.0,,1.0,,4.0,3.6666666666666665,,5.0,5.0,1.0,1.0,,,,5.0,1.0,,,,,,,,,,,,,,
groinunratedbattery,2021-02-05,0.0,0.0,0.0,0.0,29.0,26.0,0.0,2.0,3885.624709500661,570.0,66393.0,54.0,93.0,1.0,5.0,1.0,5.0,5.0,1.0,1.0,1.0,1.0,1.6666666666666667,5.0,,,,1.0,5.0,,,,,3.3333333333333335,5.0,,1.0,,,,,4.5,5.0,1.0,1.0,,5.0,5.0,5.0,1.0,5.0,1.0,,,,,,,,,,,,
groinunratedbattery,2021-02-06,0.0,0.0,0.0,0.0,40.0,42.0,0.0,5.0,3590.78892375818,562.0,59601.0,65.0,148.0,1.0,5.0,1.0,5.0,5.0,1.0,1.0,1.0,1.0,1.0,5.0,,,,2.8,5.0,,,,,3.3333333333333335,,,1.0,,,,,,5.0,,,,5.0,,5.0,1.0,,1.0,,,,,,,,,,,,
groinunratedbattery,2021-02-07,0.0,0.0,0.0,0.0,33.0,40.0,0.0,3.0,2941.236633255303,585.0,33491.0,53.0,110.0,1.0,5.0,1.0,5.0,5.0,1.0,1.0,1.0,1.0,,,,,,,,,,,,,,,,,,,,,,,,,,,,,,,,,,,,,,,,,,
groinunratedbattery,2021-02-08,0.0,0.0,0.0,0.0,54.0,40.0,0.0,3.0,4902.518117140598,395.0,63575.0,90.0,150.0,1.0,4.916666666666667,1.0,4.916666666666667,5.0,1.0,1.0,1.0,1.0,,,,,,,,,,,,,,,,,,,,,,,,,,,,,,,,,,,,,,,,,,
groinunratedbattery,2021-02-09,0.0,0.0,1.0,0.0,62.0,20.0,0.0,2.0,3269.8390595746696,507.0,61037.0,72.0,153.0,1.0,5.0,1.0,5.0,5.0,1.0,1.0,1.0,1.0,,,,,,,,,,,,,,,,,,,,,,,,,,,,,,,,,,,,,,,,,,
groinunratedbattery,2021-02-10,0.0,0.0,0.0,0.0,37.0,34.0,0.0,4.0,5112.088174019564,420.0,61756.0,75.0,93.0,1.0,5.0,1.0,5.0,5.0,1.0,1.0,1.0,1.0,,,,1.0,5.0,,,5.0,1.0,,,,5.0,5.0,,1.0,,,5.0,,,,,,,,,,,,,1.0,,,,,,,,,,
groinunratedbattery,2021-02-11,0.0,0.0,1.0,0.0,39.0,36.0,0.0,3.0,4726.171734437336,580.0,21080.0,89.0,163.0,1.0,4.0,1.0,5.0,5.0,1.0,1.0,1.0,1.0,1.0,,4.0,1.0,5.0,,,4.5,5.0,,,,3.0,5.0,,1.0,5.0,2.5,5.0,,,,1.0,1.0,4.666666666666667,5.0,5.0,1.0,,,,1.0,,,,,,,,,,
groinunratedbattery,2021-02-12,0.0,0.0,1.0,0.0,27.0,29.0,0.0,2.0,3700.577311040981,569.0,26764.0,45.0,111.0,1.0,5.0,1.0,5.0,4.0,1.0,1.0,1.0,1.0,1.5,,3.4,,,,1.0,5.0,,,,2.5,3.6666666666666665,5.0,,,5.0,1.0,5.0,,,,1.0,1.0,5.0,,5.0,1.0,5.0,,,,,,,,,,,,,
groinunratedbattery,2021-02-13,0.0,0.0,0.0,0.0,42.0,33.0,0.0,5.0,5636.094034686485,505.0,60480.0,86.0,152.0,1.0,5.0,1.0,5.0,5.0,1.0,1.0,1.0,1.0,1.0,5.0,3.0,1.0,,,5.0,5.0,5.0,,,2.5,2.5,5.0,,,5.0,,5.0,,5.0,,1.0,1.0,,,,1.0,,1.0,1.0,1.0,,,,,,,,,,
groinunratedbattery,2021-02-14,0.0,0.0,0.0,0.0,45.0,38.0,0.0,6.0,4514.590030940199,295.0,72024.0,45.0,213.0,1.0,5.0,1.0,5.0,5.0,1.0,1.0,1.0,1.0,1.0,5.0,,1.0,,,,5.0,5.0,,5.0,,3.6666666666666665,4.5,,1.0,,,,,5.0,,2.5,1.0,5.0,,,,5.0,1.0,1.0,1.0,,,,,,,,,,
groinunratedbattery,2021-02-15,0.0,0.0,5.0,0.0,31.0,32.0,0.0,4.0,5690.38079022445,573.0,63748.0,72.0,121.0,1.0,5.0,1.0,5.0,5.0,1.0,1.0,1.0,1.0,1.0,5.0,3.0,,5.0,,,5.0,5.0,,5.0,5.0,5.0,5.0,,1.0,,,,,4.0,,1.0,,5.0,,,,5.0,1.0,,,,,,,,,,,,
groinunratedbattery,2021-02-16,0.0,0.0,1.0,0.0,74.0,27.0,0.0,4.0,5752.255627129783,401.0,64282.0,77.0,120.0,1.0,5.0,1.0,5.0,5.0,1.0,1.0,1.0,1.0,1.8571428571428572,5.0,3.6666666666666665,1.0,5.0,,,5.0,5.0,,5.0,,,5.0,,1.0,5.0,1.0,,,3.6666666666666665,,,1.0,,5.0,,,,,1.0,1.0,,,,,,,,,,
groinunratedbattery,2021-02-17,0.0,0.0,0.0,0.0,40.0,28.0,0.0,5.0,5408.333246741798,445.0,63207.0,61.0,143.0,1.0,5.0,1.0,5.0,5.0,1.0,1.0,1.0,1.0,2.4,5.0,,1.0,5.0,2.5,5.0,5.0,5.0,,5.0,3.0,,,,,5.0,1.0,,3.0,5.0,,1.0,,,4.5,5.0,,,1.0,1.0,1.0,,,,,,,,,,
groinunratedbattery,2021-02-18,0.0,0.0,1.0,0.0,32.0,23.0,0.0,7.0,4352.112903091977,574.0,57298.0,93.0,185.0,1.0,5.0,1.0,5.0,5.0,1.0,1.0,1.0,1.0,1.0,5.0,,,5.0,1.0,5.0,,,,5.0,2.0,,,,,5.0,,,1.8,5.0,,1.0,,,5.0,5.0,,5.0,1.0,1.0,,,,,,,,,,,
groinunratedbattery,2021-02-19,4.0,0.0,0.0,0.0,39.0,37.0,0.0,2.0,4996.779014429007,572.0,61715.0,48.0,138.0,1.0,5.0,2.0,5.0,4.0,1.0,1.0,1.0,1.0,1.0,5.0,1.0,,,2.5,5.0,,,,5.0,1.0,,,1.8,1.0,,1.0,,5.0,5.0,,1.0,,5.0,5.0,5.0,,5.0,,1.0,,,,,,,,,,,
groinunratedbattery,2021-02-20,0.0,0.0,0.0,0.0,43.0,32.0,0.0,1.0,3491.8130649144314,616.0,58415.0,58.0,113.0,1.0,5.0,1.0,5.0,5.0,1.0,1.0,1.0,1.0,2.1666666666666665,,2.0,,,2.0,5.0,,,4.0,4.75,1.0,,,,1.0,,1.0,,,,,,,5.0,,,,,,,,,,,,,,,,,
groinunratedbattery,2021-02-21,0.0,0.0,2.0,0.0,36.0,33.0,0.0,2.0,3219.696204402269,632.0,67125.0,68.0,137.0,1.0,5.0,1.0,4.75,4.916666666666667,1.0,1.0,1.0,1.0,,,,,,,,,,,,,,,,,,,,,,,,,,,,,,,,,,,,,,,,,,
groinunratedbattery,2021-02-22,0.0,0.0,4.0,0.0,33.0,31.0,0.0,8.0,5495.619505187454,543.0,22931.0,47.0,116.0,1.0,5.0,1.0,5.0,5.0,1.0,1.0,1.0,1.0,,,,,,,,,,,,,,,,,,,,,,,,,,,,,,,,,,,,,,,,,,
groinunratedbattery,2021-02-23,0.0,0.0,4.0,0.0,28.0,32.0,0.0,3.0,4581.657596901161,544.0,61724.0,74.0,162.0,1.0,5.0,1.0909090909090908,4.818181818181818,5.0,1.0,1.0,1.0,1.0,,,,,,,,,,,,,,,,,,,,,,,,,,,,,,,,,,,,,,,,,,
groinunratedbattery,2021-02-24,0.0,0.0,1.0,0.0,29.0,17.0,0.0,4.0,5790.373419412403,455.0,23480.0,41.0,115.0,1.0,5.0,1.0,5.0,5.0,1.0,1.0,1.0,1.0,,5.0,5.0,,,1.0,,,,,,,,5.0,,,5.0,1.0,,,,,,,,,,,,1.0,,,,,,,,,,,,
groinunratedbattery,2021-02-25,0.0,0.0,0.0,0.0,38.0,19.0,0.0,4.0,4483.981649615241,491.0,68597.0,65.0,111.0,1.0,5.0,1.0,5.0,5.0,1.0,1.0,1.0,1.0,1.6,,2.3333333333333335,,5.0,1.0,5.0,,,1.0,5.0,,,5.0,1.0,1.0,5.0,1.0,,1.0,,1.0,1.0,1.0,,,,1.0,,1.0,,,,,,,,,,,,
groinunratedbattery,2021-02-26,0.0,0.0,2.0,0.0,50.0,33.0,0.0,4.0,5210.715965066098,527.0,62629.0,73.0,149.0,1.0,5.0,1.0,5.0,5.0,1.0,1.0,1.0,1.0,1.0,,5.0,,,1.0,5.0,,,2.0,5.0,,,5.0,1.0,1.0,,,5.0,1.0,3.0,1.0,1.0,1.0,,,5.0,1.0,,1.0,,,,,,,,,,,,
groinunratedbattery,2021-02-27,5.0,0.0,0.0,0.0,79.0,62.0,0.0,6.0,5200.911261382382,507.0,63154.0,76.0,164.0,1.0,5.0,1.0,5.0,5.0,1.0,1.0,1.0,1.0,1.6,5.0,3.0,,,1.0,5.0,5.0,,1.0,5.0,,5.0,,,,,,5.0,,3.75,1.0,1.0,1.0,,,5.0,1.0,,1.6,,1.0,,,,,,,,,,
groinunratedbattery,2021-02-28,0.0,1.0,3.0,0.0,49.0,54.0,0.0,11.0,4010.865372867185,568.0,30794.0,59.0,167.0,1.0,5.0,1.0,5.0,5.0,1.0,1.0,1.0,1.0,1.6,,,,,1.0,,5.0,,1.0,5.0,,4.666666666666667,5.0,1.0,1.0,,,,,4.75,,1.75,1.0,5.0,,5.0,,5.0,1.0,,1.0,,,,,,,,,,
groinunratedbattery,2021-03-01,0.0,0.0,0.0,0.0,105.0,35.0,0.0,4.0,4354.883372582533,607.0,71849.0,44.0,156.0,1.0,5.0,1.0,5.0,5.0,1.0,1.0,1.0,1.0,2.5,5.0,5.0,,,1.0,5.0,5.0,,,,,5.0,5.0,1.0,1.0,,,,2.5,5.0,1.0,,,5.0,,5.0,,,1.0,,,,,,,,,,,,
groinunratedbattery,2021-03-02,0.0,0.0,0.0,0.0,74.0,23.0,0.0,2.0,4219.364950030229,487.0,63371.0,72.0,116.0,1.0,5.0,1.0,5.0,5.0,1.0,1.0,1.0,1.0,1.7,5.0,5.0,,5.0,1.0,5.0,,,,5.0,,5.0,5.0,1.0,1.0,,,,3.6666666666666665,4.0,1.0,,,,,,1.0,,,,,,,,,,,,,,
groinunratedbattery,2021-03-03,0.0,0.0,0.0,0.0,31.0,34.0,0.0,1.0,4739.740422915051,528.0,71201.0,55.0,169.0,1.0,5.0,1.0,5.0,5.0,1.0,1.0,1.0,1.0,2.1666666666666665,,,1.0,5.0,2.5,5.0,,,,5.0,,5.0,5.0,1.0,1.0,5.0,1.0,,1.0,,,,,,5.0,,1.0,,,,,,,,,,,,,,
groinunratedbattery,2021-03-04,0.0,0.0,1.0,0.0,32.0,50.0,0.0,6.0,3865.760401472635,601.0,58531.0,71.0,164.0,1.0,5.0,1.0,5.0,5.0,1.0,1.0,1.0,1.0,1.0,5.0,,1.0,,,,,,,5.0,,5.0,,1.0,,5.0,,,1.0,,1.0,,,,5.0,,,,,,,,,,,,,,,,
groinunratedbattery,2021-03-05,0.0,0.0,1.0,0.0,39.0,33.0,0.0,3.0,3677.850522609642,567.0,64926.0,47.0,155.0,1.0,4.909090909090909,1.0,4.909090909090909,4.818181818181818,1.0,1.0,1.0,1.0,,,,,,,,,,,,,,,,,,,,,,,,,,,,,,,,,,,,,,,,,,
groinunratedbattery,2021-03-06,0.0,0.0,0.0,0.0,46.0,52.0,0.0,3.0,5018.963229907538,420.0,60860.0,52.0,176.0,1.0,4.909090909090909,1.0,4.909090909090909,5.0,1.0,1.0,1.0,1.0,,,,,,,,,,,,,,,,,,,,,,,,,,,,,,,,,,,,,,,,,,
groinunratedbattery,2021-03-07,0.0,0.0,5.0,0.0,39.0,43.0,0.0,9.0,4806.2218286417055,509.0,70294.0,55.0,103.0,1.0,4.909090909090909,1.0909090909090908,4.909090909090909,4.909090909090909,1.0,1.0,1.0,1.0,,,,,,,,,,,,,,,,,,,,,,,,,,,,,,,,,,,,,,,,,,
groinunratedbattery,2021-03-08,0.0,0.0,0.0,0.0,30.0,19.0,0.0,5.0,4463.169355468144,377.0,58568.0,54.0,102.0,1.0,5.0,1.0,5.0,5.0,1.0,1.0,1.0,1.0,,,,2.5,5.0,,,,5.0,,,,,5.0,,,,2.5,,1.0,,,,,,,,,,,1.0,1.0,,,,,,,,,,
groinunratedbattery,2021-03-09,0.0,0.0,1.0,0.0,54.0,39.0,0.0,6.0,4233.845311367209,541.0,57778.0,64.0,73.0,1.0,5.0,1.0,5.0,5.0,1.0,1.0,1.0,1.0,2.4285714285714284,,,1.0,,1.0,,,5.0,,,1.0,,5.0,1.0,1.0,5.0,1.0,,1.0,3.0,,,,5.0,,,,,1.0,1.0,1.0,,,,,,,,,,
groinunratedbattery,2021-03-10,0.0,0.0,0.0,0.0,32.0,23.0,0.0,3.0,4541.531414806192,539.0,65241.0,43.0,164.0,1.0,5.0,1.0,5.0,5.0,1.0,1.0,1.0,1.0,1.0,,,1.0,,1.0,,,,1.0,,1.0,5.0,5.0,1.0,,5.0,3.6666666666666665,,,5.0,,1.0,,5.0,5.0,5.0,,,1.0,1.0,1.0,,,,,,,,,,
groinunratedbattery,2021-03-11,0.0,0.0,0.0,0.0,32.0,40.0,0.0,1.0,3659.068787957828,488.0,28844.0,56.0,166.0,1.0,5.0,1.0,5.0,5.0,1.0,1.0,1.0,1.0,1.6,,,1.0,,,5.0,,,1.0,,,4.75,5.0,,,4.5,1.0,,,3.0,,1.0,1.0,5.0,5.0,5.0,,5.0,1.0,,1.0,,,,,,,,,,
groinunratedbattery,2021-03-12,3.0,0.0,0.0,0.0,93.0,63.0,0.0,10.0,5534.1918412904215,439.0,28474.0,88.0,137.0,1.0,5.0,1.0,5.0,5.0,1.0,1.0,1.0,1.0,1.7777777777777777,,,1.0,5.0,,5.0,5.0,5.0,,,,,5.0,1.0,,,,,,3.0,,1.0,1.0,,5.0,5.0,,,1.0,1.0,2.5,,,,,,,,,,
groinunratedbattery,2021-03-13,0.0,0.0,0.0,0.0,67.0,31.0,0.0,3.0,4564.135157696084,426.0,62800.0,57.0,190.0,1.0,5.0,1.0,5.0,5.0,1.0,1.0,1.0,1.0,1.0,,,1.0,5.0,,,5.0,5.0,1.0,,,,5.0,1.0,,5.0,,,,5.0,1.0,,,,5.0,5.0,,,1.0,1.0,,,,,,,,,,,
groinunratedbattery,2021-03-14,0.0,0.0,2.0,0.0,41.0,47.0,0.0,2.0,4170.764088295011,428.0,62033.0,79.0,149.0,1.0,5.0,1.0,5.0,5.0,1.0,1.0,1.0,1.0,1.0,5.0,,1.0,5.0,1.0,,,5.0,1.75,,1.0,5.0,4.666666666666667,,,5.0,,,,5.0,1.0,,,,,5.0,1.0,5.0,,1.0,1.0,,,,,,,,,,
groinunratedbattery,2021-03-15,0.0,0.0,1.0,0.0,30.0,26.0,0.0,3.0,5531.353155528933,460.0,62815.0,87.0,142.0,1.0,5.0,1.0,5.0,5.0,1.0,1.0,1.0,1.0,1.0,5.0,,1.0,,1.0,,5.0,,1.0,,5.0,5.0,4.75,,,,,5.0,5.0,5.0,,1.0,,5.0,5.0,,1.0,5.0,,1.0,1.0,,,,,,,,,,
groinunratedbattery,2021-03-16,0.0,0.0,0.0,0.0,56.0,28.0,0.0,5.0,5767.275094804634,474.0,56626.0,112.0,118.0,1.0,5.0,1.0,5.0,5.0,1.0,1.0,1.0,1.0,1.5,5.0,5.0,1.0,5.0,,5.0,5.0,,,,4.285714285714286,,5.0,,,5.0,,5.0,5.0,,,1.0,2.5,,5.0,,,,,1.0,,,,,,,,,,,
groinunratedbattery,2021-03-17,0.0,0.0,0.0,0.0,52.0,29.0,0.0,0.0,4771.451846495573,519.0,62860.0,65.0,156.0,1.0,5.0,1.0,5.0,5.0,1.0,1.0,1.0,1.0,1.6,,5.0,,5.0,2.0,5.0,,,1.0,,5.0,5.0,4.8,,1.0,5.0,3.75,5.0,,,1.0,1.0,1.0,,,,1.0,,1.0,,,,,,,,,,,,
groinunratedbattery,2021-03-18,0.0,0.0,0.0,0.0,54.0,45.0,0.0,4.0,5342.98336910567,492.0,59154.0,106.0,147.0,1.1,5.0,1.0,5.0,5.0,1.0,1.0,1.0,1.0,1.0,,,,,1.0,,,,2.5,,,5.0,5.0,,1.0,,,5.0,,,1.0,1.0,1.0,,,,,,1.0,,,,,,,,,,,,
groinunratedbattery,2021-03-19,7.0,0.0,0.0,0.0,54.0,58.0,0.0,11.0,4203.1578872690925,564.0,58155.0,74.0,168.0,1.0,4.909090909090909,1.0,5.0,5.0,1.0,1.0,1.0,1.0,,,,,,,,,,,,,,,,,,,,,,,,,,,,,,,,,,,,,,,,,,
groinunratedbattery,2021-03-20,0.0,0.0,0.0,0.0,54.0,33.0,0.0,4.0,3602.586980444267,306.0,59267.0,49.0,133.0,1.0,4.9,1.0,4.9,5.0,1.0,1.0,1.0,1.0,,,,,,,,,,,,,,,,,,,,,,,,,,,,,,,,,,,,,,,,,,
groinunratedbattery,2021-03-21,0.0,0.0,0.0,0.0,23.0,41.0,0.0,5.0,4048.607288768382,402.0,59337.0,57.0,142.0,1.0,5.0,1.0,5.0,4.9,1.0,1.0,1.0,1.0,,,,,,,,,,,,,,,,,,,,,,,,,,,,,,,,,,,,,,,,,,
groinunratedbattery,2021-03-22,0.0,0.0,0.0,0.0,39.0,28.0,0.0,6.0,3915.499860574282,391.0,59825.0,60.0,79.0,,,,,,,,,,1.0,,,,,1.0,,,,,,1.0,,,1.0,,5.0,3.0,5.0,,,,,1.0,,,5.0,,4.0,,,,,,,,,,,,,
groinunratedbattery,2021-03-23,0.0,0.0,0.0,0.0,61.0,32.0,0.0,3.0,4414.984278341596,533.0,63388.0,49.0,68.0,1.0,5.0,1.0,5.0,5.0,1.0,1.0,1.0,1.0,1.0,,,1.0,5.0,1.0,5.0,5.0,,2.0,,1.0,,5.0,1.0,,5.0,1.0,5.0,,,1.0,,1.0,,,5.0,,,,,,,,,,,,,,,
groinunratedbattery,2021-03-24,0.0,0.0,0.0,0.0,74.0,28.0,0.0,7.0,4930.895212637728,449.0,63014.0,70.0,59.0,1.0,5.0,1.0,5.0,5.0,1.0,1.0,1.0,1.0,1.0,5.0,5.0,1.0,5.0,1.0,5.0,,,1.0,,1.0,5.0,5.0,,,5.0,,,1.0,5.0,1.0,1.0,,5.0,5.0,,,5.0,,,,,,,,,,,,,
groinunratedbattery,2021-03-25,0.0,0.0,1.0,0.0,89.0,32.0,0.0,4.0,5535.6440266182935,471.0,61011.0,61.0,110.0,1.0,5.0,1.0,5.0,5.0,1.0,1.0,1.0,1.0,1.75,5.0,2.6,,,,5.0,,,1.0,,1.0,5.0,5.0,1.0,,5.0,5.0,,1.0,,,1.0,,4.857142857142857,5.0,,,4.0,,1.0,,,,,,,,,,,
groinunratedbattery,2021-03-26,0.0,0.0,0.0,0.0,46.0,33.0,0.0,7.0,4619.69626769664,563.0,63859.0,49.0,136.0,1.0,5.0,1.0,5.0,5.0,1.0,1.0,1.0,1.0,2.0,,3.0,,5.0,,5.0,4.5,,,,1.0,,5.0,1.0,,,,,1.0,,,,2.0,5.0,5.0,5.0,,5.0,2.3333333333333335,1.0,,,,,,,,,,,
groinunratedbattery,2021-03-27,6.0,0.0,0.0,0.0,43.0,57.0,0.0,9.0,5088.092715797007,470.0,63313.0,77.0,106.0,1.0,5.0,1.0,5.0,5.0,1.0,1.0,1.0,1.0,2.0,5.0,2.3333333333333335,,5.0,,,5.0,5.0,,5.0,1.0,,,1.0,1.0,,1.0,5.0,,,1.0,,1.0,,5.0,5.0,,,1.0,,,,,,,,,,,,
groinunratedbattery,2021-03-28,0.0,0.0,0.0,0.0,49.0,39.0,0.0,1.0,4051.258772738867,489.0,64427.0,55.0,182.0,1.0,5.0,1.0,4.0,5.0,1.0,1.0,1.0,1.0,2.0,5.0,3.0,,,1.0,,,5.0,,5.0,,5.0,4.0,1.0,1.0,5.0,2.0,5.0,,,1.0,,1.0,,5.0,5.0,,5.0,1.0,,1.0,,,,,,,,,,
groinunratedbattery,2021-03-29,0.0,0.0,1.0,0.0,58.0,37.0,0.0,5.0,3590.4543092813155,566.0,69116.0,60.0,124.0,1.0,5.0,1.0,5.0,5.0,1.0,1.0,1.0,1.0,2.75,5.0,5.0,1.0,,1.0,,5.0,5.0,,,3.0,5.0,5.0,,,5.0,1.0,5.0,,,,,1.0,,,,,5.0,1.0,1.0,1.0,,,,,,,,,,
groinunratedbattery,2021-03-30,0.0,0.0,0.0,0.0,19.0,20.0,0.0,3.0,4204.688884179488,560.0,65375.0,69.0,119.0,1.0,5.0,1.0,5.0,5.0,1.0,1.0,1.0,1.0,1.0,5.0,,1.0,,4.5,,4.8,5.0,,,1.0,4.5,5.0,,,5.0,1.0,,2.3333333333333335,5.0,,,1.0,,,,,,1.0,1.0,1.0,,,,,,,,,,
groinunratedbattery,2021-03-31,0.0,0.0,2.0,0.0,44.0,36.0,0.0,6.0,4538.374382165941,574.0,61300.0,64.0,144.0,1.0,5.0,1.0,5.0,4.0,1.0,1.0,1.0,1.0,2.1666666666666665,,5.0,,,1.0,5.0,5.0,4.0,,5.0,,5.0,5.0,,,5.0,,,,5.0,1.0,1.0,1.0,,,,,5.0,1.0,,1.0,,,,,,,,,,
groinunratedbattery,2021-04-01,0.0,0.0,0.0,0.0,53.0,57.0,0.0,5.0,5253.361477598355,476.0,53151.0,68.0,,1.0,5.0,1.0,5.0,5.0,1.0,1.0,1.0,1.0,1.0,5.0,5.0,,5.0,,5.0,,5.0,,5.0,1.0,,5.0,,,5.0,,,,,1.0,1.0,1.0,,5.0,5.0,1.0,,,,1.0,,,,,,,,,,
groinunratedbattery,2021-04-02,2.0,0.0,14.0,0.0,46.0,57.0,0.0,6.0,8012.752851668935,594.0,56985.0,70.0,,1.0,5.0,1.0,5.0,5.0,1.0,1.0,1.0,1.0,3.0,,5.0,,5.0,,,,,,,2.0,,5.0,,,,,,,,1.0,1.0,1.0,,,5.0,1.0,,,,1.0,,,,,,,,,,
groinunratedbattery,2021-04-03,2.0,0.0,0.0,0.0,37.0,47.0,0.0,18.0,4638.710011208523,504.0,60061.0,62.0,,1.0,4.916666666666667,1.0,5.0,5.0,1.0,1.0,1.0,1.0,,,,,,,,,,,,,,,,,,,,,,,,,,,,,,,,,,,,,,,,,,
groinunratedbattery,2021-04-04,0.0,0.0,0.0,0.0,52.0,39.0,0.0,4.0,4130.630676213767,580.0,66382.0,69.0,,1.0,5.0,1.0,4.833333333333333,5.0,1.0,1.0,1.0,1.0,,,,,,,,,,,,,,,,,,,,,,,,,,,,,,,,,,,,,,,,,,
groinunratedbattery,2021-04-05,0.0,0.0,6.0,0.0,30.0,37.0,0.0,4.0,2007.2154339102856,692.0,54452.0,88.0,95.0,1.0,4.8,1.0,5.0,4.9,1.0,1.0,1.0,1.0,,,,,,,,,,,,,,,,,,,,,,,,,,,,,,,,,,,,,,,,,,
groinunratedbattery,2021-04-06,2.0,1.0,0.0,0.0,47.0,31.0,0.0,9.0,3919.511046075731,345.0,65788.0,55.0,68.0,1.0,5.0,1.0,5.0,5.0,1.0,1.0,1.0,1.0,3.0,,5.0,,5.0,1.0,,,,1.0,5.0,,5.0,,,,5.0,,,,5.0,,,,,,,1.0,,1.0,,,,,,,,,,,,
groinunratedbattery,2021-04-07,0.0,0.0,6.0,0.0,26.0,39.0,0.0,3.0,409.4091632825998,326.0,62003.0,78.0,87.0,1.0,5.0,1.0,5.0,5.0,1.0,1.0,1.0,1.0,2.0,,5.0,1.0,5.0,1.0,5.0,,4.666666666666667,1.0,5.0,,5.0,3.0,,,4.666666666666667,1.0,5.0,,5.0,,,,5.0,,,,,1.0,1.0,,,,,,,,,,,
groinunratedbattery,2021-04-08,0.0,0.0,0.0,0.0,70.0,39.0,0.0,18.0,,,59946.0,63.0,109.0,1.0,5.0,1.0,5.0,5.0,1.0,1.0,1.0,1.0,,,,1.0,5.0,1.0,5.0,,5.0,1.0,5.0,,5.0,5.0,1.0,,,2.3333333333333335,5.0,1.0,,1.0,,,5.0,5.0,,,,,1.0,1.0,,,,,,,,,,
groinunratedbattery,2021-04-09,0.0,0.0,0.0,0.0,60.0,18.0,0.0,6.0,726.3918399217936,78.0,72164.0,36.0,157.0,1.0,5.0,1.0,5.0,5.0,1.0,1.0,1.0,1.0,,,,,5.0,1.0,,,,,5.0,,5.0,,1.0,,,1.0,,,,1.0,,,,5.0,,,,,,1.0,,,,,,,,,,
groinunratedbattery,2021-04-10,0.0,0.0,0.0,0.0,49.0,29.0,0.0,5.0,4662.536240502341,632.0,66390.0,38.0,99.0,1.0,5.0,1.0,5.0,5.0,1.0,1.0,1.0,1.0,1.0,,,,,5.0,5.0,5.0,5.0,,5.0,,5.0,,,,5.0,1.75,5.0,1.0,5.0,,1.0,,,,5.0,,,,1.0,1.0,,,,,,,,,,
groinunratedbattery,2021-04-11,0.0,0.0,2.0,0.0,63.0,54.0,0.0,8.0,4136.938605575642,347.0,63935.0,70.0,82.0,1.0,5.0,2.0,5.0,5.0,1.0,1.0,1.0,1.0,3.7142857142857144,,,,,1.0,,5.0,5.0,,,,5.0,,,1.0,5.0,1.0,5.0,1.0,,,1.0,1.0,,,5.0,1.0,,,1.0,1.0,,,,,,,,,,
groinunratedbattery,2021-04-12,0.0,0.0,0.0,0.0,60.0,30.0,0.0,5.0,4303.245759523188,488.0,63352.0,60.0,61.0,1.0,5.0,1.0,5.0,5.0,1.0,1.0,1.0,1.0,1.8,,2.0,1.0,,1.0,5.0,5.0,,,,,5.0,5.0,,1.0,5.0,1.0,,3.6666666666666665,,1.0,1.0,1.0,5.0,,,1.0,,,,,,,,,,,,,,
groinunratedbattery,2021-04-13,0.0,0.0,0.0,0.0,86.0,50.0,0.0,8.0,4965.214480807341,362.0,63977.0,81.0,141.0,1.0,5.0,1.0,5.0,5.0,1.0,1.0,1.0,1.0,5.0,5.0,5.0,1.0,,2.0,5.0,4.0,,1.0,5.0,,5.0,5.0,,,5.0,,,5.0,4.0,1.0,,1.0,5.0,5.0,5.0,1.0,,,,,,,,,,,,,,
groinunratedbattery,2021-04-14,0.0,0.0,6.0,0.0,56.0,49.0,0.0,6.0,5154.128694656309,648.0,67997.0,67.0,105.0,1.0,5.0,1.0,5.0,5.0,2.0,1.0,1.0,1.0,2.4,,5.0,1.0,5.0,1.75,,5.0,,1.0,5.0,,3.6666666666666665,,,,,,,,5.0,1.0,1.0,1.0,,5.0,5.0,1.0,,1.0,,,,,,,,,,,,
groinunratedbattery,2021-04-15,0.0,0.0,0.0,0.0,74.0,30.0,0.0,2.0,4458.831365255064,568.0,63334.0,68.0,102.0,1.0,5.0,1.0,5.0,5.0,1.0,1.0,1.0,1.0,2.0,5.0,5.0,,5.0,,,,5.0,,5.0,5.0,5.0,,1.0,,,5.0,,5.0,5.0,1.75,1.0,,5.0,5.0,5.0,1.0,5.0,1.0,,,,,,,,,,,,
groinunratedbattery,2021-04-16,0.0,0.0,0.0,0.0,66.0,25.0,0.0,5.0,4514.149117795926,459.0,61940.0,69.0,93.0,1.0,5.0,1.0,5.0,5.0,1.0,1.0,1.0,1.0,4.0,,,,,,,,5.0,,5.0,1.0,,,1.0,,,1.0,,1.0,,1.0,,,5.0,5.0,,,,,,,,,,,,,,,,
groinunratedbattery,2021-04-17,11.0,0.0,1.0,0.0,87.0,48.0,0.0,18.0,4627.577171314333,587.0,56985.0,69.0,92.0,1.0,5.0,1.0,4.909090909090909,5.0,1.0,1.0,1.0,1.0,,,,,,,,,,,,,,,,,,,,,,,,,,,,,,,,,,,,,,,,,,
groinunratedbattery,2021-04-18,0.0,0.0,1.0,0.0,58.0,52.0,0.0,9.0,4242.395301240319,524.0,58613.0,78.0,111.0,1.0,4.923076923076923,1.0,5.0,4.846153846153846,1.0,1.0,1.0,1.0,,,,,,,,,,,,,,,,,,,,,,,,,,,,,,,,,,,,,,,,,,
groinunratedbattery,2021-04-19,0.0,0.0,0.0,0.0,76.0,20.0,0.0,7.0,4411.022289367897,528.0,60474.0,56.0,66.0,1.0,5.0,1.0,5.0,5.0,1.0,1.0,1.0,1.0,,,,,,,,,,,,,,,,,,,,,,,,,,,,,,,,,,,,,,,,,,
groinunratedbattery,2021-04-20,11.0,0.0,5.0,0.0,60.0,45.0,0.0,11.0,5823.515046213875,379.0,62291.0,77.0,85.0,1.0,5.0,1.0,5.0,5.0,1.0,1.0,1.0,1.0,,5.0,,1.0,5.0,,,,5.0,,5.0,,5.0,,,1.0,,,,,,,,,,5.0,,,5.0,,1.75,,,,,,,,,,,
groinunratedbattery,2021-04-21,0.0,0.0,0.0,0.0,58.0,17.0,0.0,4.0,4281.968636973741,496.0,67526.0,65.0,166.0,1.0,5.0,1.0,5.0,5.0,1.0,1.0,1.0,1.0,4.0,,1.0,1.0,,,,,5.0,,5.0,,5.0,,,1.0,5.0,,,5.0,,,,1.0,5.0,5.0,5.0,1.0,5.0,,1.0,,,,,,,,,,,
groinunratedbattery,2021-04-22,0.0,0.0,0.0,0.0,74.0,26.0,0.0,4.0,4498.365113274876,470.0,68026.0,77.0,203.0,1.0,5.0,1.0,5.0,5.0,1.0,1.0,1.0,1.0,5.0,,3.0,1.0,,,,,,,,,5.0,,,,5.0,,,5.0,,,,,5.0,5.0,,1.0,,,,,,,,,,,,,,
groinunratedbattery,2021-04-23,0.0,0.0,0.0,0.0,88.0,24.0,0.0,6.0,5058.375934309628,631.0,62933.0,52.0,150.0,1.0,5.0,1.0,5.0,5.0,1.0,1.0,1.0,1.0,1.0,5.0,5.0,1.0,5.0,1.0,,5.0,,,5.0,,5.0,5.0,,1.0,5.0,,5.0,3.6666666666666665,,,1.0,,,5.0,,1.0,,,1.0,1.0,,,,,,,,,,
groinunratedbattery,2021-04-24,0.0,0.0,0.0,0.0,69.0,21.0,0.0,5.0,4429.325785943488,432.0,23621.0,63.0,162.0,1.0,5.0,1.0,5.0,5.0,1.0,1.0,1.0,1.0,2.75,,3.0,1.0,5.0,1.0,5.0,,,,5.0,,5.0,,,1.0,5.0,,,1.0,3.0,,1.0,,,5.0,,,,,1.0,1.0,,,,,,,,,,
groinunratedbattery,2021-04-25,0.0,0.0,0.0,0.0,64.0,41.0,0.0,7.0,4943.230665625963,671.0,67674.0,56.0,96.0,1.0,5.0,1.0,5.0,5.0,1.0,1.0,1.0,1.0,2.5,5.0,5.0,1.0,4.8,1.0,5.0,5.0,,,5.0,1.0,5.0,5.0,,,5.0,,,,5.0,,,,5.0,,,1.0,,,,1.0,,,,,,,,,,
groinunratedbattery,2021-04-26,10.0,0.0,2.0,0.0,51.0,35.0,0.0,15.0,6093.67476998854,389.0,55964.0,102.0,128.0,1.0,5.0,1.0,5.0,5.0,1.0,1.0,1.0,1.0,2.5,5.0,3.4,1.0,5.0,2.3333333333333335,,5.0,,,,2.5,5.0,5.0,,1.0,,1.0,,5.0,,,,1.0,5.0,,5.0,1.0,,,1.0,,,,,,,,,,,
groinunratedbattery,2021-04-27,0.0,0.0,0.0,0.0,80.0,24.0,0.0,4.0,4569.576452062982,395.0,66788.0,60.0,105.0,,,,,,,,,,3.0,5.0,5.0,,5.0,1.75,,5.0,5.0,,,4.0,5.0,,,1.0,,,,5.0,,1.0,1.0,1.0,,,5.0,1.0,,,1.0,1.0,,,,,,,,,,
groinunratedbattery,2021-04-28,0.0,0.0,1.0,0.0,70.0,39.0,0.0,6.0,4509.179910400196,557.0,65008.0,60.0,158.0,1.0,5.0,1.0,5.0,5.0,1.0,1.0,1.0,1.0,2.857142857142857,5.0,,1.0,,,5.0,5.0,4.166666666666667,,5.0,4.5,,,,,5.0,,5.0,4.0,,1.0,1.0,,5.0,,4.333333333333333,,,1.0,1.0,1.0,,,,,,,,,,
groinunratedbattery,2021-04-29,0.0,0.0,2.0,0.0,69.0,34.0,0.0,6.0,4426.927540133878,538.0,19036.0,61.0,178.0,1.0,5.0,1.0,5.0,5.0,1.0,1.0,1.0,1.0,1.0,,,,,,5.0,,5.0,,5.0,,,,,,5.0,,5.0,,,1.0,,,,,5.0,,,1.0,,,,,,,,,,,,
groinunratedbattery,2021-04-30,0.0,0.0,0.0,0.0,60.0,39.0,0.0,7.0,2668.499885132582,678.0,64594.0,53.0,117.0,1.0,4.916666666666667,1.0,5.0,4.916666666666667,1.0,1.0,1.0,1.0,,,,,,,,,,,,,,,,,,,,,,,,,,,,,,,,,,,,,,,,,,
groinunratedbattery,2021-05-01,0.0,0.0,1.0,0.0,60.0,25.0,0.0,1.0,4110.594592961665,683.0,60113.0,63.0,81.0,1.0,5.0,1.0,5.0,5.0,1.0,1.0,1.0,1.0,,,,,,,,,,,,,,,,,,,,,,,,,,,,,,,,,,,,,,,,,,
groinunratedbattery,2021-05-02,0.0,0.0,0.0,0.0,82.0,21.0,0.0,4.0,3065.73311747883,495.0,67743.0,59.0,89.0,1.0,4.8,1.0,5.0,4.9,1.0,1.0,1.0,1.0,,,,,,,,,,,,,,,,,,,,,,,,,,,,,,,,,,,,,,,,,,
groinunratedbattery,2021-05-03,10.0,0.0,2.0,0.0,45.0,49.0,0.0,8.0,6016.771802643993,443.0,56568.0,100.0,93.0,1.0,5.0,1.0,5.0,5.0,1.0,1.0,1.0,1.0,,5.0,,,5.0,1.0,5.0,,,,,5.0,,,,,5.0,,,,,,,,5.0,,5.0,,,1.0,,,,,,,,,,,,
groinunratedbattery,2021-05-04,0.0,0.0,0.0,0.0,62.0,30.0,0.0,0.0,4095.652326667487,639.0,62102.0,58.0,74.0,1.0,5.0,1.0,5.0,4.0,1.0,1.0,1.0,1.0,2.5,5.0,,,5.0,1.0,5.0,5.0,,,5.0,3.6666666666666665,,5.0,1.0,,5.0,,,5.0,4.666666666666667,1.0,1.0,,5.0,5.0,5.0,,5.0,1.0,,,,,,,,,,,,
groinunratedbattery,2021-05-05,0.0,0.0,40.0,0.0,66.0,51.0,0.0,21.0,5655.452215851363,690.0,60477.0,81.0,78.0,1.0,5.0,1.0,5.0,5.0,1.0,1.0,1.0,1.0,3.2,5.0,,,,1.0,,5.0,,,5.0,,,5.0,1.0,,,,,1.0,1.0,1.0,1.0,,,5.0,,,,,,,,,,,,,,,,
groinunratedbattery,2021-05-06,0.0,0.0,2.0,0.0,68.0,24.0,0.0,4.0,3266.168622013344,562.0,67620.0,56.0,140.0,1.0,5.0,1.0,5.0,5.0,1.0,1.0,1.0,1.0,3.0,5.0,,1.0,,1.0,4.8,,5.0,1.0,5.0,,,5.0,,,,1.0,,5.0,4.5,1.0,,,5.0,,5.0,1.0,5.0,,,1.0,,,,,,,,,,
groinunratedbattery,2021-05-07,6.0,0.0,10.0,0.0,60.0,57.0,0.0,16.0,5951.433680886288,496.0,55420.0,70.0,86.0,1.0,5.0,1.0,5.0,5.0,1.0,1.0,1.0,1.0,2.625,5.0,5.0,1.0,,,5.0,,5.0,1.0,5.0,,5.0,,,,,,,,5.0,1.0,1.0,1.0,5.0,5.0,5.0,,5.0,,,1.0,,,,,,,,,,
groinunratedbattery,2021-05-08,0.0,0.0,1.0,0.0,47.0,13.0,0.0,2.0,4216.2921735808,351.0,61437.0,59.0,65.0,1.0,5.0,1.0,5.0,5.0,1.0,1.0,1.0,1.0,1.0,,3.3333333333333335,1.0,,,,5.0,,,,2.3333333333333335,5.0,,,,,,5.0,,5.0,1.0,1.0,1.0,5.0,5.0,5.0,,,1.0,,1.0,,,,,,,,,,
groinunratedbattery,2021-05-09,0.0,0.0,1.0,0.0,55.0,47.0,0.0,8.0,4693.531274493681,443.0,64109.0,67.0,109.0,1.0,5.0,1.0,5.0,5.0,1.0,1.0,1.0,1.0,4.333333333333333,,2.3333333333333335,1.0,,,5.0,4.75,,1.0,,1.0,5.0,,,,,,5.0,2.3333333333333335,,1.5,1.0,1.0,5.0,5.0,,,4.0,1.0,,,,,,,,,,,,
groinunratedbattery,2021-05-10,12.0,0.0,1.0,0.0,48.0,39.0,0.0,8.0,5250.346442875363,568.0,65253.0,71.0,67.0,1.0,5.0,1.0,5.0,5.0,1.0,1.0,1.0,1.0,3.0,5.0,2.3333333333333335,1.0,,1.0,5.0,5.0,,1.0,5.0,2.75,3.0,,,,,,,1.0,3.0,1.0,1.0,1.0,,5.0,,1.0,,1.0,,,,,,,,,,,,
groinunratedbattery,2021-05-11,0.0,0.0,0.0,0.0,73.0,41.0,0.0,2.0,4626.208357563139,386.0,53740.0,54.0,55.0,1.0,5.0,1.0,5.0,5.0,1.0,1.0,1.0,1.0,3.375,,,,4.666666666666667,3.0,5.0,5.0,5.0,,5.0,4.0,5.0,,,,,2.5,,5.0,5.0,,1.0,2.5,,5.0,5.0,1.0,,1.0,,1.0,,,,,,,,,,
groinunratedbattery,2021-05-12,0.0,0.0,1.0,0.0,57.0,40.0,0.0,4.0,3822.742978273511,611.0,66415.0,55.0,100.0,1.0,5.0,1.0,5.0,5.0,1.0,1.0,1.0,1.0,2.1666666666666665,,3.6666666666666665,,5.0,,5.0,,5.0,,,1.0,5.0,5.0,,,,1.0,4.5,2.0,,,1.0,,,4.5,5.0,,5.0,,,1.0,,,,,,,,,,
groinunratedbattery,2021-05-13,0.0,0.0,1.0,0.0,57.0,55.0,0.0,9.0,4923.302475910898,499.0,59076.0,70.0,98.0,1.0,5.0,1.0,5.0,5.0,1.0,1.0,1.0,1.0,4.0,,2.3333333333333335,1.0,5.0,,,,5.0,1.0,,1.0,5.0,5.0,,,5.0,,5.0,1.0,5.0,,,,,5.0,5.0,,,,,1.0,,,,,,,,,,
groinunratedbattery,2021-05-14,13.0,0.0,1.0,0.0,69.0,46.0,0.0,15.0,4659.021604247513,657.0,61252.0,53.0,132.0,1.0,5.0,1.0,5.0,5.0,1.0,1.0,1.0,1.0,1.0,5.0,,1.0,5.0,1.0,5.0,5.0,5.0,1.0,,1.0,5.0,,,1.0,,,,1.0,5.0,1.0,,1.0,,,5.0,,,,,1.0,,,,,,,,,,
groinunratedbattery,2021-05-15,0.0,0.0,2.0,0.0,48.0,29.0,0.0,3.0,4820.383842299134,358.0,17658.0,55.0,91.0,1.0,4.9,1.0,5.0,5.0,1.0,1.0,1.0,1.0,3.0,5.0,,,,2.5,5.0,5.0,,,,1.0,5.0,,,1.0,,,,1.0,,1.0,,1.0,,,,,,,,,,,,,,,,,,
groinunratedbattery,2021-05-16,0.0,0.0,1.0,0.0,62.0,31.0,0.0,10.0,4672.316085969103,521.0,54267.0,50.0,71.0,1.0,4.9,1.0,4.7,4.7,1.0,1.0,1.0,1.0,,,,,,,,,,,,,,,,,,,,,,,,,,,,,,,,,,,,,,,,,,
groinunratedbattery,2021-05-17,10.0,0.0,0.0,0.0,76.0,38.0,0.0,8.0,68.89866338717162,481.0,25758.0,68.0,83.0,1.0,4.909090909090909,1.0909090909090908,5.0,5.0,1.0,1.0,1.0,1.0,,,,,,,,,,,,,,,,,,,,,,,,,,,,,,,,,,,,,,,,,,
groinunratedbattery,2021-05-18,0.0,0.0,3.0,0.0,72.0,25.0,0.0,3.0,1098.9000985710068,400.0,54311.0,56.0,140.0,1.0,5.0,1.0,4.777777777777778,5.0,1.0,1.0,1.0,1.0,,,,,,,,,,,,,,,,,,,,,,,,,,,,,,,,,,,,,,,,,,
groinunratedbattery,2021-05-19,0.0,0.0,16.0,0.0,57.0,31.0,0.0,13.0,,,55917.0,68.0,86.0,,,,,,,,,,,,,,,,,,,,,,,,,,,,,,,,,,,,,,,,,,,,,,,,,,,
groinunratedbattery,2021-05-20,0.0,0.0,5.0,0.0,48.0,23.0,0.0,6.0,,,59199.0,39.0,97.0,1.0,4.5,1.0,5.0,5.0,1.0,1.0,1.0,1.0,,,,,,,,,,,,,,,,,,,,,,,,,,,,,,,,,,,,,,,,,,
groinunratedbattery,2021-05-21,0.0,0.0,0.0,0.0,57.0,8.0,0.0,1.0,,,51458.0,73.0,7.0,1.0,5.0,1.0,5.0,5.0,1.0,1.0,1.0,1.0,,,,,,,,,,,,,,,,,,,,,,,,,,,,,,,,,,,,,,,,,,
groinunratedbattery,2021-05-22,22.0,0.0,4.0,0.0,80.0,63.0,0.0,24.0,,,49297.0,60.0,49.0,1.0,5.0,1.0,5.0,5.0,1.0,1.0,1.0,1.0,,,,,,,,,,,,,,,,,,,,,,,,,,,,,,,,,,,,,,,,,,
groinunratedbattery,2021-05-23,0.0,0.0,0.0,0.0,77.0,37.0,0.0,3.0,,,64208.0,50.0,99.0,1.0,5.0,1.0,5.0,5.0,1.0,1.0,1.0,1.0,,,,,,,,,,,,,,,,,,,,,,,,,,,,,,,,,,,,,,,,,,
groinunratedbattery,2021-05-24,12.0,0.0,0.0,0.0,41.0,39.0,0.0,9.0,,,61903.0,60.0,105.0,,,,,,,,,,,,,,,,,,,,,,,,,,,,,,,,,,,,,,,,,,,,,,,,,,,
