id,date,IN_VEHICLE,ON_BIKE,ON_FOOT,RUNNING,STILL,TILTING,WALKING,UNKNOWN,MIMS_SUM_WEAR,SLEEP_MINUTES,SCREEN_ON_SECONDS,UNLOCK_EVENTS_NUM,USAGE_DURATION_MIN,Q1_SAD_response,Q2_HAPP_response,Q3_FATIG_response,Q4_EN_response,Q5_REL_response,Q6_TEN_response,Q7_STRESS_response,Q8_FRUST_response,Q9_NERV_response,activity_0_response,activity_2_response,alone_0_response,burden_1_response,control_1_response,demands_1_response,energy_9_response,excite_14_response,family_1_response,fatigue_13_response,feel_eat_1_response,feel_exer_1_response,feel_sit_1_response,focus_3_response,friend_1_response,frust_12_response,happy_8_response,hunger_0_response,int_eat_1_response,int_exer_3_response,int_sed_1_response,nervous_4_response,pain_0_response,proc_4_response,prod_0_response,relax_10_response,routine_0_response,sad_7_response,sleep_0_response,stress_2_response,tense_11_response,tired_1_response
idealistsustainerexpansive,2021-03-05,0.0,0.0,1.0,0.0,34.0,21.0,0.0,3.0,,,2966,17,,1.0,4.0,2.0,3.0,2.0,1.0,3.0,2.0,2.0,,,,,,,,,,,,,,,,,,,,,,,,,,,,,,,,
idealistsustainerexpansive,2021-03-06,12.0,0.0,20.0,0.0,95.0,15.0,0.0,37.0,,,9339,65,19.0,1.0,5.0,2.0,2.0,3.0,3.0,3.0,2.0,1.0,,,,,,,,,,,,,,,,,,,,,,,,,,,,,,,,
idealistsustainerexpansive,2021-03-07,0.0,0.0,0.0,0.0,43.0,5.0,0.0,1.0,,,12366,32,22.0,1.0,2.0,3.0,1.0,4.0,1.0,3.0,2.0,1.0,,,,,,,,,,,,,,,,,,,,,,,,,,,,,,,,
idealistsustainerexpansive,2021-03-08,4.0,0.0,45.0,0.0,275.0,47.0,0.0,89.0,,,11297,46,19.0,,,,,,,,,,,,,,,,,,,,,,,,,,,,,,,,,,,,,,,,,
idealistsustainerexpansive,2021-03-09,3.0,0.0,31.0,0.0,339.0,25.0,0.0,79.0,,,4449,30,42.0,1.0,3.0,3.0,2.0,1.0,1.0,3.0,2.0,1.0,,,,,,,,,,,,,,,,,,,,,,,,,,,,,,,,
idealistsustainerexpansive,2021-03-10,43.0,0.0,51.0,0.0,323.0,61.0,0.0,104.0,,,18284,37,52.0,1.0,3.0,4.0,2.0,1.0,1.0,3.0,3.0,3.0,,,,,,,,,,,,,,,,,,,,,,,,,,,,,,,,
idealistsustainerexpansive,2021-03-11,0.0,0.0,0.0,0.0,96.0,16.0,0.0,6.0,,,14148,47,53.0,4.0,2.0,5.0,1.0,1.0,4.0,4.0,4.0,1.0,,,,,,,,,,,,,,,,,,,,,,,,,,,,,,,,
idealistsustainerexpansive,2021-03-12,4.0,1.0,52.0,0.0,296.0,48.0,0.0,211.0,,,22264,44,42.0,1.1666666666666667,2.5,3.0833333333333335,1.5833333333333333,1.5833333333333333,2.1666666666666665,3.3333333333333335,3.0833333333333335,1.0,,,,,,,,,,,,,,,,,,,,,,,,,,,,,,,,
idealistsustainerexpansive,2021-03-13,4.0,0.0,17.0,0.0,89.0,18.0,0.0,17.0,,,40261,46,54.0,1.0,4.111111111111111,1.1111111111111112,2.5555555555555554,3.7777777777777777,1.0,1.0,1.2222222222222223,1.0,,,,,,,,,,,,,,,,,,,,,,,,,,,,,,,,
idealistsustainerexpansive,2021-03-14,0.0,0.0,0.0,0.0,68.0,12.0,0.0,2.0,,,8645,41,35.0,1.0,3.1666666666666665,2.1666666666666665,1.5,2.1666666666666665,1.0,1.6666666666666667,1.5,1.0,,,,,,,,,,,,,,,,,,,,,,,,,,,,,,,,
idealistsustainerexpansive,2021-03-15,6.0,0.0,73.0,0.0,287.0,67.0,0.0,117.0,,,17143,62,38.0,2.5454545454545454,1.4545454545454546,3.6363636363636362,1.3636363636363635,1.2727272727272727,4.2727272727272725,4.454545454545454,4.2727272727272725,1.0,,,,,,,,,,,,,,,,,,,,,,,,,,,,,,,,
idealistsustainerexpansive,2021-03-16,4.0,0.0,47.0,0.0,310.0,49.0,0.0,78.0,,,14793,44,87.0,3.0,2.0,4.0,1.0,1.0,4.0,4.0,4.0,1.0,,,,,,,,,,,,,,,,,,,,,,,,,,,,,,,,
idealistsustainerexpansive,2021-03-17,14.0,0.0,11.0,0.0,268.0,29.0,0.0,43.0,,,28948,60,176.0,2.0,2.0,2.0,1.0,2.0,3.0,3.0,2.0,1.0,,,,,,,,,,,,,,,,,,,,,,,,,,,,,,,,
idealistsustainerexpansive,2021-03-18,1.0,0.0,1.0,0.0,129.0,21.0,0.0,8.0,,,23872,59,79.0,1.0,2.0,2.0,2.0,4.0,3.0,2.0,1.0,1.0,,,,,,,,,,,,,,,,,,,,,,,,,,,,,,,,
idealistsustainerexpansive,2021-03-19,17.0,3.0,24.0,0.0,238.0,21.0,0.0,75.0,,,28914,70,61.0,1.0,3.0,2.0,2.0,3.0,1.0,3.0,1.0,1.0,,,,,,,,,,,,,,,,,,,,,,,,,,,,,,,,
idealistsustainerexpansive,2021-03-20,35.0,0.0,3.0,0.0,266.0,23.0,0.0,88.0,,,13874,67,45.0,2.0,4.0,2.0,3.0,2.0,1.0,1.0,1.0,1.0,,,,,,,,,,,,,,,,,,,,,,,,,,,,,,,,
idealistsustainerexpansive,2021-03-21,1.0,0.0,0.0,0.0,220.0,19.0,0.0,16.0,,,25216,84,253.0,4.0,1.0,5.0,1.0,1.0,5.0,5.0,5.0,1.0,,,,,,,,,,,,,,,,,,,,,,,,,,,,,,,,
idealistsustainerexpansive,2021-03-22,0.0,0.0,0.0,0.0,161.0,49.0,0.0,20.0,,,24612,61,103.0,3.0,2.0,5.0,1.0,1.0,4.0,4.0,2.0,1.0,,,,,,,,,,,,,,,,,,,,,,,,,,,,,,,,
idealistsustainerexpansive,2021-03-23,0.0,0.0,0.0,0.0,174.0,36.0,0.0,12.0,,,23473,52,171.0,3.0,2.0,5.0,1.0,1.0,1.0,4.0,2.0,1.0,,,,,,,,,,,,,,,,,,,,,,,,,,,,,,,,
idealistsustainerexpansive,2021-03-24,0.0,0.0,2.0,0.0,181.0,47.0,0.0,28.0,,,20255,74,89.0,1.0,2.0,5.0,2.0,1.0,1.0,4.0,1.0,1.0,,,,,,,,,,,,,,,,,,,,,,,,,,,,,,,,
idealistsustainerexpansive,2021-03-25,6.0,0.0,7.0,0.0,192.0,49.0,0.0,31.0,,,24792,59,148.0,2.0,2.0,5.0,1.0,2.0,3.0,4.0,3.0,1.0,,,,,,,,,,,,,,,,,,,,,,,,,,,,,,,,
idealistsustainerexpansive,2021-03-26,5.0,0.0,3.0,0.0,235.0,95.0,0.0,61.0,,,34358,75,94.0,2.4,1.8,3.5,1.0,1.8,1.9,3.7,3.2,1.0,,,,,,,,,,,,,,,,,,,,,,,,,,,,,,,,
idealistsustainerexpansive,2021-03-27,51.0,0.0,16.0,0.0,124.0,48.0,0.0,43.0,,,12796,63,40.0,2.125,2.125,3.5,1.5,1.125,2.0,3.0,2.25,1.0,,,,,,,,,,,,,,,,,,,,,,,,,,,,,,,,
idealistsustainerexpansive,2021-03-28,0.0,0.0,0.0,0.0,149.0,33.0,0.0,15.0,,,20375,49,72.0,1.8181818181818181,1.0909090909090908,4.2727272727272725,1.0,1.2727272727272727,4.545454545454546,4.545454545454546,4.636363636363637,1.0,,,,,,,,,,,,,,,,,,,,,,,,,,,,,,,,
idealistsustainerexpansive,2021-03-29,12.0,0.0,4.0,0.0,138.0,33.0,0.0,16.0,571.8137478791572,2.0,17447,34,146.0,2.0,1.6666666666666667,5.0,1.0,1.0,3.3333333333333335,4.0,3.3333333333333335,1.0,,,,,,,,,,,,,,,,,,,,,,,,,,,,,,,,
idealistsustainerexpansive,2021-03-30,0.0,0.0,0.0,0.0,112.0,13.0,0.0,7.0,5671.652642576342,683.0,14114,40,53.0,1.0,3.0,2.0,2.0,1.0,1.0,2.0,2.0,1.0,1.0,5.0,3.0,,,,3.0,,,,,4.25,,,,,,1.0,5.0,,,1.0,5.0,1.0,,,5.0,,,4.0,,
idealistsustainerexpansive,2021-03-31,0.0,0.0,0.0,0.0,152.0,28.0,0.0,16.0,6392.829300580375,463.0,19649,51,125.0,2.0,2.0,2.0,3.0,3.0,3.0,3.0,4.0,1.0,4.666666666666667,4.833333333333333,,1.0,,3.0,5.0,,,,,1.0,,,,4.666666666666667,,,5.0,,5.0,,,,,1.0,5.0,1.0,,,3.25,
idealistsustainerexpansive,2021-04-01,0.0,0.0,0.0,0.0,99.0,11.0,0.0,7.0,8492.365895567114,627.0,9269,32,32.0,2.0,2.0,3.0,1.0,1.0,1.0,1.0,3.0,1.0,5.0,5.0,,1.0,,1.0,,,,,,4.5,,,,5.0,5.0,3.4,5.0,,,,5.0,,5.0,,4.666666666666667,,5.0,,3.0,
idealistsustainerexpansive,2021-04-02,11.0,0.0,1.0,0.0,214.0,39.0,0.0,28.0,6151.859679246598,357.0,25210,68,128.0,1.0,4.0,2.0,1.0,3.0,1.0,2.0,1.0,1.0,3.4,,,1.0,,,,,5.0,,,5.0,5.0,4.333333333333333,3.0,5.0,5.0,1.0,5.0,5.0,,,5.0,,5.0,2.4,,,,,1.0,5.0
idealistsustainerexpansive,2021-04-03,14.0,0.0,13.0,0.0,259.0,68.0,0.0,63.0,10045.41285627764,526.0,34089,49,120.0,2.0,4.0,3.0,2.0,3.0,1.0,3.0,2.0,1.0,1.0,5.0,,,,4.0,,,5.0,,4.5,,,3.0,5.0,2.5,,4.666666666666667,3.6666666666666665,1.0,5.0,,,,,4.5,,4.0,,4.0,,5.0
idealistsustainerexpansive,2021-04-04,24.0,0.0,1.0,0.0,163.0,50.0,0.0,35.0,7489.572939991054,531.0,20594,60,132.0,3.0,4.0,3.0,2.0,2.0,2.0,4.0,4.0,1.0,1.0,5.0,,,,,,,5.0,,5.0,,,,5.0,,,1.0,4.0,,3.0,,,,,,4.0,4.0,4.0,,4.333333333333333,5.0
idealistsustainerexpansive,2021-04-05,3.0,0.0,47.0,0.0,378.0,63.0,0.0,132.0,14757.119479573375,569.0,12069,36,55.0,3.0,2.0,5.0,1.0,1.0,3.0,4.0,5.0,1.0,,5.0,2.0,,2.5,,4.333333333333333,1.0,,,4.6,,5.0,,5.0,,,,,,,,5.0,,,2.0,,,,,,
idealistsustainerexpansive,2021-04-06,0.0,0.0,0.0,0.0,144.0,29.0,0.0,14.0,10120.652459280547,547.0,12948,41,67.0,2.0,3.0,3.0,2.0,1.0,2.0,5.0,5.0,1.0,,5.0,,1.0,,3.0,,,,5.0,4.5,,4.0,,,5.0,,,,,5.0,,,,1.0,,,5.0,1.0,4.666666666666667,,
idealistsustainerexpansive,2021-04-07,2.0,0.0,0.0,0.0,200.0,43.0,0.0,32.0,7722.311055730125,439.0,25656,34,102.0,2.0,2.0,5.0,1.0,2.0,2.0,4.0,5.0,1.0,3.0,5.0,,1.0,4.5,,,,,4.5,,,4.75,4.2,,,2.5,,,,,,,,4.666666666666667,3.0,,5.0,,4.0,3.0,
idealistsustainerexpansive,2021-04-08,6.0,0.0,1.0,0.0,323.0,54.0,0.0,55.0,13920.223088808558,539.0,20697,51,84.0,2.875,1.75,5.0,1.0,1.0,4.125,5.0,4.75,1.0,,5.0,1.0,,4.0,,,,,,,,,,,,,,,,,,,,,5.0,,,,,,
idealistsustainerexpansive,2021-04-09,0.0,0.0,0.0,0.0,160.0,42.0,0.0,19.0,7016.380690716305,491.0,33003,45,41.0,2.6666666666666665,1.1111111111111112,5.0,1.0,1.0,4.888888888888889,5.0,5.0,1.0,,,,,,,,,,,,,,,,,,,,,,,,,,,,,,,,
idealistsustainerexpansive,2021-04-10,30.0,0.0,30.0,0.0,162.0,67.0,0.0,45.0,12951.276664683,512.0,13187,50,36.0,4.5,1.0,5.0,1.0,1.0,5.0,5.0,5.0,1.0,,,,,,,,,,,,,,,,,,,,,,,,,,,,,,,,
idealistsustainerexpansive,2021-04-11,46.0,0.0,33.0,0.0,187.0,57.0,0.0,60.0,7606.347995396274,604.0,14877,48,61.0,1.8571428571428572,2.5714285714285716,4.571428571428571,1.1428571428571428,1.8571428571428572,1.2857142857142858,4.0,4.142857142857143,1.0,,,,,,,,,,,,,,,,,,,,,,,,,,,,,,,,
idealistsustainerexpansive,2021-04-12,1.0,0.0,18.0,0.0,193.0,73.0,0.0,279.0,14167.969357906408,369.0,13791,48,68.0,2.0,3.0,5.0,1.0,1.0,5.0,5.0,5.0,1.0,1.0,4.923076923076923,,,4.0,5.0,3.0,,2.3333333333333335,5.0,5.0,,,,,,4.25,2.3333333333333335,,,,,,3.0,,,5.0,,,,,
idealistsustainerexpansive,2021-04-13,0.0,1.0,22.0,0.0,241.0,59.0,0.0,39.0,16689.473723846044,503.0,17238,54,51.0,2.0,3.0,5.0,1.0,1.0,3.0,5.0,5.0,1.0,1.0,4.9375,,3.0,,,,,,5.0,4.333333333333333,,,,,5.0,,,,5.0,,1.0,5.0,,5.0,,5.0,4.0,,,,
idealistsustainerexpansive,2021-04-14,0.0,0.0,1.0,0.0,117.0,25.0,0.0,17.0,7895.4664430538705,755.0,11820,31,30.0,2.0,3.0,5.0,1.0,2.0,2.0,5.0,5.0,1.0,5.0,5.0,3.0,,,,,1.0,,5.0,4.0,,,3.6666666666666665,1.0,,4.0,,,,4.0,,,1.0,,,,,,5.0,,
idealistsustainerexpansive,2021-04-15,4.0,1.0,35.0,0.0,306.0,55.0,0.0,126.0,16080.69531595959,481.0,10984,50,49.0,3.0,2.0,5.0,1.0,1.0,5.0,5.0,5.0,1.0,,5.0,,,,,1.0,,2.0,5.0,,,,4.0,1.0,,,,4.0,,5.0,,,1.0,,1.0,5.0,,,,5.0,
idealistsustainerexpansive,2021-04-16,25.0,0.0,34.0,0.0,217.0,52.0,0.0,102.0,15111.914723761209,418.0,13072,60,44.0,3.0,2.0,5.0,1.0,1.0,4.0,5.0,5.0,1.0,,4.666666666666667,,3.0,,,,,,,,1.0,,2.5,,,3.0,,,,5.0,,5.0,1.0,,,,,4.0,,,5.0
idealistsustainerexpansive,2021-04-17,18.0,0.0,34.0,0.0,142.0,35.0,0.0,257.0,13900.623749982422,508.0,12572,38,26.0,3.0,3.0,5.0,1.0,1.0,5.0,5.0,5.0,1.0,,4.555555555555555,1.0,,,,,1.0,1.0,,,5.0,5.0,,,,2.5,,,,,1.0,,1.0,4.5,,,5.0,,,,
idealistsustainerexpansive,2021-04-18,19.0,0.0,11.0,0.0,211.0,58.0,0.0,85.0,10305.535197037916,550.0,28069,57,152.0,3.0,3.0,5.0,1.0,1.0,3.0,3.0,5.0,1.0,,5.0,,1.0,,1.0,,,,,,,,4.5,,5.0,4.0,,,,5.0,,,,,,5.0,,4.0,2.5,,
idealistsustainerexpansive,2021-04-19,14.0,0.0,17.0,0.0,167.0,49.0,0.0,28.0,13872.546320742716,656.0,15799,73,,2.0,3.0,5.0,1.0,2.0,5.0,5.0,5.0,1.0,1.0,5.0,,,,1.0,,3.0,,,,3.0,5.0,,2.3333333333333335,,,,,,,,,,4.75,5.0,,,4.0,4.333333333333333,,
idealistsustainerexpansive,2021-04-20,18.0,0.0,14.0,0.0,162.0,67.0,0.0,22.0,13963.818152671418,470.0,16848,63,,1.0,3.0,5.0,1.0,1.0,5.0,5.0,5.0,1.0,1.0,,,1.0,5.0,,,,,,,,,,,1.0,,,,,,,,,,,,,,,,
idealistsustainerexpansive,2021-04-21,16.0,0.0,5.0,0.0,146.0,37.0,0.0,16.0,5714.344421366329,497.0,23275,54,88.0,3.0,1.0,5.0,1.0,2.0,3.0,4.0,4.0,3.0,5.0,5.0,,,,,1.0,3.0,3.6666666666666665,,3.6,,4.5,,,4.0,,,,4.5,,,5.0,1.0,,,,,,4.5,,
idealistsustainerexpansive,2021-04-22,10.0,0.0,19.0,0.0,151.0,45.0,0.0,28.0,13133.1276767141,624.0,24925,66,29.0,3.857142857142857,1.1428571428571428,5.0,1.0,1.2857142857142858,5.0,5.0,5.0,1.0,,,,,,,,,,,,,,,,,,,,,,,,,,,,,,,,
idealistsustainerexpansive,2021-04-23,30.0,0.0,11.0,0.0,230.0,59.0,0.0,40.0,13141.956815588188,686.0,15590,67,48.0,4.375,1.25,5.0,1.0,1.125,5.0,5.0,5.0,1.0,,,,,,,,,,,,,,,,,,,,,,,,,,,,,,,,
idealistsustainerexpansive,2021-04-24,52.0,0.0,30.0,0.0,208.0,73.0,0.0,58.0,14142.097825166338,520.0,16118,80,78.0,2.909090909090909,2.0,4.7272727272727275,1.0909090909090908,1.4545454545454546,4.090909090909091,4.545454545454546,4.181818181818182,1.0,,,,,,,,,,,,,,,,,,,,,,,,,,,,,,,,
idealistsustainerexpansive,2021-04-25,27.0,0.0,16.0,0.0,180.0,51.0,0.0,42.0,9836.67963810783,423.0,16006,63,145.0,1.8333333333333333,2.5,3.5,1.3333333333333333,2.1666666666666665,2.5,3.0,2.1666666666666665,1.0,,,,,,,,,,,,,,,,,,,,,,,,,,,,,,,,
idealistsustainerexpansive,2021-04-26,10.0,0.0,9.0,0.0,126.0,35.0,0.0,14.0,10373.7008023229,516.0,18391,37,63.0,2.0,3.0,5.0,1.0,1.0,5.0,5.0,5.0,1.0,1.0,5.0,,,,,1.0,,,,,,,3.0,1.0,,,,,,5.0,,5.0,,5.0,2.0,5.0,,1.0,,5.0,
idealistsustainerexpansive,2021-04-27,2.0,0.0,3.0,0.0,97.0,32.0,0.0,12.0,14648.857364895315,555.0,20071,49,70.0,3.0,1.0,5.0,1.0,1.0,5.0,5.0,5.0,1.0,1.0,5.0,,,,,,,,,,,5.0,,,,,1.0,4.0,,,,5.0,,2.3333333333333335,,5.0,,1.0,5.0,,5.0
idealistsustainerexpansive,2021-04-28,0.0,0.0,0.0,0.0,53.0,9.0,0.0,3.0,8597.705364637588,678.0,12356,47,15.0,1.0,3.0,5.0,1.0,2.0,1.0,3.0,3.0,1.0,5.0,5.0,,1.0,,1.0,1.0,,,,,2.0,5.0,,,,,4.666666666666667,,4.0,,,5.0,,4.333333333333333,,,,,3.0,3.0,
idealistsustainerexpansive,2021-04-29,0.0,0.0,0.0,0.0,56.0,9.0,0.0,4.0,6987.537483716931,532.0,10792,38,13.0,2.0,1.0,5.0,1.0,1.0,3.0,3.0,3.0,1.0,5.0,5.0,,1.0,,,,,,,,,,4.0,1.0,,,2.3333333333333335,4.0,,,2.5,,1.0,,,2.3333333333333335,,1.0,,,5.0
idealistsustainerexpansive,2021-04-30,4.0,0.0,5.0,0.0,75.0,36.0,0.0,15.0,11155.154357110623,740.0,13150,67,48.0,4.0,1.0,5.0,1.0,1.0,5.0,5.0,5.0,1.0,1.0,5.0,,2.0,1.0,5.0,,1.0,,,,,2.3333333333333335,1.0,,5.0,4.5,1.0,4.0,,,,,,,,,,1.0,,,5.0
idealistsustainerexpansive,2021-05-01,2.0,0.0,3.0,0.0,72.0,26.0,0.0,11.0,12952.781979863998,512.0,15280,56,79.0,3.0,3.0,5.0,1.0,1.0,5.0,5.0,5.0,1.0,1.0,5.0,,1.0,2.0,,,,,,,,1.0,1.0,,5.0,,,4.0,,,,5.0,,,1.0,5.0,5.0,1.0,,,
idealistsustainerexpansive,2021-05-02,9.0,0.0,0.0,0.0,59.0,39.0,0.0,9.0,5817.918135714565,599.0,9825,53,82.0,3.0,3.0,3.0,1.0,1.0,2.0,3.0,3.0,1.0,2.0,,1.0,,,,,,5.0,,,,2.5,5.0,,5.0,1.0,,,,4.5,,,,2.5,1.0,5.0,5.0,,5.0,4.0,
idealistsustainerexpansive,2021-05-03,2.0,0.0,4.0,0.0,68.0,31.0,0.0,12.0,12637.890752054143,639.0,16432,55,97.0,3.0,1.0,5.0,1.0,1.0,5.0,5.0,5.0,1.0,1.0,5.0,1.0,,,,1.0,,,,,2.0,,1.6,1.0,,1.0,,,4.5,,,,,2.3333333333333335,,,,1.0,,,
idealistsustainerexpansive,2021-05-04,3.0,0.0,9.0,0.0,65.0,30.0,0.0,12.0,13820.237725432798,615.0,12107,54,61.0,1.0,1.0,5.0,1.0,1.0,5.0,5.0,5.0,1.0,1.0,5.0,,1.8,,,,,,,,1.0,4.0,1.0,,,,,,4.5,,,5.0,,2.4,,,5.0,1.0,,,5.0
idealistsustainerexpansive,2021-05-05,2.0,1.0,1.0,0.0,71.0,39.0,0.0,12.0,9147.503753851654,564.0,17203,59,136.0,3.0,2.0,5.0,1.0,1.0,2.0,3.0,3.0,1.0,,5.0,,,,,,,5.0,,,,2.0,,,3.6666666666666665,4.0,,,4.5,3.0,,5.0,,,,5.0,,1.0,,,5.0
idealistsustainerexpansive,2021-05-06,2.0,0.0,4.0,0.0,58.0,35.0,0.0,10.0,11947.900095369623,689.0,19221,58,101.0,3.0,2.0,5.0,1.0,1.0,4.0,5.0,5.0,1.0,1.0,5.0,1.0,,,,,,1.0,,,,1.0,,,5.0,1.0,,,4.0,4.0,,,,,,5.0,,,5.0,,
idealistsustainerexpansive,2021-05-07,4.0,1.0,6.0,0.0,77.0,47.0,0.0,13.0,13607.31991139332,538.0,27592,60,55.0,3.1,1.5,5.0,1.0,1.4,4.6,5.0,5.0,1.0,5.0,,,,5.0,,,,,,,,4.0,,,4.0,,1.0,,,,,,,,,,,,,,
idealistsustainerexpansive,2021-05-08,5.0,0.0,0.0,0.0,81.0,29.0,0.0,11.0,12381.208035606092,552.0,15026,68,55.0,2.75,1.75,5.0,1.1666666666666667,1.5833333333333333,4.0,4.75,4.166666666666667,1.0,,,,,,,,,,,,,,,,,,,,,,,,,,,,,,,,
idealistsustainerexpansive,2021-05-09,5.0,0.0,5.0,0.0,59.0,17.0,0.0,6.0,5478.057257924211,567.0,13366,42,27.0,1.7,2.1,4.2,1.3,1.9,2.4,3.7,3.3,1.0,,,,,,,,,,,,,,,,,,,,,,,,,,,,,,,,
idealistsustainerexpansive,2021-05-10,2.0,0.0,6.0,0.0,65.0,40.0,0.0,14.0,14722.381703905912,592.0,19654,66,60.0,3.0,1.0,4.75,1.0,1.0,4.833333333333333,4.833333333333333,4.833333333333333,1.0,,,,,,,,,,,,,,,,,,,,,,,,,,,,,,,,
idealistsustainerexpansive,2021-05-11,7.0,0.0,18.0,0.0,70.0,42.0,0.0,11.0,15078.904759175088,415.0,17142,61,62.0,3.0,1.0,5.0,1.0,1.0,5.0,5.0,5.0,1.0,,5.0,,,,,,,1.0,5.0,,,1.0,3.6666666666666665,1.0,5.0,,,,5.0,5.0,1.0,,,,,,,,,4.0,
idealistsustainerexpansive,2021-05-12,6.0,1.0,3.0,0.0,53.0,36.0,0.0,8.0,7607.895541640684,777.0,10604,30,40.0,1.0,3.0,2.0,1.0,3.0,2.0,2.0,2.0,1.0,1.0,5.0,,1.0,5.0,,,,5.0,5.0,4.333333333333333,,,5.0,2.0,5.0,4.333333333333333,2.0,,,,,,1.0,,,,,,4.333333333333333,4.0,
idealistsustainerexpansive,2021-05-13,5.0,0.0,3.0,0.0,83.0,87.0,0.0,21.0,15457.794065780545,502.0,19158,67,61.0,3.0,2.0,5.0,1.0,1.0,5.0,5.0,5.0,1.0,,5.0,,,4.4,1.0,,,3.75,5.0,5.0,,3.75,5.0,5.0,,,1.0,,,,2.3333333333333335,,2.0,,,,,1.0,,,5.0
idealistsustainerexpansive,2021-05-14,2.0,0.0,3.0,0.0,78.0,24.0,0.0,7.0,13924.72252278997,509.0,9936,49,25.0,3.0,1.0,5.0,1.0,1.0,5.0,5.0,5.0,1.0,,5.0,2.3333333333333335,,4.0,,,,1.0,,,,,3.5,,,,4.666666666666667,,,5.0,1.0,,1.0,,,5.0,,1.0,3.3333333333333335,2.5,5.0
idealistsustainerexpansive,2021-05-15,8.0,0.0,9.0,0.0,67.0,29.0,0.0,16.0,9829.739159435563,461.0,8895,60,39.0,3.0,3.0,3.0,1.0,1.0,2.0,2.0,2.0,1.0,1.0,5.0,1.0,1.0,4.666666666666667,1.0,2.5,,5.0,,,,,4.25,,,,2.0,,,,,,1.0,,,5.0,1.75,,,1.4285714285714286,
idealistsustainerexpansive,2021-05-16,17.0,0.0,11.0,0.0,59.0,39.0,0.0,12.0,7524.50524496119,550.0,9688,30,56.0,4.0,2.0,5.0,2.0,2.0,2.0,5.0,1.0,1.0,1.0,5.0,,,4.0,1.0,2.5,,,,,4.0,2.75,1.0,5.0,,,1.0,,,1.0,1.0,,1.0,3.3333333333333335,,5.0,1.0,1.0,,1.0,2.3333333333333335
idealistsustainerexpansive,2021-05-17,1.0,0.0,0.0,0.0,60.0,12.0,0.0,8.0,8431.456144607037,591.0,16063,37,66.0,3.0,3.0,3.0,1.0,2.0,2.0,3.0,1.0,1.0,1.0,5.0,,1.0,3.25,1.0,,1.0,,,,3.0,,4.5,3.0,,,,,,,1.0,,1.0,,2.5,,,,3.0,,3.6666666666666665
idealistsustainerexpansive,2021-05-18,0.0,0.0,0.0,0.0,63.0,2.0,0.0,3.0,6211.814670422573,287.0,10948,62,65.0,3.0,1.0,5.0,1.0,3.0,1.0,2.0,1.0,1.0,5.0,4.0,,1.0,4.5,,2.0,1.0,1.0,5.0,,1.0,1.0,4.0,5.0,,,1.0,,4.0,,,,1.0,,1.0,,,,4.0,4.0,
idealistsustainerexpansive,2021-05-19,0.0,0.0,1.0,0.0,65.0,8.0,0.0,3.0,8781.840519778974,699.0,14910,48,39.0,3.0,2.0,3.0,2.0,3.0,1.0,2.0,1.0,1.0,1.0,5.0,,1.0,,,4.0,,5.0,5.0,,4.5,4.0,,3.0,,,3.0,,3.0,4.0,,,1.0,,3.0,4.75,,,,1.0,3.0
idealistsustainerexpansive,2021-05-20,5.0,0.0,2.0,0.0,84.0,36.0,0.0,7.0,6335.164898837647,582.0,16011,62,85.0,1.6,2.8,3.1,1.4,2.7,1.1,1.7,1.4,1.0,,5.0,,1.0,,,,,,,,4.0,,,,,,,,4.0,,,,,,5.0,5.0,,,,,
idealistsustainerexpansive,2021-05-21,5.0,0.0,7.0,0.0,56.0,23.0,0.0,13.0,6409.502351081725,680.0,18823,42,54.0,2.3636363636363638,2.0,3.727272727272727,1.1818181818181819,1.5454545454545454,1.8181818181818181,2.5454545454545454,2.3636363636363638,1.0,,,,,,,,,,,,,,,,,,,,,,,,,,,,,,,,
idealistsustainerexpansive,2021-05-22,4.0,0.0,3.0,0.0,42.0,10.0,0.0,5.0,4543.926241396972,649.0,7816,47,45.0,2.25,2.6666666666666665,3.4166666666666665,1.1666666666666667,1.9166666666666667,1.4166666666666667,2.3333333333333335,1.75,1.0,,,,,,,,,,,,,,,,,,,,,,,,,,,,,,,,
idealistsustainerexpansive,2021-05-23,0.0,0.0,0.0,0.0,57.0,18.0,0.0,5.0,5299.003101200263,619.0,11763,54,93.0,1.25,3.125,3.125,1.25,3.0,1.25,1.875,1.5,1.0,,,,,,,,,,,,,,,,,,,,,,,,,,,,,,,,
idealistsustainerexpansive,2021-05-24,3.0,0.0,15.0,0.0,64.0,53.0,0.0,112.0,16191.988895502182,444.0,10095,50,51.0,3.0,3.0,4.0,2.0,1.0,2.0,2.0,1.0,1.0,,5.0,1.0,1.0,,,,,,3.75,4.5,,,,,,,,,,,,,1.0,4.5,4.333333333333333,5.0,,,1.0,1.0,
idealistsustainerexpansive,2021-05-25,0.0,0.0,15.0,0.0,49.0,32.0,0.0,180.0,22369.75647994217,424.0,8451,44,57.0,1.0,3.0,5.0,1.0,1.0,3.0,4.0,1.0,1.0,1.0,5.0,1.0,,5.0,,,1.0,,3.3333333333333335,4.0,,,2.5,1.0,1.0,,3.0,,4.25,,,,,,,5.0,,,,,
idealistsustainerexpansive,2021-05-26,7.0,0.0,3.0,0.0,64.0,36.0,0.0,13.0,8591.817788094857,486.0,9176,45,67.0,1.0,4.0,3.0,2.0,2.0,3.0,2.0,1.0,1.0,4.0,5.0,,1.0,,,,,,,4.0,,,4.0,2.3333333333333335,1.0,,,,,4.0,,,1.0,,3.4,,1.0,,,,3.0
idealistsustainerexpansive,2021-05-27,6.0,0.0,2.0,0.0,62.0,28.0,0.0,14.0,9366.520552442187,529.0,17382,45,17.0,4.0,2.0,4.0,1.0,1.0,3.0,5.0,5.0,1.0,1.0,3.4,4.0,,,,1.0,,,5.0,4.0,,,4.0,3.0,1.0,,,4.0,,,,,1.0,4.0,2.0,4.75,2.0,,,,
idealistsustainerexpansive,2021-05-28,2.0,0.0,15.0,0.0,109.0,39.0,0.0,91.0,18052.39090775949,545.0,7966,45,28.0,3.0,1.0,5.0,1.0,1.0,3.0,3.0,3.0,1.0,5.0,5.0,1.0,1.0,,,,,,,,,2.5,4.5,,,2.0,2.75,,,5.0,,5.0,,,,,5.0,4.0,,,
idealistsustainerexpansive,2021-05-29,10.0,0.0,6.0,0.0,49.0,39.0,0.0,26.0,8860.249520129519,566.0,15462,51,77.0,2.0,3.0,3.0,1.0,3.0,1.0,2.0,2.0,1.0,2.75,4.75,1.0,,,1.0,,1.0,,,3.25,,,4.25,,,,3.0,,4.0,4.333333333333333,,,,,,,4.0,4.0,4.333333333333333,,
idealistsustainerexpansive,2021-05-30,3.0,0.0,3.0,0.0,23.0,24.0,0.0,143.0,14549.933175282604,651.0,6100,22,51.0,3.0,3.0,3.0,2.0,1.0,3.0,3.0,3.0,1.0,,4.714285714285714,1.0,1.0,,,,1.0,,,3.0,2.5,,,,4.0,,4.0,4.0,4.0,,1.0,,,4.0,1.0,,,1.0,4.0,,
idealistsustainerexpansive,2021-05-31,8.0,0.0,1.0,0.0,50.0,25.0,0.0,100.0,11253.894369082356,601.0,6990,33,37.0,1.0,3.0,3.0,1.0,1.0,1.0,2.0,2.0,1.0,,3.6666666666666665,1.0,,,1.0,,,,,4.0,3.25,,,5.0,2.2,,,,4.0,,1.0,,,4.25,,,1.6,4.0,,,4.2
idealistsustainerexpansive,2021-06-01,4.0,0.0,3.0,0.0,60.0,38.0,0.0,91.0,12246.089005529364,525.0,14387,39,18.0,4.0,1.0,4.0,1.0,1.0,5.0,5.0,5.0,1.0,5.0,4.444444444444445,1.0,,4.0,,3.3333333333333335,1.75,,4.8,,1.0,4.0,4.2,5.0,4.0,,,,,,,,1.0,,,,,,5.0,,5.0
idealistsustainerexpansive,2021-06-02,0.0,0.0,0.0,0.0,46.0,10.0,0.0,1.0,7986.377777210781,557.0,12852,38,25.0,2.0,1.0,3.0,1.0,1.0,3.0,3.0,3.0,1.0,4.0,5.0,3.0,,,,,,,,4.0,,,4.0,,,,,4.0,,4.0,,5.0,,,,,4.25,4.0,4.5,,4.0
idealistsustainerexpansive,2021-06-03,1.0,0.0,5.0,0.0,54.0,29.0,0.0,49.0,9452.207260190822,697.0,10433,49,46.0,3.0,1.0,3.0,1.0,1.0,4.0,4.0,4.0,1.0,5.0,5.0,,,2.0,,,,2.3333333333333335,,4.0,1.0,,4.0,,3.6666666666666665,,,4.0,,,1.0,5.0,,,,,,,5.0,,5.0
idealistsustainerexpansive,2021-06-04,3.0,0.0,13.0,0.0,38.0,52.0,0.0,159.0,21060.46329971982,597.0,12801,53,21.0,3.5,1.0833333333333333,4.333333333333333,1.0,1.0,3.3333333333333335,3.8333333333333335,4.083333333333333,1.0,5.0,,,,,,,,5.0,,,,,,,,,,,,,,,,,,,,,,,5.0
idealistsustainerexpansive,2021-06-05,14.0,0.0,5.0,0.0,74.0,55.0,0.0,23.0,8768.260548176026,650.0,14146,63,38.0,2.5,2.0833333333333335,3.1666666666666665,1.25,1.3333333333333333,2.6666666666666665,3.0833333333333335,2.6666666666666665,1.0,,,,,,,,,,,,,,,,,,,,,,,,,,,,,,,,
idealistsustainerexpansive,2021-06-06,4.0,0.0,5.0,0.0,118.0,39.0,0.0,27.0,12653.29151328581,480.0,15543,29,32.0,2.4615384615384617,1.6923076923076923,3.923076923076923,1.0,1.1538461538461537,3.1538461538461537,3.8461538461538463,3.6153846153846154,1.0,,,,,,,,,,,,,,,,,,,,,,,,,,,,,,,,
idealistsustainerexpansive,2021-06-07,7.0,0.0,2.0,0.0,68.0,49.0,0.0,12.0,1140.7558576591873,437.0,19759,63,94.0,2.9166666666666665,1.75,4.416666666666667,1.0,1.1666666666666667,2.75,3.75,3.8333333333333335,1.0,,,,,,,,,,,,,,,,,,,,,,,,,,,,,,,,
idealistsustainerexpansive,2021-06-08,0.0,0.0,0.0,0.0,91.0,12.0,0.0,4.0,6836.503734319547,388.0,14915,69,74.0,2.0,1.0,5.0,1.0,1.0,3.0,5.0,4.0,1.0,4.666666666666667,5.0,3.6666666666666665,,,,1.0,1.0,2.0,,1.0,,,4.0,,,,,,1.75,3.0,,,,,,,,,,1.0,4.25
idealistsustainerexpansive,2021-06-09,0.0,0.0,0.0,0.0,56.0,16.0,0.0,6.0,8392.909550271976,431.0,11822,51,65.0,1.0,3.0,2.0,1.0,2.0,2.0,3.0,1.0,1.0,4.5,4.8,2.3333333333333335,,,,,1.0,,4.0,1.0,,4.0,,,3.0,,,,3.25,1.0,,4.25,1.0,,3.0,5.0,,5.0,,,
idealistsustainerexpansive,2021-06-10,0.0,1.0,6.0,0.0,101.0,46.0,0.0,34.0,13994.063562220634,525.0,13708,56,35.0,3.0,1.0,3.0,1.0,1.0,3.0,5.0,5.0,1.0,,5.0,1.0,,2.0,,,,,,,,1.0,,,1.0,1.0,,3.0,,,,5.0,1.0,,1.0,5.0,5.0,,,5.0,
idealistsustainerexpansive,2021-06-11,9.0,0.0,7.0,0.0,148.0,40.0,0.0,52.0,19703.23159934074,507.0,7466,41,23.0,3.0,2.0,5.0,1.0,1.0,4.0,5.0,4.0,1.0,,4.9375,1.0,1.0,,,,,,,4.0,,2.5,,,,1.0,1.0,4.0,3.0,,1.0,,1.0,,1.0,,,,,5.0,
idealistsustainerexpansive,2021-06-12,15.0,0.0,3.0,0.0,42.0,41.0,0.0,18.0,10520.05863627978,521.0,8579,47,15.0,2.0,2.0,3.0,2.0,3.0,1.0,3.0,5.0,1.0,3.0,5.0,1.0,1.0,4.666666666666667,,,,5.0,,4.0,,4.0,4.0,,2.5,2.5,1.0,,4.0,,1.0,,1.0,,,4.0,,,3.0,,
idealistsustainerexpansive,2021-06-13,4.0,0.0,12.0,0.0,19.0,31.0,0.0,119.0,14925.753262638853,501.0,3779,17,16.0,3.0,1.0,4.0,1.0,1.0,5.0,5.0,5.0,1.0,5.0,5.0,1.0,,,,1.0,,,,,1.0,4.0,4.0,,3.0,3.3333333333333335,4.666666666666667,,4.0,,,5.0,1.0,,,,,,,,
idealistsustainerexpansive,2021-06-14,4.0,0.0,4.0,0.0,105.0,45.0,0.0,40.0,15628.057136251737,432.0,14536,25,60.0,3.0,1.0,5.0,1.0,1.0,5.0,5.0,5.0,1.0,4.0,4.875,,,2.3333333333333335,,,,,,,2.5,3.0,,2.0,4.4,,,,4.5,,,5.0,,,1.0,,4.75,,4.0,,
idealistsustainerexpansive,2021-06-15,12.0,0.0,12.0,0.0,72.0,60.0,0.0,122.0,17352.722357951137,411.0,13053,50,24.0,3.0,2.0,5.0,1.0,1.0,5.0,5.0,5.0,1.0,5.0,5.0,1.0,1.0,2.3333333333333335,,,,,,,3.0,,,,5.0,,,,,,,,,3.5,1.0,5.0,,,4.666666666666667,3.3333333333333335,4.5
idealistsustainerexpansive,2021-06-16,8.0,0.0,1.0,0.0,74.0,32.0,0.0,19.0,8081.808588297453,599.0,12972,43,112.0,1.0,2.0,3.0,1.0,3.0,2.0,4.0,2.0,1.0,5.0,5.0,2.3333333333333335,,,,,,,,,1.0,,4.5,5.0,1.0,3.3333333333333335,,4.25,,,1.0,,1.0,4.0,,5.0,,,4.0,,4.5
idealistsustainerexpansive,2021-06-17,0.0,0.0,0.0,0.0,70.0,6.0,0.0,9.0,5509.35518835604,553.0,6994,29,49.0,2.0,2.0,4.0,1.0,2.0,1.0,3.0,5.0,1.0,5.0,5.0,,1.0,,1.0,,1.0,,,,,4.0,,5.0,3.0,,,4.0,,4.0,1.0,,1.0,,,5.0,,1.0,,,
idealistsustainerexpansive,2021-06-18,3.0,0.0,15.0,0.0,173.0,43.0,0.0,57.0,18609.808937310343,563.0,6372,40,17.0,3.0,2.0,5.0,1.0,1.0,3.0,4.0,1.0,1.0,5.0,5.0,,,,,,1.0,1.0,,4.0,,,,,2.5,,,4.0,,,,,1.0,,,4.5,,1.0,,,5.0
idealistsustainerexpansive,2021-06-19,7.0,0.0,3.0,0.0,65.0,37.0,0.0,6.0,8196.38970599887,646.0,6942,46,33.0,1.4545454545454546,2.1818181818181817,2.5454545454545454,1.0,1.5454545454545454,1.1818181818181819,1.9090909090909092,1.2727272727272727,1.0,,5.0,,,,,,1.0,,,,,,,,,,,,,,,,,,,,,,,,5.0
idealistsustainerexpansive,2021-06-20,5.0,0.0,9.0,0.0,111.0,36.0,0.0,41.0,12800.639298746715,537.0,5594,42,16.0,3.4,1.2,3.2,1.0,1.0,2.6,3.0,3.0,1.0,,,,,,,,,,,,,,,,,,,,,,,,,,,,,,,,
idealistsustainerexpansive,2021-06-21,3.0,0.0,8.0,0.0,161.0,49.0,0.0,36.0,14348.87225213297,415.0,12076,49,33.0,3.0,1.1333333333333333,3.6,1.0,1.1333333333333333,3.2666666666666666,3.6,3.3333333333333335,1.0,,,,,,,,,,,,,,,,,,,,,,,,,,,,,,,,
idealistsustainerexpansive,2021-06-22,6.0,1.0,22.0,0.0,71.0,44.0,0.0,114.0,17390.620531586756,387.0,19151,55,73.0,2.7857142857142856,1.8571428571428572,3.642857142857143,1.0,1.2857142857142858,2.5714285714285716,3.5,3.357142857142857,1.0,,,,,,,,,,,,,,,,,,,,,,,,,,,,,,,,
idealistsustainerexpansive,2021-06-23,10.0,1.0,8.0,0.0,79.0,42.0,0.0,15.0,6636.637881429956,692.0,16189,48,27.0,1.0,3.0,3.0,1.0,3.0,1.0,3.0,5.0,1.0,,,,,,,,,,,,,,,,,,,,,,,,,,,,,,,,
idealistsustainerexpansive,2021-06-24,8.0,0.0,0.0,0.0,64.0,24.0,0.0,6.0,5574.681428536785,745.0,13929,42,50.0,3.0,1.0,3.0,1.0,3.0,1.0,3.0,3.0,1.0,5.0,,3.6666666666666665,1.0,5.0,,,,,5.0,,1.0,,,,,,1.0,,,,,,1.0,,,5.0,,1.0,5.0,,5.0
idealistsustainerexpansive,2021-06-25,6.0,0.0,14.0,0.0,56.0,43.0,0.0,176.0,16427.445696045786,445.0,8332,35,24.0,2.0,1.0,4.0,1.0,1.0,3.0,5.0,5.0,1.0,5.0,4.6875,1.0,1.0,,,,1.0,,,,,,,,,,1.0,3.6666666666666665,,3.5,1.0,,,,1.0,5.0,,1.0,5.0,,
idealistsustainerexpansive,2021-06-26,5.0,0.0,9.0,0.0,58.0,4.0,0.0,8.0,5246.756004639704,476.0,5915,26,10.0,1.0,3.0,2.0,1.0,3.0,2.0,5.0,5.0,1.0,5.0,5.0,1.0,1.0,,1.0,,1.0,,,4.0,2.8,1.0,,,,,,4.0,3.0,4.0,1.0,,,,1.0,,,4.0,,,4.25
idealistsustainerexpansive,2021-06-27,4.0,0.0,8.0,0.0,126.0,27.0,0.0,47.0,11919.822350851591,713.0,3141,25,17.0,3.0,1.0,4.0,1.0,1.0,5.0,5.0,5.0,1.0,,5.0,1.0,,,1.0,1.0,,,,3.25,1.0,,,,,,,,4.0,3.0,1.0,5.0,,2.5,1.0,,,,5.0,,5.0
idealistsustainerexpansive,2021-06-28,7.0,0.0,18.0,0.0,127.0,46.0,0.0,66.0,17750.200858968376,399.0,7491,35,37.0,4.0,1.0,5.0,1.0,1.0,4.0,5.0,5.0,1.0,4.5,4.714285714285714,,1.0,4.0,,,1.0,3.0,,,,,4.0,,3.0,2.0,,,,,,,,3.0,1.0,5.0,,,,,
idealistsustainerexpansive,2021-06-29,0.0,0.0,0.0,0.0,61.0,15.0,0.0,6.0,7632.164504699913,424.0,14843,32,31.0,5.0,1.0,5.0,1.0,1.0,5.0,5.0,5.0,1.0,3.0,5.0,4.0,1.0,4.0,,,,,,,,2.8,,3.0,,,1.0,,,3.0,,,1.0,4.0,1.0,2.6,,1.0,,,5.0
idealistsustainerexpansive,2021-06-30,2.0,0.0,1.0,0.0,68.0,19.0,0.0,5.0,10693.934545841914,506.0,9787,50,66.0,3.0,2.0,4.0,1.0,3.0,3.0,3.0,3.0,1.0,,5.0,,1.0,4.333333333333333,,,1.0,,,,,4.0,,,,1.0,,4.5,,,,5.0,,,,4.0,,,4.5,,
idealistsustainerexpansive,2021-07-01,4.0,0.0,3.0,0.0,109.0,53.0,0.0,53.0,12860.997721659189,521.0,18066,41,155.0,3.0,1.0,4.0,1.0,1.0,3.0,5.0,5.0,1.0,5.0,5.0,,1.0,,,,,1.0,,,,2.0,4.0,,,1.0,,4.0,,2.5,1.0,,,,,,,,,,5.0
idealistsustainerexpansive,2021-07-02,116.0,0.0,2.0,0.0,51.0,80.0,0.0,18.0,10898.721950539606,525.0,11140,58,92.0,3.0,3.0,3.0,1.0,1.0,3.0,4.0,1.0,1.0,5.0,5.0,,1.0,,,1.0,4.0,,1.0,,2.0,1.0,,,,,,4.0,,1.0,1.0,5.0,,,,1.0,,,,1.0,
idealistsustainerexpansive,2021-07-03,27.0,0.0,2.0,0.0,80.0,98.0,0.0,44.0,11395.812209856773,492.0,15305,106,33.0,1.1818181818181819,2.6363636363636362,3.090909090909091,1.0,1.3636363636363635,1.2727272727272727,1.9090909090909092,2.1818181818181817,1.0,5.0,,,1.0,,,,1.0,,5.0,,1.0,,,,,,,,,4.0,,5.0,,,,1.0,,,,1.0,
idealistsustainerexpansive,2021-07-04,16.0,1.0,22.0,0.0,83.0,44.0,0.0,19.0,13584.581282011875,536.0,10679,46,84.0,1.4545454545454546,3.272727272727273,2.8181818181818183,1.1818181818181819,1.8181818181818181,1.3636363636363635,2.272727272727273,3.5454545454545454,1.0,,,,,,,,,,,,,,,,,,,,,,,,,,,,,,,,
idealistsustainerexpansive,2021-07-05,98.0,0.0,2.0,0.0,55.0,72.0,0.0,23.0,7735.214513074936,519.0,10282,45,61.0,2.2,1.8,3.1,1.0,1.4,1.4,1.4,3.2,1.0,,,,,,,,,,,,,,,,,,,,,,,,,,,,,,,,
idealistsustainerexpansive,2021-07-06,4.0,0.0,13.0,0.0,93.0,37.0,0.0,47.0,15790.46435532458,486.0,5226,39,13.0,3.0,1.0,3.090909090909091,1.0,1.0,2.6363636363636362,3.5454545454545454,3.5454545454545454,1.0,,,,,,,,,,,,,,,,,,,,,,,,,,,,,,,,
idealistsustainerexpansive,2021-07-07,9.0,0.0,7.0,0.0,61.0,34.0,0.0,17.0,10616.166077701442,458.0,13985,35,74.0,1.0,3.0,3.0,1.0,3.0,1.0,1.0,1.0,1.0,,5.0,1.0,,,,1.0,,5.0,,4.0,,2.5,,,,,2.3333333333333335,,4.0,,1.0,,1.0,,,,,,1.0,,
idealistsustainerexpansive,2021-07-08,8.0,0.0,4.0,0.0,104.0,17.0,0.0,49.0,12983.62390823807,512.0,9611,30,66.0,2.0,4.0,3.0,1.0,3.0,3.0,1.0,5.0,1.0,5.0,5.0,1.0,,3.5,,1.0,,1.0,,4.0,,4.0,,2.6,4.5,1.0,,,1.0,,1.0,,1.0,3.0,2.5,5.0,,,1.0,,
idealistsustainerexpansive,2021-07-09,5.0,1.0,4.0,0.0,65.0,36.0,0.0,12.0,8970.853495275895,496.0,9471,53,55.0,1.0,3.0,2.0,1.0,3.0,2.0,4.0,5.0,1.0,5.0,5.0,,,,1.0,,,,,4.0,4.0,,,5.0,,,,4.0,,4.0,1.0,,,,3.4,,,,1.0,,4.333333333333333
idealistsustainerexpansive,2021-07-10,13.0,0.0,1.0,0.0,28.0,31.0,0.0,2.0,8351.08364993363,648.0,7862,28,32.0,4.0,3.0,4.0,1.0,1.0,4.0,4.0,5.0,1.0,5.0,4.666666666666667,,1.0,1.0,1.0,1.0,,,,,2.5,,4.0,,4.0,4.0,,,,4.0,1.0,4.5,,,2.75,,,,4.0,,
idealistsustainerexpansive,2021-07-11,1.0,0.0,5.0,0.0,53.0,26.0,0.0,121.0,14012.813787005884,599.0,8833,37,25.0,2.0,3.0,4.0,1.0,1.0,3.0,5.0,5.0,1.0,,5.0,,,3.0,1.0,,,1.0,,,3.0,,4.333333333333333,,,4.0,2.0,,,,,5.0,,,4.0,,,,,4.0,4.0
idealistsustainerexpansive,2021-07-12,3.0,0.0,0.0,0.0,75.0,32.0,0.0,18.0,9933.74045884862,524.0,27866,49,218.0,4.0,2.0,3.0,1.0,1.0,3.0,5.0,5.0,1.0,5.0,5.0,,,4.0,,,2.0,,5.0,4.0,,,4.0,,,,,,,,,5.0,,4.0,2.5,,,,,,5.0
idealistsustainerexpansive,2021-07-13,1.0,0.0,5.0,0.0,47.0,31.0,0.0,53.0,19784.04632106673,586.0,13082,44,29.0,3.0,2.0,5.0,1.0,1.0,3.0,5.0,5.0,1.0,,5.0,1.0,,4.4,,2.0,1.0,,,4.0,,4.0,,1.0,,,,,,,,,,4.5,,,5.0,,5.0,,5.0
idealistsustainerexpansive,2021-07-14,0.0,0.0,0.0,0.0,49.0,31.0,0.0,7.0,9736.730573829747,585.0,20041,44,60.0,3.0,2.0,4.0,1.0,2.0,1.0,3.0,3.0,1.0,5.0,5.0,,,,,1.0,,5.0,,,,2.5,,5.0,,,,,1.75,2.5,,5.0,,4.0,2.5,4.5,5.0,5.0,4.0,1.0,
idealistsustainerexpansive,2021-07-15,2.0,1.0,9.0,0.0,86.0,46.0,0.0,45.0,13645.911949115794,424.0,16350,51,41.0,3.0,2.0,3.0,1.0,2.0,1.0,4.0,5.0,1.0,5.0,5.0,,,5.0,1.0,,,,,,,4.0,5.0,,,4.0,,,4.333333333333333,,,5.0,,,1.0,,4.0,,4.0,1.0,4.75
idealistsustainerexpansive,2021-07-16,8.0,0.0,7.0,0.0,70.0,39.0,0.0,43.0,12214.934289730085,451.0,20538,28,106.0,3.0,2.0,4.0,1.0,1.0,3.0,4.0,4.0,1.0,,5.0,,1.0,4.5,1.0,,,3.0,,,4.0,4.0,4.0,,,5.0,1.0,,4.0,3.0,,,,,,,5.0,,4.5,,
idealistsustainerexpansive,2021-07-17,1.0,0.0,3.0,0.0,53.0,20.0,0.0,6.0,7192.748103958356,692.0,12878,57,94.0,4.0,1.0,5.0,1.0,1.0,1.0,5.0,5.0,1.0,5.0,5.0,,1.0,,1.0,1.0,1.0,5.0,,,4.0,2.0,,,,5.0,1.0,1.0,1.0,,1.0,,,,,1.0,5.0,,5.0,,
idealistsustainerexpansive,2021-07-18,8.0,0.0,6.0,0.0,57.0,34.0,0.0,63.0,14794.945293887116,495.0,8665,38,37.0,3.0,1.0,4.0,1.0,1.0,3.0,4.0,4.0,1.0,,5.0,,,,,,,2.0,,4.0,4.0,,,,,,,4.0,4.25,,,5.0,,,,1.0,5.0,1.0,5.0,3.6666666666666665,
idealistsustainerexpansive,2021-07-19,0.0,0.0,0.0,0.0,51.0,28.0,0.0,6.0,5364.564278416616,499.0,17477,69,74.0,2.8,1.9,3.4,1.0,1.6,2.5,3.4,3.9,1.0,,5.0,,,,,,,5.0,,,1.0,,,,,,,,,,,5.0,,,,,5.0,,,,
idealistsustainerexpansive,2021-07-20,4.0,0.0,10.0,0.0,70.0,46.0,0.0,73.0,14029.877773401877,551.0,15715,47,118.0,4.076923076923077,1.3076923076923077,4.384615384615385,1.0,1.0,3.8461538461538463,4.384615384615385,4.461538461538462,1.0,,,,,,,,,,,,,,,,,,,,,,,,,,,,,,,,
idealistsustainerexpansive,2021-07-21,0.0,0.0,2.0,0.0,64.0,17.0,0.0,8.0,7375.547706142788,556.0,10943,52,51.0,2.6666666666666665,1.5833333333333333,3.3333333333333335,1.0,1.25,2.3333333333333335,3.8333333333333335,4.333333333333333,1.0,,,,,,,,,,,,,,,,,,,,,,,,,,,,,,,,
idealistsustainerexpansive,2021-07-22,4.0,0.0,1.0,0.0,60.0,29.0,0.0,10.0,6106.469085112423,549.0,15017,70,47.0,3.0,1.2727272727272727,3.1818181818181817,1.0,1.1818181818181819,2.8181818181818183,4.0,4.454545454545454,1.0,,,,,,,,,,,,,,,,,,,,,,,,,,,,,,,,
idealistsustainerexpansive,2021-07-23,6.0,0.0,3.0,0.0,98.0,57.0,0.0,39.0,9596.785331607454,402.0,10674,52,4.0,3.0,1.0,4.0,1.0,1.0,3.0,5.0,5.0,1.0,,5.0,,,,1.0,1.0,,,5.0,1.0,,,,,,,,4.0,5.0,,1.0,5.0,,,,,,,,,5.0
idealistsustainerexpansive,2021-07-24,9.0,0.0,4.0,0.0,91.0,29.0,0.0,28.0,9871.164856949788,607.0,11050,44,44.0,3.0,1.0,3.0,1.0,1.0,3.0,5.0,5.0,1.0,5.0,5.0,,1.0,,1.0,,,,,,1.0,2.5,,,5.0,2.5,5.0,4.0,,,1.0,,,3.0,1.0,,,,,,
idealistsustainerexpansive,2021-07-25,8.0,0.0,0.0,0.0,41.0,21.0,0.0,5.0,6038.5976060088105,578.0,15577,44,151.0,4.0,2.0,4.0,1.0,1.0,1.0,3.0,3.0,1.0,5.0,5.0,,1.0,,,1.0,1.0,5.0,,,1.0,1.0,,,1.0,5.0,1.0,,4.0,2.0,,,,,1.0,,5.0,,,,
idealistsustainerexpansive,2021-07-26,0.0,0.0,1.0,0.0,68.0,17.0,0.0,11.0,10568.877326963957,549.0,17616,54,28.0,4.0,1.0,3.0,1.0,1.0,2.0,5.0,5.0,1.0,,5.0,,1.0,5.0,,1.0,,3.0,4.75,4.0,,,,,,,5.0,,3.4,,,,,,1.0,4.4,5.0,,,,
idealistsustainerexpansive,2021-07-27,0.0,0.0,11.0,0.0,87.0,29.0,0.0,72.0,15244.573014057729,621.0,11503,31,42.0,4.0,1.0,3.0,1.0,1.0,3.0,4.0,4.0,1.0,5.0,5.0,,,4.333333333333333,1.0,,1.0,5.0,,,1.0,,,,5.0,,1.0,,,4.0,,,,,,4.5,5.0,,,5.0,
idealistsustainerexpansive,2021-07-28,0.0,0.0,0.0,0.0,53.0,10.0,0.0,3.0,6554.897359587373,475.0,19257,51,53.0,4.0,1.0,3.0,1.0,1.0,3.0,5.0,5.0,1.0,5.0,5.0,3.6666666666666665,,,,,,2.3333333333333335,,,1.0,,4.0,,5.0,1.75,3.0,,4.0,,,,,3.4,,5.0,,,,1.0,4.333333333333333
idealistsustainerexpansive,2021-07-29,0.0,0.0,0.0,0.0,54.0,12.0,0.0,4.0,5102.07691160928,589.0,14947,45,53.0,3.0,1.0,3.0,1.0,1.0,3.0,5.0,5.0,1.0,5.0,5.0,,,,1.0,,1.0,3.0,,,,3.25,4.0,,1.0,,,,1.0,4.0,,,1.0,,1.0,,5.0,4.0,,,
idealistsustainerexpansive,2021-07-30,6.0,0.0,9.0,0.0,105.0,48.0,0.0,41.0,13253.22345009362,387.0,24590,58,172.0,3.0,1.0,3.0,1.0,1.0,3.0,3.0,3.0,1.0,5.0,4.833333333333333,,,,1.0,,,,,,4.0,,,1.0,,,,4.0,,,1.0,,1.0,2.5,,,5.0,,5.0,,
idealistsustainerexpansive,2021-07-31,10.0,0.0,9.0,0.0,70.0,45.0,0.0,13.0,11338.371635071242,503.0,15401,66,61.0,1.0,2.0,3.0,1.0,1.0,2.0,3.0,3.0,1.0,1.0,5.0,,1.0,,,,,5.0,4.0,4.0,4.0,,,,,,,,,4.0,,,1.0,,,,4.0,,5.0,2.5,
idealistsustainerexpansive,2021-08-01,5.0,0.0,7.0,0.0,49.0,28.0,0.0,82.0,14655.211762692175,642.0,4402,32,36.0,4.636363636363637,1.0,3.272727272727273,1.0,1.0,3.090909090909091,4.545454545454546,4.7272727272727275,1.0,,,,,,,,,5.0,5.0,,,,,,,,,,,,,,1.0,,,,,,,,
idealistsustainerexpansive,2021-08-02,3.0,1.0,8.0,0.0,63.0,37.0,0.0,76.0,10277.597015961976,627.0,10782,59,46.0,3.0,1.2222222222222223,3.3333333333333335,1.0,1.0,2.888888888888889,2.888888888888889,3.111111111111111,1.0,,,,,,,,,,,,,,,,,,,,,,,,,,,,,,,,
idealistsustainerexpansive,2021-08-03,2.0,0.0,11.0,0.0,74.0,42.0,0.0,84.0,17099.4408938316,324.0,12303,67,89.0,3.1818181818181817,1.0,3.272727272727273,1.0,1.0,3.0,3.6363636363636362,3.6363636363636362,1.0,,,,,,,,,,,,,,,,,,,,,,,,,,,,,,,,
idealistsustainerexpansive,2021-08-04,0.0,0.0,1.0,0.0,91.0,34.0,0.0,10.0,7930.5553993357535,375.0,22870,59,148.0,4.0,1.0,4.142857142857143,1.0,1.0,3.2857142857142856,4.285714285714286,4.571428571428571,1.0,,,,,,,,,,,,,,,,,,,,,,,,,,,,,,,,
idealistsustainerexpansive,2021-08-05,11.0,0.0,37.0,0.0,163.0,50.0,0.0,76.0,14520.905509826236,639.0,10834,67,26.0,3.0,1.0,3.0,1.0,1.0,3.0,5.0,5.0,1.0,5.0,5.0,,,5.0,,,1.0,1.0,,,,,5.0,,,,,,,,1.0,5.0,,4.5,,5.0,,,5.0,,
idealistsustainerexpansive,2021-08-06,21.0,0.0,23.0,0.0,183.0,54.0,0.0,39.0,12588.931371046345,556.0,23036,51,41.0,3.0,1.0,3.0,1.0,1.0,3.0,5.0,5.0,1.0,,5.0,,1.0,,,1.75,,,4.0,,2.5,,4.0,,,,,4.0,4.0,,,5.0,,5.0,1.0,,,4.0,,,
idealistsustainerexpansive,2021-08-07,74.0,0.0,1.0,0.0,166.0,63.0,0.0,42.0,9481.628587667325,558.0,9179,47,72.0,1.0,4.0,3.0,1.0,2.0,1.0,3.0,1.0,1.0,3.6666666666666665,5.0,,1.0,,,,,5.0,,4.0,,4.0,4.0,,2.5,,,,1.0,4.0,,5.0,,4.0,3.0,,,4.0,2.5,,
idealistsustainerexpansive,2021-08-08,8.0,0.0,13.0,0.0,307.0,31.0,0.0,178.0,15692.559856320036,738.0,4975,32,41.0,3.0,1.0,3.0,1.0,1.0,3.0,3.0,3.0,1.0,,5.0,1.0,,,,,,,,3.0,2.5,4.0,,1.0,,1.0,,4.0,,,,,,4.0,1.0,,,4.0,1.0,,5.0
idealistsustainerexpansive,2021-08-09,13.0,0.0,22.0,0.0,262.0,55.0,0.0,122.0,13620.794910745462,548.0,11259,61,55.0,3.0,1.0,3.0,1.0,1.0,3.0,3.0,3.0,1.0,,5.0,1.0,,,,,,1.8,4.8,,,4.0,4.0,5.0,3.75,1.0,,4.0,,4.0,,5.0,1.0,,1.0,,,4.0,,,
idealistsustainerexpansive,2021-08-10,24.0,0.0,25.0,0.0,237.0,66.0,0.0,152.0,12687.955947712526,565.0,12460,50,42.0,3.0,1.0,3.0,1.0,1.0,3.0,5.0,5.0,1.0,,5.0,1.0,,,,,,,,4.0,,4.0,4.0,,5.0,,1.0,,4.0,4.0,,5.0,1.0,,,5.0,,,5.0,,4.0
idealistsustainerexpansive,2021-08-11,0.0,0.0,0.0,0.0,135.0,20.0,0.0,13.0,8261.914005694722,700.0,11129,52,51.0,3.0,1.0,3.0,1.0,1.0,2.0,5.0,4.0,1.0,5.0,5.0,,1.0,5.0,1.0,,,,,1.0,,4.0,,,4.0,,,,,,1.0,5.0,1.0,,,5.0,,4.0,4.8,1.75,
idealistsustainerexpansive,2021-08-12,21.0,2.0,19.0,0.0,187.0,78.0,0.0,56.0,9391.825301648736,460.0,19372,77,74.0,4.0,1.0,3.0,1.0,1.0,3.0,5.0,5.0,1.0,5.0,5.0,3.0,1.0,,,1.0,,,,1.8571428571428572,2.0,,,,,1.0,,,,3.0,1.0,,,2.0,,,,,,,5.0
idealistsustainerexpansive,2021-08-13,6.0,1.0,1.0,0.0,83.0,48.0,0.0,19.0,10989.319388674365,214.0,22173,91,140.0,1.9,2.1,2.8,1.1,1.2,1.7,2.6,2.7,1.0,,5.0,,,,,1.0,,,,,1.0,,,,,,,,,,,,,4.0,,,,,,,
idealistsustainerexpansive,2021-08-14,8.0,1.0,3.0,0.0,35.0,44.0,0.0,10.0,8333.398524378785,486.0,9098,56,31.0,1.4545454545454546,2.090909090909091,3.0,1.0,1.7272727272727273,1.4545454545454546,1.5454545454545454,1.7272727272727273,1.0,,,,,,,,,,,,,,,,,,,,,,,,,,,,,,,,
idealistsustainerexpansive,2021-08-15,43.0,0.0,19.0,0.0,55.0,95.0,0.0,33.0,9292.871972699451,477.0,9234,65,56.0,1.0909090909090908,3.090909090909091,2.5454545454545454,1.4545454545454546,1.3636363636363635,1.0,1.0909090909090908,1.2727272727272727,1.0,,,,,,,,,,,,,,,,,,,,,,,,,,,,,,,,
idealistsustainerexpansive,2021-08-16,0.0,0.0,0.0,0.0,96.0,28.0,0.0,11.0,10903.90925402764,474.0,17354,74,,2.6363636363636362,1.2727272727272727,3.0,1.0,1.0909090909090908,1.9090909090909092,3.0,2.8181818181818183,1.0,,,,,,,,,,,,,,,,,,,,,,,,,,,,,,,,
idealistsustainerexpansive,2021-08-17,0.0,0.0,0.0,0.0,82.0,7.0,0.0,5.0,7204.626530660152,360.0,17615,43,107.0,3.0,1.0,3.0,1.0,2.0,2.0,4.0,4.0,1.0,5.0,5.0,5.0,,4.666666666666667,,1.0,,,,,,,3.0,,4.0,,2.3333333333333335,4.0,,,1.0,5.0,,,,4.5,,,,,
idealistsustainerexpansive,2021-08-18,2.0,0.0,0.0,0.0,83.0,35.0,0.0,18.0,7685.902539281307,550.0,21737,64,155.0,3.0,1.0,3.0,1.0,1.0,2.0,2.0,2.0,1.0,5.0,5.0,3.0,,4.5,1.0,1.0,,,4.666666666666667,,,,3.6,,1.0,,1.0,4.0,,,1.0,,,4.0,,5.0,4.666666666666667,,,,
idealistsustainerexpansive,2021-08-19,0.0,0.0,0.0,0.0,60.0,27.0,0.0,10.0,8243.541389432365,601.0,16976,49,102.0,3.0,1.0,3.0,1.0,1.0,2.0,4.0,4.0,1.0,5.0,5.0,5.0,,5.0,1.0,1.0,,,5.0,4.0,1.0,,4.5,,,,,,3.0,2.5,,,,,1.0,,5.0,,4.5,,
idealistsustainerexpansive,2021-08-20,9.0,0.0,4.0,0.0,73.0,52.0,0.0,31.0,11679.425601184364,369.0,20912,72,138.0,2.0,2.0,3.0,1.0,1.0,2.0,3.0,3.0,1.0,5.0,5.0,,,4.5,,,,,,,3.0,,4.666666666666667,,4.0,,,,4.0,4.0,,5.0,,,1.0,,5.0,,,1.0,
idealistsustainerexpansive,2021-08-21,13.0,0.0,4.0,0.0,58.0,36.0,0.0,13.0,11386.848530857718,371.0,11190,62,51.0,,,,,,,,,,5.0,5.0,1.0,1.0,,,,1.0,,,3.25,2.5,,,5.0,4.0,4.0,1.0,,4.0,,,5.0,1.0,,,,,,4.333333333333333,1.0,
idealistsustainerexpansive,2021-08-22,0.0,0.0,0.0,0.0,60.0,15.0,0.0,8.0,7561.284451419906,59.0,14508,43,56.0,3.0,1.0,4.0,1.0,1.0,3.0,5.0,5.0,1.0,5.0,5.0,,,,1.0,,,,4.666666666666667,3.25,,,,,,,,,2.0,,,5.0,1.0,4.0,,4.75,,4.0,3.3333333333333335,1.0,4.5
idealistsustainerexpansive,2021-08-23,0.0,0.0,4.0,0.0,86.0,48.0,0.0,33.0,9492.63624288276,447.0,50709,51,97.0,4.0,1.0,4.0,1.0,1.0,4.0,4.0,5.0,1.0,5.0,5.0,,1.0,,,,1.0,,5.0,,4.0,,,1.0,,1.0,,,4.0,4.0,,,,4.333333333333333,,,5.0,4.0,4.0,,
idealistsustainerexpansive,2021-08-24,0.0,0.0,0.0,0.0,35.0,7.0,0.0,2.0,12591.704240938989,621.0,4229,28,5.0,3.0,1.0,3.0,1.0,1.0,3.0,3.0,3.0,1.0,4.0,5.0,,1.0,5.0,,,1.0,2.3333333333333335,,,,4.0,4.0,2.0,5.0,1.0,,,,,1.0,,,4.0,,5.0,,,,,
idealistsustainerexpansive,2021-08-25,0.0,0.0,1.0,0.0,55.0,31.0,0.0,5.0,8818.531759936286,597.0,10613,41,54.0,4.0,1.0,3.0,1.0,1.0,3.0,3.0,3.0,1.0,5.0,5.0,,,,1.0,,1.0,,5.0,,2.8,4.0,4.0,5.0,4.6,,,4.0,,,1.0,,,4.0,,,4.5,,,,
idealistsustainerexpansive,2021-08-26,0.0,0.0,0.0,0.0,55.0,5.0,0.0,7.0,7330.437285229138,553.0,11360,49,49.0,3.0,1.0,3.0,1.0,1.0,3.0,5.0,2.0,1.0,5.0,5.0,,,,1.0,,,,4.5,,4.0,,5.0,5.0,5.0,1.0,,4.0,4.0,,1.0,5.0,1.0,,,,5.0,,,,
idealistsustainerexpansive,2021-08-27,21.0,0.0,12.0,0.0,79.0,59.0,0.0,29.0,11390.89486831164,506.0,16412,71,27.0,4.0,1.0,3.0,1.0,1.0,3.0,5.0,5.0,1.0,,5.0,,,,1.0,,1.0,,,,4.0,,5.0,,,1.0,3.0,,,4.0,,5.0,1.0,,,5.0,,5.0,,3.3333333333333335,
idealistsustainerexpansive,2021-08-28,2.0,0.0,0.0,0.0,64.0,17.0,0.0,6.0,11599.082773440685,464.0,19473,33,57.0,3.0,1.6363636363636365,2.909090909090909,1.0,1.0,2.909090909090909,4.636363636363637,4.636363636363637,1.0,,5.0,,,,,,1.0,5.0,,,,,,,,,,,,,,5.0,,,,5.0,,,,,
idealistsustainerexpansive,2021-08-29,0.0,0.0,0.0,0.0,39.0,9.0,0.0,0.0,7440.549619590064,623.0,4910,36,27.0,3.0,1.9,3.0,1.0,1.0,2.9,4.3,4.3,1.0,,,,,,,,,,,,,,,,,,,,,,,,,,,,,,,,
idealistsustainerexpansive,2021-08-30,0.0,0.0,0.0,0.0,53.0,7.0,0.0,4.0,8553.080718040197,546.0,11503,45,30.0,3.1818181818181817,1.3636363636363635,3.1818181818181817,1.0,1.0,3.0,3.909090909090909,4.818181818181818,1.0,,,,,,,,,,,,,,,,,,,,,,,,,,,,,,,,
idealistsustainerexpansive,2021-08-31,0.0,0.0,0.0,0.0,65.0,9.0,0.0,2.0,5169.513627310247,550.0,22045,48,198.0,3.0,1.0909090909090908,3.0,1.0,1.0909090909090908,2.909090909090909,3.0,4.636363636363637,1.0,,,,,,,,,,,,,,,,,,,,,,,,,,,,,,,,
idealistsustainerexpansive,2021-09-01,2.0,0.0,1.0,0.0,74.0,16.0,0.0,10.0,6472.51000992626,377.0,27702,45,104.0,3.0,1.0,3.0,1.0,1.0,3.0,3.0,3.0,1.0,5.0,5.0,,,,1.0,1.0,,,,4.0,,,,1.0,5.0,3.3333333333333335,,4.0,,4.0,,,,,,,,,,4.5,
idealistsustainerexpansive,2021-09-02,0.0,0.0,1.0,0.0,52.0,22.0,0.0,10.0,6041.235598654821,624.0,22411,43,246.0,3.0,1.0,3.0,1.0,1.0,3.0,5.0,5.0,1.0,5.0,,5.0,1.0,,,1.0,,,,4.0,1.0,4.0,,5.0,,5.0,1.0,,4.0,,1.0,,1.0,,,,,5.0,,1.0,5.0
idealistsustainerexpansive,2021-09-03,4.0,0.0,6.0,0.0,82.0,41.0,0.0,18.0,8571.475633718204,425.0,15659,56,51.0,3.0,2.0,3.0,1.0,2.0,2.0,1.0,1.0,1.0,5.0,5.0,2.3333333333333335,1.0,,,,,,4.75,4.0,,,,,,,,4.0,,,1.0,,1.0,4.0,4.0,5.0,,4.0,,4.0,5.0
idealistsustainerexpansive,2021-09-04,2.0,0.0,4.0,0.0,54.0,35.0,0.0,15.0,11571.56793714729,778.0,16669,40,40.0,3.0,2.0,3.0,1.0,1.0,3.0,3.0,5.0,1.0,,4.875,,,,,2.5,,5.0,,,1.0,,5.0,,,5.0,2.3333333333333335,,,4.0,,,,,,5.0,,,,4.0,
idealistsustainerexpansive,2021-09-05,0.0,0.0,0.0,0.0,37.0,5.0,0.0,1.0,9070.6153334987,356.0,16500,36,62.0,3.0,2.0,3.0,1.0,2.0,2.0,5.0,5.0,1.0,5.0,5.0,,1.0,4.5,1.0,1.0,,5.0,5.0,4.0,,,5.0,,,3.0,,4.0,,4.0,,5.0,1.0,,,,,4.0,,1.0,
idealistsustainerexpansive,2021-09-06,0.0,0.0,0.0,0.0,25.0,4.0,0.0,0.0,6409.367493157461,454.0,19141,39,66.0,3.0,2.0,3.0,1.0,2.0,2.0,3.0,3.0,1.0,5.0,5.0,1.0,,5.0,,,1.0,5.0,5.0,4.0,,,5.0,,3.6666666666666665,4.0,,,3.25,,,5.0,1.0,,2.75,5.0,5.0,,,2.5,
idealistsustainerexpansive,2021-09-07,0.0,0.0,0.0,0.0,69.0,27.0,0.0,10.0,9285.312161972455,88.0,24165,42,73.0,3.0,2.0,3.0,1.0,2.0,1.0,3.0,3.0,1.0,5.0,5.0,5.0,,,,,1.0,,4.0,4.0,,,5.0,,,,,,4.0,,,5.0,1.0,,,5.0,,1.0,,,4.5
idealistsustainerexpansive,2021-09-08,3.0,0.0,0.0,0.0,89.0,22.0,0.0,4.0,11378.846534168188,444.0,24563,58,271.0,,,,,,,,,,,5.0,,,4.75,,,1.0,1.0,5.0,,4.0,,4.75,,,,,,4.0,,,5.0,1.0,4.0,,,5.0,1.0,,,
idealistsustainerexpansive,2021-09-09,0.0,0.0,0.0,0.0,102.0,23.0,0.0,3.0,8913.842770755826,604.0,18803,63,98.0,3.0,1.0,3.0,1.0,1.0,3.0,3.0,3.0,1.0,5.0,5.0,,,5.0,1.0,,1.0,1.0,5.0,,2.5,4.0,4.0,,,1.0,1.0,,4.0,4.0,,,,4.0,,,5.0,,,,4.666666666666667
idealistsustainerexpansive,2021-09-10,6.0,0.0,8.0,0.0,93.0,53.0,0.0,19.0,9148.500264768883,347.0,26277,89,174.0,3.0,1.75,2.8333333333333335,1.0,1.3333333333333333,2.75,2.9166666666666665,4.166666666666667,1.0,,,,,,,,,,,,,,,,,1.0,,,,,,,,,,,,,,,
idealistsustainerexpansive,2021-09-11,1.0,0.0,0.0,0.0,81.0,25.0,0.0,9.0,6141.542576458796,592.0,27746,44,125.0,2.8181818181818183,1.1818181818181819,3.4545454545454546,1.0909090909090908,1.3636363636363635,2.8181818181818183,2.909090909090909,4.2727272727272725,1.0,,,,,,,,,,,,,,,,,,,,,,,,,,,,,,,,
idealistsustainerexpansive,2021-09-12,0.0,0.0,0.0,0.0,54.0,14.0,0.0,2.0,5837.272738922068,568.0,30628,36,79.0,3.0,1.3333333333333333,2.888888888888889,1.0,1.0,2.7777777777777777,3.0,5.0,1.0,,,,,,,,,,,,,,,,,,,,,,,,,,,,,,,,
idealistsustainerexpansive,2021-09-13,3.0,0.0,1.0,0.0,80.0,22.0,0.0,7.0,5255.547095057029,505.0,36610,38,77.0,3.0,1.0,3.0,1.0,1.0,2.875,3.25,4.75,1.0,,,,,,,,,,,,,,,,,,,,,,,,,,,,,,,,
idealistsustainerexpansive,2021-09-14,4.0,0.0,0.0,0.0,1172.0,26.0,0.0,11.0,7973.025997111908,476.0,18998,52,95.0,3.0,1.0,3.0,1.0,1.0,3.0,3.0,5.0,1.0,5.0,5.0,3.6666666666666665,,,,,1.0,1.0,,3.25,,4.0,,,5.0,,1.0,4.0,,,1.0,,1.0,,,,,,,,
idealistsustainerexpansive,2021-09-15,0.0,0.0,0.0,0.0,1276.0,20.0,0.0,7.0,9537.851547232058,561.0,10162,38,80.0,4.0,1.0,3.0,1.0,1.0,3.0,3.0,5.0,1.0,,5.0,3.0,,,,,,1.0,,4.0,1.0,1.0,,,,,1.0,3.0,4.0,,1.0,,1.0,,,,5.0,1.0,5.0,,
idealistsustainerexpansive,2021-09-16,0.0,0.0,0.0,0.0,1202.0,26.0,0.0,12.0,8416.436827225285,446.0,25168,53,189.0,3.0,1.0,4.0,1.0,1.0,3.0,4.0,3.0,1.0,5.0,5.0,5.0,,,,,,2.0,,,1.0,1.0,,,5.0,1.0,1.0,1.0,,,1.0,,1.0,,,5.0,5.0,,5.0,,
idealistsustainerexpansive,2021-09-17,28.0,0.0,4.0,0.0,970.0,44.0,0.0,19.0,10220.29031645415,339.0,24717,57,114.0,3.0,2.0,3.0,1.0,1.0,3.0,3.0,3.0,1.0,,5.0,,1.0,5.0,,1.0,1.0,,,2.5,,1.0,,5.0,,3.0,1.0,1.0,,,1.0,,1.0,,,,,,,,
idealistsustainerexpansive,2021-09-18,3.0,0.0,1.0,0.0,1301.0,16.0,0.0,3.0,6253.543725099189,559.0,11629,42,86.0,3.0,1.0,4.0,1.0,1.0,3.0,3.0,3.0,1.0,5.0,5.0,,1.0,,,1.0,,5.0,,,,1.0,,5.0,,,1.0,,,1.0,,,1.0,,,1.0,,,3.6666666666666665,1.0,
idealistsustainerexpansive,2021-09-19,0.0,0.0,0.0,0.0,1339.0,10.0,0.0,3.0,6318.045109786799,607.0,10311,32,72.0,3.0,2.0,3.0,1.0,1.0,3.0,5.0,5.0,1.0,4.75,5.0,,,,,1.0,,5.0,,,,1.0,4.5,4.428571428571429,5.0,,2.3333333333333335,1.0,,1.0,,5.0,,4.0,,5.0,,1.0,,1.0,2.5
idealistsustainerexpansive,2021-09-20,1.0,0.0,1.0,0.0,1229.0,16.0,0.0,11.0,8323.573392942288,457.0,13984,51,39.0,3.0,1.0,3.0,1.0,1.0,3.0,4.0,5.0,1.0,5.0,5.0,5.0,,,1.0,,1.0,,5.0,2.5,,,4.5,,,1.0,,,1.0,3.0,,,,,,,,,,4.0,
idealistsustainerexpansive,2021-09-21,3.0,0.0,0.0,0.0,1236.0,24.0,0.0,15.0,7289.977714225981,503.0,16068,65,105.0,3.0,1.0,4.0,1.0,1.0,3.0,3.0,5.0,1.0,3.6666666666666665,5.0,,1.0,3.25,,,,1.0,3.6666666666666665,,,,4.0,,,,,,2.8,,,,,,,,5.0,,,4.0,3.75
idealistsustainerexpansive,2021-09-22,0.0,0.0,0.0,0.0,1306.0,10.0,0.0,6.0,6432.011324676757,601.0,9151,39,21.0,3.0,1.0,3.0,1.0,1.0,3.0,3.0,3.0,1.0,5.0,5.0,,,5.0,,1.0,,1.0,5.0,4.0,2.5,,,1.0,,,,4.0,1.0,,1.0,,,,,4.333333333333333,,,5.0,,4.0
idealistsustainerexpansive,2021-09-23,3.0,0.0,0.0,0.0,942.0,20.0,0.0,6.0,8944.52474333423,506.0,13426,57,65.0,4.0,1.0,3.0,1.0,1.0,3.0,3.0,5.0,1.0,5.0,5.0,,1.0,,,,,3.0,,1.0,1.0,,,,5.0,,,,4.0,3.25,1.0,,,4.0,1.0,4.0,,1.0,,,3.5
idealistsustainerexpansive,2021-09-24,4.0,0.0,3.0,0.0,843.0,52.0,0.0,13.0,9958.528165257076,445.0,23418,77,155.0,3.0,1.0,4.0,1.0,1.0,5.0,5.0,5.0,1.0,,5.0,1.0,,2.0,,,,,,4.0,,,5.0,5.0,5.0,,,,,1.0,,,,,1.0,1.6,,1.0,,5.0,5.0
idealistsustainerexpansive,2021-09-25,0.0,0.0,0.0,0.0,650.0,32.0,0.0,11.0,7873.644513564928,590.0,18738,57,64.0,2.5,1.5,3.2,1.1,1.8,2.4,2.5,3.6,1.0,,,,,,,,,,,,,,1.0,5.0,5.0,,,,,,,,,,,,,,,5.0,4.0
idealistsustainerexpansive,2021-09-26,0.0,0.0,0.0,0.0,1299.0,8.0,0.0,3.0,7467.446534694778,627.0,6587,48,35.0,2.6363636363636362,1.2727272727272727,2.8181818181818183,1.1818181818181819,1.2727272727272727,2.6363636363636362,2.6363636363636362,4.090909090909091,1.0,,,,,,,,,,,,,,,,,,,,,,,,,,,,,,,,
idealistsustainerexpansive,2021-09-27,0.0,0.0,0.0,0.0,1309.0,19.0,0.0,4.0,8689.959773186254,481.0,14871,50,71.0,2.7777777777777777,1.1111111111111112,3.0,1.0,1.1111111111111112,2.7777777777777777,3.0,4.777777777777778,1.0,,,,,,,,,,,,,,,,,,,,,,,,,,,,,,,,
idealistsustainerexpansive,2021-09-28,0.0,0.0,0.0,0.0,447.0,18.0,0.0,4.0,3184.603252902212,295.0,22185,55,221.0,3.0,1.0,3.0833333333333335,1.0,1.0,3.0,3.0,5.0,1.0,,,,,,,,,,,,,,,,,,,,,,,,,,,,,,,,
idealistsustainerexpansive,2021-09-29,4.0,0.0,0.0,0.0,725.0,14.0,0.0,3.0,,,24461,32,24.0,3.0,1.0,3.0,1.0,1.0,3.0,3.0,3.0,1.0,5.0,,3.6666666666666665,,,1.0,1.0,,,,,1.0,1.0,,,,1.0,,,,1.0,,,1.0,,1.0,,,1.0,,,
idealistsustainerexpansive,2021-09-30,0.0,0.0,0.0,0.0,1295.0,7.0,0.0,6.0,7465.834370509005,443.0,12374,58,92.0,3.0,1.0,3.0,1.0,1.0,3.0,3.0,3.0,1.0,5.0,5.0,5.0,,,1.0,,,,4.0,,1.0,,5.0,1.0,4.5,,,4.0,,1.0,1.0,,1.0,,1.0,,,,5.0,,
idealistsustainerexpansive,2021-10-01,6.0,0.0,2.0,0.0,1268.0,26.0,0.0,3.0,11900.63785852906,332.0,14667,71,25.0,3.0,2.0,3.0,1.0,1.0,3.0,5.0,5.0,1.0,5.0,5.0,,,,1.0,1.0,,3.0,,,,1.0,5.0,,5.0,,,1.0,,1.0,,,1.0,,,,,,5.0,,4.0
idealistsustainerexpansive,2021-10-02,4.0,0.0,1.0,0.0,1304.0,20.0,0.0,5.0,7669.862065846892,483.0,7053,39,40.0,3.0,2.0,2.0,1.0,2.0,3.0,5.0,5.0,1.0,5.0,5.0,,,5.0,1.0,,,5.0,,3.0,,2.0,,,,1.0,,,1.75,,,,1.0,,,,4.2,4.0,,2.8,
idealistsustainerexpansive,2021-10-03,2.0,0.0,1.0,0.0,61.0,28.0,0.0,14.0,6865.495147812225,505.0,17513,38,79.0,2.0,2.0,3.0,1.0,1.0,3.0,3.0,3.0,1.0,5.0,5.0,,1.0,5.0,1.0,,,,3.3333333333333335,1.0,1.0,4.0,4.0,,,1.0,,,1.0,,1.0,,,4.0,,,,,5.0,4.0,
idealistsustainerexpansive,2021-10-04,3.0,0.0,3.0,0.0,75.0,19.0,0.0,10.0,7368.961794440072,644.0,7523,50,38.0,3.0,1.0,3.0,1.0,1.0,3.0,3.0,5.0,1.0,5.0,5.0,,,,,1.0,,1.0,,1.0,,1.0,,,5.0,1.0,,,1.0,1.0,1.0,5.0,,1.0,,,,4.0,5.0,,
idealistsustainerexpansive,2021-10-05,0.0,0.0,1.0,0.0,106.0,28.0,0.0,14.0,6684.469529279019,515.0,15499,76,93.0,3.0,2.0,3.0,1.0,1.0,3.0,2.0,3.0,1.0,5.0,5.0,,1.0,,,,,1.0,,,1.0,1.0,,,,,,1.0,1.0,,1.0,,,,,,,4.0,5.0,,3.0
idealistsustainerexpansive,2021-10-06,5.0,0.0,7.0,0.0,83.0,25.0,0.0,26.0,9426.35011530663,667.0,15594,52,43.0,3.0,2.0,3.0,1.0,1.0,3.0,4.0,4.0,1.0,,5.0,,,,,,,5.0,4.0,1.0,,,4.0,1.0,,,2.5,,2.5,1.0,1.0,5.0,,,,,,4.0,,,3.0
idealistsustainerexpansive,2021-10-07,0.0,0.0,0.0,0.0,794.0,11.0,0.0,3.0,4709.871973975607,706.0,7634,34,21.0,3.0,1.0,3.0,1.0,1.0,3.0,3.0,3.0,1.0,4.0,5.0,2.3333333333333335,1.0,5.0,,,,,,1.0,,,4.0,,,,2.75,,,1.0,,,,,1.0,5.0,5.0,,,,3.25
idealistsustainerexpansive,2021-10-08,5.0,0.0,6.0,0.0,1196.0,37.0,0.0,15.0,9114.2621309814,588.0,12955,70,34.0,2.8,1.1,2.7,1.1,1.0,3.0,3.0,4.2,1.0,5.0,,,,,,,,,,,,,,,,,,,,,,,,,1.0,5.0,5.0,,,,5.0
idealistsustainerexpansive,2021-10-09,5.0,0.0,0.0,0.0,1298.0,17.0,0.0,13.0,8715.786962518954,521.0,14665,62,67.0,2.909090909090909,1.0909090909090908,2.8181818181818183,1.0909090909090908,1.0909090909090908,2.909090909090909,2.909090909090909,4.636363636363637,1.0,,,,,,,,,,,,,,,,,,,,,,,,,,,,,,,,
idealistsustainerexpansive,2021-10-10,6.0,0.0,1.0,0.0,1279.0,26.0,0.0,9.0,6650.864044911625,633.0,8662,45,38.0,3.0,1.0,3.0,1.0,1.0,3.0,3.0,5.0,1.0,,,,,,,,,,,,,,,,,,,,,,,,,,,,,,,,
idealistsustainerexpansive,2021-10-11,0.0,0.0,0.0,0.0,1364.0,12.0,0.0,1.0,5892.304154211892,492.0,11850,42,52.0,3.0,1.0,3.0,1.0,1.0,3.0,3.0,5.0,1.0,,,,,,,,,,,,,,,,,,,,,,,,,,,,,,,,
idealistsustainerexpansive,2021-10-12,7.0,0.0,8.0,0.0,1227.0,36.0,0.0,6.0,9013.303261138291,616.0,10608,58,55.0,3.0,1.0,3.0,1.0,1.0,3.0,3.0,5.0,1.0,,5.0,,,5.0,,,1.0,,4.0,1.0,,,,5.0,,1.0,,1.0,,,1.0,5.0,,,,5.0,,,,,
idealistsustainerexpansive,2021-10-13,0.0,0.0,0.0,0.0,985.0,15.0,0.0,6.0,5677.290606598324,652.0,11561,36,28.0,3.0,1.0,3.0,1.0,1.0,3.0,3.0,5.0,1.0,5.0,5.0,,,,,1.0,,1.0,,,1.0,,5.0,,5.0,4.0,,1.6,,,,5.0,1.0,,,,,,,3.0,2.5
idealistsustainerexpansive,2021-10-14,0.0,0.0,0.0,0.0,55.0,11.0,0.0,5.0,10521.641131994556,464.0,7083,33,42.0,3.0,1.0,4.0,1.0,1.0,4.0,4.0,5.0,1.0,5.0,1.0,,1.0,3.6666666666666665,,1.0,,,3.0,1.0,,,4.666666666666667,1.0,,,2.0,,,,,5.0,1.0,4.5,,,,,,4.0,3.3333333333333335
idealistsustainerexpansive,2021-10-15,7.0,0.0,5.0,0.0,108.0,38.0,0.0,30.0,12597.356207785084,440.0,18930,51,56.0,3.0,2.0,3.0,1.0,2.0,3.0,3.0,5.0,1.0,5.0,5.0,,1.0,,,,,5.0,5.0,,1.0,,4.666666666666667,1.0,,,1.0,,,,,5.0,1.0,4.666666666666667,,,5.0,,5.0,4.333333333333333,
idealistsustainerexpansive,2021-10-16,5.0,2.0,12.0,0.0,62.0,41.0,0.0,20.0,11011.494310861268,472.0,10654,46,88.0,1.0,2.0,2.0,1.0,2.0,1.0,1.0,1.0,1.0,5.0,5.0,,,5.0,,,,5.0,,1.6,,1.0,4.0,4.0,5.0,1.0,,,,,,5.0,,4.0,1.0,,,,5.0,4.0,
idealistsustainerexpansive,2021-10-17,2.0,0.0,1.0,0.0,95.0,36.0,0.0,15.0,7564.333905633233,640.0,20123,56,171.0,4.0,1.0,3.0,1.0,1.0,3.0,5.0,5.0,1.0,5.0,5.0,,,,,,,,,2.5,1.0,1.0,,5.0,,1.0,1.0,4.0,,,1.0,5.0,,2.75,1.0,,,,5.0,,
idealistsustainerexpansive,2021-10-18,1.0,0.0,0.0,0.0,73.0,26.0,0.0,11.0,7027.879115624083,410.0,21346,54,37.0,4.0,1.0,4.0,1.0,1.0,4.0,4.0,4.0,1.0,5.0,5.0,,,,,,1.0,1.0,,2.5,,1.0,,1.0,,,,3.25,,,,,,3.25,1.0,,5.0,,,,4.0
idealistsustainerexpansive,2021-10-19,0.0,0.0,0.0,0.0,250.0,19.0,0.0,14.0,13350.476901570411,426.0,18794,78,,3.0,1.0,3.0,1.0,1.0,3.0,3.0,3.0,1.0,5.0,5.0,,,5.0,,1.0,1.0,1.0,,,,5.0,3.8,1.0,,1.0,,,2.0,,,,,,,,,,5.0,,
idealistsustainerexpansive,2021-10-20,0.0,0.0,0.0,0.0,1299.0,19.0,0.0,7.0,7741.92563677509,654.0,16737,74,56.0,3.0,1.0,3.0,1.0,1.0,3.0,3.0,5.0,1.0,5.0,5.0,,1.0,2.5,1.0,,1.0,,,,,3.6666666666666665,5.0,1.0,,1.0,,4.0,,,,,,,,,,4.0,5.0,5.0,
idealistsustainerexpansive,2021-10-21,0.0,0.0,1.0,0.0,1070.0,26.0,0.0,12.0,8970.841008572745,556.0,24066,72,95.0,3.0,1.0,3.0,1.0,1.0,3.0,3.0,3.0,1.0,5.0,5.0,3.6666666666666665,1.0,5.0,,,,,,,,5.0,5.0,,,1.0,2.75,,,1.0,,,,,,,,,,5.0,5.0
idealistsustainerexpansive,2021-10-22,0.0,0.0,0.0,0.0,119.0,47.0,0.0,12.0,8755.551500997239,593.0,22479,71,92.0,3.0,1.0,3.0,1.0,1.0,3.0,3.0,5.0,1.0,5.0,5.0,1.0,,4.666666666666667,,,,3.6666666666666665,5.0,4.0,,,5.0,,3.6666666666666665,,1.0,,4.0,,,,,,,5.0,4.0,,,,5.0
idealistsustainerexpansive,2021-10-23,8.0,0.0,7.0,0.0,43.0,22.0,0.0,9.0,7968.089051037085,541.0,6978,29,49.0,3.0,1.0,2.909090909090909,1.0,1.0,3.0,3.0,3.0,1.0,5.0,5.0,1.0,,5.0,,,,5.0,,1.0,,,,,5.0,,,,1.0,,,,,,,5.0,,,,,
idealistsustainerexpansive,2021-10-24,1.0,0.0,0.0,0.0,77.0,22.0,0.0,9.0,7619.921263673159,541.0,10742,44,67.0,3.0,1.0,3.0,1.0,1.0,3.0,3.0,3.0,1.0,,,,,,,,,,,,,,,,,,,,,,,,,,,,,,,,
idealistsustainerexpansive,2021-10-25,3.0,0.0,1.0,0.0,66.0,26.0,0.0,19.0,8378.208375796783,572.0,15563,54,61.0,3.0,1.0,3.0,1.0,1.0,3.0,3.0,2.8333333333333335,1.0,,,,,,,,,,,,,,,,,,,,,,,,,,,,,,,,
idealistsustainerexpansive,2021-10-26,0.0,0.0,0.0,0.0,588.0,49.0,0.0,20.0,5843.863024069749,572.0,24972,94,146.0,3.0,1.0,3.0,1.0,1.0,3.0,3.0,3.6666666666666665,1.0,,,,,,,,,,,,,,,,,,,,,,,,,,,,,,,,
idealistsustainerexpansive,2021-10-27,2.0,0.0,3.0,0.0,361.0,30.0,0.0,16.0,9545.146003645248,519.0,16015,72,75.0,3.0,1.0,3.0,1.0,1.0,3.0,3.0,3.0,1.0,5.0,5.0,4.0,,,,,,,,3.0,,,4.5,1.0,5.0,,2.3333333333333335,,1.0,1.0,,,,,,,5.0,5.0,,,
idealistsustainerexpansive,2021-10-28,1.0,0.0,1.0,0.0,107.0,11.0,0.0,25.0,8441.537538638724,539.0,16807,63,80.0,3.0,1.0,3.0,1.0,1.0,3.0,3.0,3.0,1.0,5.0,5.0,,1.0,,1.0,,,,4.8,,3.0,3.3333333333333335,,,5.0,,,,1.0,,,,1.0,4.2,,,5.0,4.0,,4.75,5.0
idealistsustainerexpansive,2021-10-29,11.0,0.0,4.0,0.0,81.0,53.0,0.0,12.0,9349.062132977877,460.0,26023,74,97.0,3.0,1.0,3.0,1.0,1.0,3.0,3.0,3.0,1.0,5.0,5.0,,,3.6666666666666665,1.0,,1.0,,,1.0,,5.0,,,,1.75,1.0,,2.0,,,5.0,,4.0,,,,1.0,,,
idealistsustainerexpansive,2021-10-30,5.0,0.0,3.0,0.0,103.0,34.0,0.0,20.0,10024.69721300245,547.0,11308,65,51.0,3.0,1.0,3.0,1.0,1.0,3.0,3.0,3.0,1.0,,5.0,1.0,1.0,5.0,1.0,,,,,,,,4.5,,,1.0,1.0,,,5.0,1.0,5.0,1.0,,1.0,5.0,,4.0,,,
idealistsustainerexpansive,2021-10-31,0.0,0.0,0.0,0.0,44.0,24.0,0.0,10.0,9675.193285405929,435.0,8751,45,60.0,3.0,1.0,3.0,1.0,1.0,3.0,3.0,3.0,1.0,,5.0,1.0,1.0,,1.0,1.0,,,,4.0,1.75,,,,,3.25,,4.0,,,1.0,,,4.5,,,,,,,4.0
idealistsustainerexpansive,2021-11-01,6.0,0.0,2.0,0.0,98.0,57.0,0.0,19.0,9748.978754204863,372.0,22576,76,115.0,3.0,1.0,3.0,1.0,1.0,3.0,3.0,3.0,1.0,5.0,5.0,,,4.5,1.0,,,1.0,,,1.0,,4.0,,,,3.0,,,3.0,1.0,,,4.0,1.0,,,,5.0,,4.666666666666667
idealistsustainerexpansive,2021-11-02,0.0,0.0,0.0,0.0,99.0,34.0,0.0,8.0,6480.097420121042,436.0,19119,70,92.0,3.0,1.0,3.0,1.0,1.0,3.0,3.0,3.0,1.0,5.0,5.0,5.0,,5.0,,,,,4.75,4.0,2.5,,,,,,,,,1.0,,5.0,1.0,,,,5.0,,5.0,5.0,
idealistsustainerexpansive,2021-11-03,0.0,0.0,0.0,0.0,64.0,24.0,0.0,11.0,7173.0533362169335,500.0,24411,54,143.0,3.0,1.0,3.0,1.0,1.0,3.0,3.0,3.0,1.0,5.0,5.0,,,4.0,1.0,,1.0,,5.0,3.0,,5.0,,1.0,5.0,,,,1.75,,,,,,,,,,5.0,,
idealistsustainerexpansive,2021-11-04,8.0,0.0,2.0,0.0,95.0,48.0,0.0,23.0,9269.623588690649,567.0,20582,77,48.0,3.0,1.0,2.923076923076923,1.0,1.0,3.0,3.0,3.0,1.0,5.0,,,,,,,1.0,,,,,1.0,,,,,,,,,,,,,,,,,5.0,,
idealistsustainerexpansive,2021-11-05,2.0,0.0,7.0,0.0,99.0,38.0,0.0,18.0,9206.588146921578,467.0,19893,65,56.0,3.0,1.0,3.0,1.0,1.0,3.0,3.0,3.0,1.0,,,,,,,,,,,,,,,,,,,,,,,,,,,,,,,,
idealistsustainerexpansive,2021-11-06,7.0,1.0,5.0,0.0,195.0,27.0,0.0,13.0,7167.087452310401,432.0,11482,52,49.0,3.0,1.0,3.0,1.0,1.0,3.0,3.0,3.0,1.0,,,,,,,,,,,,,,,,,,,,,,,,,,,,,,,,
idealistsustainerexpansive,2021-11-07,15.0,0.0,2.0,0.0,1063.0,47.0,0.0,7.0,8674.290411662236,567.0,10243,63,79.0,3.0,1.0,3.0,1.0,1.0,3.0,3.0,3.0,1.0,,,,,,,,,,,,,,,,,,,,,,,,,,,,,,,,
idealistsustainerexpansive,2021-11-08,0.0,0.0,0.0,0.0,77.0,17.0,0.0,5.0,6393.741442103599,496.0,15240,52,72.0,3.0,1.0,3.0,1.0,1.0,3.0,3.0,3.0,1.0,5.0,5.0,,,,1.0,,1.0,1.0,,,2.3333333333333335,,5.0,,,,,,,1.0,,,1.0,,,,,,4.666666666666667,5.0,5.0
idealistsustainerexpansive,2021-11-09,5.0,0.0,0.0,0.0,94.0,60.0,0.0,15.0,7466.353220443205,520.0,23976,81,114.0,3.0,1.0,3.0,1.0,1.0,3.0,3.0,3.0,1.0,5.0,5.0,3.6666666666666665,,3.0,,,,,,,,,5.0,1.0,,,1.0,,,1.0,1.0,,1.0,,,5.0,5.0,,,5.0,
idealistsustainerexpansive,2021-11-10,13.0,0.0,2.0,0.0,98.0,63.0,0.0,9.0,5974.519007411807,600.0,22254,56,77.0,3.0,1.0,3.0,1.0,1.0,3.0,3.0,3.0,1.0,5.0,5.0,5.0,,,,1.0,,,5.0,4.0,,5.0,,1.0,5.0,1.0,,2.0,1.0,,1.0,,,,,,5.0,,,,
idealistsustainerexpansive,2021-11-11,0.0,0.0,0.0,0.0,98.0,18.0,0.0,5.0,9200.401080748605,495.0,25379,59,,3.0,1.0,3.0,1.0,1.0,3.0,3.0,3.0,1.0,5.0,5.0,1.0,,4.5,1.0,1.0,,5.0,5.0,2.0,2.8,1.0,,,5.0,1.0,,,,1.75,,5.0,,,1.0,,,,,5.0,
idealistsustainerexpansive,2021-11-12,0.0,0.0,0.0,0.0,109.0,25.0,0.0,14.0,10221.44477869861,392.0,21514,69,,3.0,1.0,3.0,1.0,1.0,3.0,3.0,3.0,1.0,4.0,5.0,,,5.0,,,,2.3333333333333335,,,1.75,,,1.0,,,3.4,4.0,3.25,,,,,,1.0,5.0,,1.0,,5.0,
idealistsustainerexpansive,2021-11-13,8.0,0.0,0.0,0.0,77.0,37.0,0.0,11.0,15022.362100604609,479.0,11102,60,,3.0,1.0,3.0,1.0,1.0,3.0,3.0,3.0,1.0,5.0,5.0,1.0,,4.0,,,,5.0,3.0,4.0,1.0,,,,5.0,,1.0,4.0,,2.5,,,,,,,,,,5.0,
idealistsustainerexpansive,2021-11-14,4.0,0.0,0.0,0.0,67.0,34.0,0.0,7.0,8997.539290509263,589.0,17547,82,,3.0,1.0,3.0,1.0,1.0,3.0,3.0,3.0,1.0,5.0,5.0,1.0,,,,1.0,1.0,5.0,5.0,4.0,,3.25,3.0,,,,,2.5,1.0,4.0,,,,,1.0,,5.0,,,,
idealistsustainerexpansive,2021-11-15,1.0,0.0,0.0,0.0,92.0,30.0,0.0,11.0,7434.704581467842,631.0,20317,66,84.0,3.0,1.0,3.0,1.0,1.0,3.0,3.0,3.0,1.0,5.0,5.0,4.0,,,1.0,1.0,1.0,,,,4.0,,1.0,,5.0,,,1.0,2.0,,,,1.0,,,5.0,5.0,,5.0,5.0,
idealistsustainerexpansive,2021-11-16,0.0,0.0,0.0,0.0,68.0,16.0,0.0,9.0,6573.597360377959,488.0,23183,54,210.0,3.0,1.0,3.0,1.0,1.0,3.0,3.0,3.0,1.0,5.0,5.0,,1.0,,,,1.0,,,,,,4.75,,5.0,,3.0,3.25,1.0,,,5.0,,,,5.0,,,5.0,5.0,5.0
idealistsustainerexpansive,2021-11-17,3.0,0.0,2.0,0.0,741.0,39.0,0.0,19.0,9174.74481793106,501.0,25829,84,123.0,3.0,1.0,3.0,1.0,1.0,3.0,3.0,3.0,1.0,5.0,5.0,,1.0,3.5,,,1.0,,,1.0,,,1.0,1.0,5.0,,,,1.0,4.25,,,,,,5.0,,,5.0,,5.0
idealistsustainerexpansive,2021-11-18,0.0,0.0,0.0,0.0,687.0,18.0,0.0,8.0,6398.20293050428,564.0,24117,70,127.0,3.0,1.0,3.0,1.0,1.0,3.0,3.0,3.0,1.0,,5.0,,,,,,1.0,,,4.0,,,,1.0,,,,,,,,,,,,5.0,,,,,
idealistsustainerexpansive,2021-11-19,8.0,0.0,6.0,0.0,241.0,70.0,0.0,27.0,8923.03038251388,337.0,33455,105,182.0,3.0,1.0,3.0,1.0,1.0,3.0,3.0,3.0,1.0,,,,,,,,,,,,,,,,,,,,,,,,,,,,,,,,
idealistsustainerexpansive,2021-11-20,2.0,0.0,1.0,0.0,1308.0,23.0,0.0,4.0,10737.701973781544,509.0,16371,65,52.0,2.8181818181818183,1.0909090909090908,2.909090909090909,1.0909090909090908,1.0909090909090908,2.909090909090909,2.8181818181818183,2.8181818181818183,1.0,,,,,,,,,,,,,,,,,,,,,,,,,,,,,,,,
idealistsustainerexpansive,2021-11-21,6.0,1.0,3.0,0.0,1162.0,41.0,0.0,15.0,7939.056984282386,439.0,20939,75,190.0,3.0,1.0,3.0,1.0,1.0,3.0,3.0,3.0,1.0,,,,,,,,,,,,,,,,,,,,,,,,,,,,,,,,
idealistsustainerexpansive,2021-11-22,0.0,0.0,0.0,0.0,1277.0,20.0,0.0,9.0,7784.883880171859,534.0,22320,57,89.0,3.0,1.0,3.0,1.0,1.0,3.0,3.0,3.0,1.0,4.5,5.0,5.0,,,,,,1.0,,3.25,,,,,,1.0,1.0,3.0,,1.0,,,,,,5.0,,4.0,5.0,,
idealistsustainerexpansive,2021-11-23,0.0,0.0,0.0,0.0,1127.0,42.0,0.0,13.0,7851.815051545601,546.0,25275,75,183.0,3.0,1.0,3.0,1.0,1.0,3.0,3.0,3.0,1.0,4.0,5.0,,,4.0,,,,,,,,4.0,,1.0,,1.0,4.0,,,1.0,,5.0,,,,5.0,,4.0,,5.0,
idealistsustainerexpansive,2021-11-24,1.0,0.0,0.0,0.0,1275.0,16.0,0.0,9.0,11388.618836902642,340.0,26472,46,83.0,3.0,1.0,3.0,1.0,1.0,3.0,3.0,3.0,1.0,5.0,5.0,,,5.0,1.0,,,1.0,5.0,,1.6,3.5,,1.0,,1.0,1.0,4.0,,,,5.0,,4.0,,5.0,,,5.0,5.0,5.0
idealistsustainerexpansive,2021-11-25,2.0,0.0,1.0,0.0,1307.0,17.0,0.0,5.0,10946.192744561333,432.0,25991,53,56.0,3.0,1.0,3.0,1.0,1.0,3.0,3.0,3.0,1.0,,5.0,,1.0,,,1.0,1.0,1.0,,,,4.0,4.333333333333333,,,1.0,,,,4.0,1.0,,,4.0,,,,,,,5.0
idealistsustainerexpansive,2021-11-26,0.0,0.0,0.0,0.0,991.0,18.0,0.0,8.0,9069.830556602032,299.0,40122,32,73.0,3.0,1.0,3.0,1.0,1.0,3.0,3.0,3.0,1.0,5.0,5.0,,1.0,,,,1.0,1.0,,,,,4.333333333333333,1.0,,,2.3333333333333335,4.0,,,1.0,5.0,1.0,4.0,,5.0,5.0,,,,5.0
idealistsustainerexpansive,2021-11-27,5.0,0.0,1.0,0.0,80.0,52.0,0.0,23.0,11826.41717560828,601.0,22355,64,91.0,3.0,1.0,3.0,1.0,1.0,3.0,3.0,3.0,1.0,,5.0,5.0,,,,,,,4.0,,,4.0,4.0,1.0,,,2.0,,4.0,4.0,,5.0,,,,,5.0,,,5.0,
idealistsustainerexpansive,2021-11-28,0.0,0.0,0.0,0.0,50.0,17.0,0.0,3.0,6752.215465391515,530.0,13510,39,76.0,3.0,1.0,3.0,1.0,1.0,3.0,3.0,3.0,1.0,5.0,5.0,5.0,,,,,,,5.0,4.0,,,,,,1.0,,,,4.0,,5.0,,,,5.0,5.0,4.0,,5.0,
idealistsustainerexpansive,2021-11-29,0.0,0.0,0.0,0.0,117.0,45.0,0.0,27.0,6893.929637114116,576.0,34221,68,147.0,3.0,1.0,3.0,1.0,1.0,3.0,3.0,3.0,1.0,5.0,5.0,5.0,,4.0,1.0,1.0,,,,,1.0,,,,,1.0,,4.0,1.0,4.0,1.0,,,,1.0,5.0,5.0,,,5.0,
idealistsustainerexpansive,2021-11-30,0.0,0.0,0.0,0.0,97.0,32.0,0.0,9.0,8075.918716261065,631.0,26618,54,196.0,3.0,1.0,3.0,1.0,1.0,3.0,3.0,3.0,1.0,5.0,5.0,,,,,1.0,1.0,,,,,1.0,,,5.0,,,,1.0,1.0,1.0,5.0,,4.25,1.0,5.0,,,,5.0,
idealistsustainerexpansive,2021-12-01,0.0,0.0,0.0,0.0,86.0,20.0,0.0,11.0,7909.598213696036,523.0,18886,46,101.0,3.0,1.0,3.0,1.0,1.0,3.0,3.0,3.0,1.0,5.0,5.0,5.0,,,,,1.0,,,,1.0,1.75,,,5.0,,,,,,1.0,5.0,1.0,4.0,,5.0,5.0,,5.0,,
idealistsustainerexpansive,2021-12-02,0.0,0.0,2.0,0.0,91.0,40.0,0.0,15.0,9127.111773758788,591.0,31181,58,182.0,3.0,1.0,3.0,1.0,1.0,3.0,3.0,3.0,1.0,5.0,5.0,5.0,,,,1.0,,1.0,,4.0,,,,,,1.0,,,,2.5,,,1.0,4.0,1.0,5.0,5.0,,5.0,,
idealistsustainerexpansive,2021-12-03,37.0,0.0,5.0,0.0,122.0,69.0,0.0,29.0,9049.107893397671,476.0,22331,77,103.0,3.0,1.0,3.0,1.0,1.0,3.0,3.0,3.0,1.0,,5.0,,,5.0,,,,,,,,,4.8,1.0,5.0,1.0,,4.0,,,,5.0,,,1.0,5.0,,1.0,,5.0,
idealistsustainerexpansive,2021-12-04,21.0,0.0,1.0,0.0,1093.0,40.0,0.0,8.0,8131.401785785623,422.0,14305,59,71.0,3.0,1.0,3.0,1.0,1.0,3.0,3.0,3.0,1.0,,5.0,,1.0,4.0,,,,5.0,4.5,4.0,,,5.0,1.0,,,,,,,1.0,5.0,1.0,,1.0,,,4.0,,5.0,
idealistsustainerexpansive,2021-12-05,7.0,0.0,7.0,0.0,1168.0,40.0,0.0,16.0,9562.3906741566,460.0,15911,62,60.0,1.0,3.0,2.0,2.0,2.0,2.0,1.0,2.0,1.0,,5.0,,1.0,5.0,1.0,1.0,,,,4.0,,,5.0,,,,,,,4.0,1.0,,1.0,,,,5.0,,,5.0,5.0
idealistsustainerexpansive,2021-12-06,0.0,0.0,0.0,0.0,1328.0,17.0,0.0,3.0,7395.3326057208415,565.0,16599,52,54.0,3.0,1.0,3.0,1.0,1.0,3.0,3.0,3.0,1.0,,5.0,,,,,,,,,,,,,,,,,,,,1.0,,,,,5.0,,,,,
idealistsustainerexpansive,2021-12-07,0.0,0.0,0.0,0.0,1319.0,16.0,0.0,4.0,5851.646314192736,539.0,31339,45,80.0,2.8333333333333335,1.1666666666666667,2.9166666666666665,1.0833333333333333,1.0833333333333333,2.8333333333333335,2.9166666666666665,2.8333333333333335,1.0,,,,,,,,,,,,,,,,,,,,,,,,,,,,,,,,
idealistsustainerexpansive,2021-12-08,0.0,0.0,0.0,0.0,1321.0,18.0,0.0,3.0,6830.306306448321,518.0,34446,27,33.0,3.0,1.0,3.0,1.0,1.0,3.0,3.0,3.0,1.0,,,,,,,,,,,,,,,,,,,,,,,,,,,,,,,,
idealistsustainerexpansive,2021-12-09,1.0,0.0,0.0,0.0,1319.0,13.0,0.0,8.0,6177.6734187424645,525.0,18701,45,60.0,3.0,1.0,3.0,1.0,1.0,3.0,3.0,3.0,1.0,,,,,,,,,,,,,,,,,,,,,,,,,,,,,,,,
idealistsustainerexpansive,2021-12-10,1.0,1.0,4.0,0.0,1190.0,28.0,0.0,13.0,7564.073435480992,482.0,25095,66,107.0,3.0,1.0,3.0,1.0,1.0,3.0,3.0,3.0,1.0,5.0,5.0,3.6666666666666665,,4.666666666666667,,1.0,1.0,5.0,5.0,,2.0,4.0,,,,,,,,4.0,,,,,,,5.0,,,,
idealistsustainerexpansive,2021-12-11,0.0,0.0,0.0,0.0,1392.0,7.0,0.0,2.0,5046.081146330394,456.0,15969,39,52.0,3.0,1.0,3.0,1.0,1.0,3.0,3.0,3.0,1.0,5.0,5.0,1.0,,5.0,,,1.0,5.0,5.0,,,4.0,,,,1.0,,,1.0,4.0,1.0,5.0,,,1.0,5.0,5.0,,5.0,,
idealistsustainerexpansive,2021-12-12,0.0,0.0,0.0,0.0,1404.0,3.0,0.0,1.0,6536.629192079821,521.0,10450,26,35.0,3.0,1.0,3.0,1.0,1.0,3.0,3.0,3.0,1.0,5.0,5.0,1.0,,5.0,,1.0,,,,,,2.8,,1.0,,,1.0,,,4.0,1.0,,,4.0,1.0,5.0,,,5.0,5.0,
idealistsustainerexpansive,2021-12-13,0.0,0.0,0.0,0.0,1190.0,34.0,0.0,12.0,6540.163711876674,557.0,28913,72,215.0,,,,,,,,,,5.0,5.0,1.0,,4.666666666666667,1.0,,,,,4.0,,,4.0,1.0,,1.0,,,,,1.0,5.0,,4.0,,,5.0,,5.0,5.0,
idealistsustainerexpansive,2021-12-14,0.0,0.0,0.0,0.0,1231.0,24.0,0.0,11.0,6472.649764804761,469.0,27363,65,87.0,3.0,1.0,3.0,1.0,1.0,3.0,3.0,3.0,1.0,5.0,5.0,,1.0,5.0,1.0,1.0,,,5.0,,1.0,,5.0,,5.0,,,,,4.0,,,,,,,5.0,,,,
idealistsustainerexpansive,2021-12-15,3.0,0.0,2.0,0.0,1197.0,21.0,0.0,12.0,7563.346784189223,456.0,22648,62,111.0,3.0,1.0,3.0,1.0,1.0,3.0,3.0,3.0,1.0,5.0,5.0,,1.0,3.6666666666666665,1.0,1.0,,,5.0,1.0,1.0,,,1.0,5.0,,,4.0,,,,,,,,,5.0,,5.0,,
idealistsustainerexpansive,2021-12-16,0.0,0.0,0.0,0.0,1143.0,29.0,0.0,14.0,7323.869338560757,583.0,27733,55,153.0,3.0,1.0,3.0,1.0,1.0,3.0,3.0,3.0,1.0,5.0,5.0,,,,1.0,,,,5.0,4.0,2.0,,5.0,,,1.0,,3.0,,,1.0,5.0,,4.0,,,,,,5.0,
idealistsustainerexpansive,2021-12-17,19.0,0.0,6.0,0.0,926.0,67.0,0.0,21.0,8622.690962193985,406.0,32753,70,138.0,3.0,1.0,3.0,1.0,1.0,3.0,3.0,3.0,1.0,5.0,4.2,5.0,,5.0,,1.0,1.0,,,2.5,1.0,,4.5,1.0,,,,,,,,,,4.5,1.0,,,4.0,,,
idealistsustainerexpansive,2021-12-18,8.0,0.0,6.0,0.0,1196.0,33.0,0.0,19.0,7745.104094292257,608.0,10122,56,36.0,2.8333333333333335,1.25,3.0833333333333335,1.0833333333333333,1.25,2.75,2.8333333333333335,2.8333333333333335,1.0,5.0,,3.0,,,,1.0,,,,,,,,,,,,,,,,,,4.0,1.0,,,,,,
idealistsustainerexpansive,2021-12-19,7.0,0.0,1.0,0.0,1211.0,33.0,0.0,11.0,10175.26094945936,511.0,20854,50,86.0,3.0,1.0,3.0,1.0,1.0,3.0,3.0,3.0,1.0,,,,,,,,,,,,,,,,,,,,,,,,,,,,,,,,
idealistsustainerexpansive,2021-12-20,0.0,0.0,0.0,0.0,1272.0,10.0,0.0,5.0,5727.553741790852,498.0,34165,53,270.0,3.0,1.0,3.0,1.0,1.0,3.0,3.0,3.0,1.0,,,,,,,,,,,,,,,,,,,,,,,,,,,,,,,,
idealistsustainerexpansive,2021-12-21,0.0,0.0,0.0,0.0,1236.0,34.0,0.0,5.0,9662.542703110215,549.0,21452,59,148.0,3.0,1.0,3.0,1.0,1.0,3.0,3.0,3.0,1.0,,,,,,,,,,,,,,,,,,,,,,,,,,,,,,,,
idealistsustainerexpansive,2021-12-22,1.0,0.0,0.0,0.0,1096.0,35.0,0.0,20.0,6193.094529846453,443.0,26342,69,196.0,3.0,1.0,3.0,1.0,1.0,3.0,3.0,3.0,1.0,5.0,5.0,,1.0,5.0,,,,,,,,,5.0,,5.0,,,,,,,5.0,1.0,,1.0,5.0,5.0,,,,4.5
idealistsustainerexpansive,2021-12-23,5.0,0.0,0.0,0.0,1102.0,63.0,0.0,9.0,7176.985534042991,438.0,25467,92,170.0,3.0,1.0,3.0,1.0,1.0,3.0,3.0,3.0,1.0,5.0,5.0,1.0,1.0,5.0,,1.0,,,,3.0,,,,1.0,5.0,1.0,,4.0,,,,5.0,1.0,,1.0,5.0,,,5.0,,
idealistsustainerexpansive,2021-12-24,22.0,0.0,1.0,0.0,1090.0,56.0,0.0,14.0,9846.697126162402,549.0,18089,60,50.0,3.0,1.0,3.0,1.0,1.0,3.0,3.0,3.0,1.0,,5.0,1.0,1.0,5.0,,,1.0,,,1.0,,,4.0,,,1.0,,,,,1.0,5.0,1.0,,,,,4.0,5.0,,
idealistsustainerexpansive,2021-12-25,1.0,0.0,0.0,0.0,1352.0,12.0,0.0,4.0,7832.549854077727,564.0,9056,37,84.0,3.0,1.0,3.0,1.0,1.0,3.0,3.0,3.0,1.0,5.0,5.0,5.0,1.0,5.0,,,1.0,,,1.0,,,5.0,,,,,1.0,1.0,,1.0,5.0,1.0,,,,5.0,,5.0,5.0,
idealistsustainerexpansive,2021-12-26,5.0,0.0,4.0,0.0,1214.0,29.0,0.0,16.0,6916.803910839042,555.0,10068,50,73.0,3.0,1.0,3.0,1.0,1.0,3.0,3.0,3.0,1.0,,5.0,,,4.0,,,1.0,,5.0,1.0,1.0,,5.0,,,,1.0,1.0,,1.0,,5.0,,,,,,,,5.0,
idealistsustainerexpansive,2021-12-27,2.0,0.0,0.0,0.0,1111.0,36.0,0.0,27.0,6432.844810670965,657.0,17795,70,186.0,3.0,1.0,3.0,1.0,1.0,3.0,3.0,3.0,1.0,5.0,5.0,,,,1.0,1.0,,,,,1.0,,,1.0,,,1.0,1.0,,1.75,1.0,5.0,,,,2.75,,,5.0,,5.0
idealistsustainerexpansive,2021-12-28,0.0,0.0,0.0,0.0,1235.0,27.0,0.0,9.0,8020.8016604213935,610.0,20509,65,145.0,3.0,1.0,3.0,1.0,1.0,3.0,3.0,3.0,1.0,5.0,5.0,,1.0,5.0,,,,,,1.0,1.0,,,1.0,,,,1.0,,,1.0,5.0,1.0,,,1.0,,,5.0,5.0,5.0
idealistsustainerexpansive,2021-12-29,0.0,0.0,0.0,0.0,1331.0,8.0,0.0,5.0,5833.10118029053,629.0,16198,50,85.0,3.0,1.0,3.0,1.0,1.0,3.0,3.0,3.0,1.0,4.5,5.0,,,4.4,,,,1.0,,1.0,,,,1.0,,,,,1.0,,1.0,,,,1.0,5.0,,4.0,5.0,,5.0
idealistsustainerexpansive,2021-12-30,1.0,0.0,0.0,0.0,1285.0,18.0,0.0,7.0,7830.693998728804,473.0,19495,51,108.0,3.0,1.0,3.0,1.0,1.0,3.0,3.0,3.0,1.0,4.428571428571429,5.0,,,5.0,1.0,,,1.0,,1.0,,1.0,5.0,1.0,,,,,1.0,,1.0,5.0,,3.25,1.0,,,,5.0,,5.0
idealistsustainerexpansive,2021-12-31,11.0,0.0,3.0,0.0,1130.0,41.0,0.0,20.0,7542.453803175412,545.0,17123,73,104.0,3.0,1.0,3.0,1.0,1.0,3.0,3.0,3.0,1.0,5.0,5.0,,,5.0,,1.0,,1.0,,1.0,,,5.0,1.0,5.0,,,1.0,1.0,,1.0,5.0,,,,,,,,5.0,
idealistsustainerexpansive,2022-01-01,8.0,0.0,1.0,0.0,1209.0,35.0,0.0,10.0,10236.65285076017,402.0,26531,66,84.0,3.0,1.0,3.0,1.0,1.0,3.0,3.0,3.0,1.0,,5.0,,,5.0,,1.0,,1.0,,1.0,,,5.0,,5.0,,,,,,1.0,,,,,,,,,5.0,
idealistsustainerexpansive,2022-01-02,0.0,0.0,0.0,0.0,1306.0,11.0,0.0,5.0,6996.90574155936,714.0,10565,53,40.0,2.8,1.1,2.9,1.0,1.1,2.8,3.0,2.8,1.0,,,,,,,,,,,,,,,,,,,,,,,,,,,,,,,,
idealistsustainerexpansive,2022-01-03,0.0,0.0,0.0,0.0,1189.0,32.0,0.0,12.0,7004.938600958418,582.0,22996,56,134.0,3.0,1.0,3.0,1.0,1.0,3.0,3.0,3.0,1.0,,,,,,,,,,,,,,,,,,,,,,,,,,,,,,,,
idealistsustainerexpansive,2022-01-04,0.0,0.0,1.0,0.0,1280.0,14.0,0.0,8.0,3875.998000774313,882.0,20981,50,82.0,3.0,1.0,3.0,1.0,1.0,3.0,3.0,3.0,1.0,,,,,,,,,,,,,,,,,,,,,,,,,,,,,,,,
idealistsustainerexpansive,2022-01-05,0.0,0.0,1.0,0.0,1243.0,23.0,0.0,11.0,6162.939172768757,598.0,17396,69,124.0,3.0,1.0,3.0,1.0,1.0,3.0,3.0,3.0,1.0,3.0,5.0,5.0,,,1.0,1.0,,,,,1.0,,5.0,,,1.0,,,1.0,,,,1.0,,,,,,,5.0,5.0
idealistsustainerexpansive,2022-01-06,0.0,0.0,0.0,0.0,1263.0,10.0,0.0,4.0,5682.363125044541,564.0,17672,55,163.0,3.0,1.0,3.0,1.0,1.0,3.0,3.0,3.0,1.0,4.333333333333333,,,,5.0,1.0,1.0,1.0,1.0,,1.0,1.0,1.0,,,5.0,1.0,,,1.0,1.0,1.0,,1.0,,,,,,,5.0,5.0
idealistsustainerexpansive,2022-01-07,4.0,0.0,6.0,0.0,1220.0,21.0,0.0,9.0,7377.383677012328,491.0,12897,64,46.0,3.0,1.0,3.0,1.0,1.0,3.0,3.0,3.0,1.0,3.6666666666666665,5.0,,1.0,,1.0,,1.0,,,1.0,,1.0,,,5.0,,3.0,1.0,,1.0,1.0,,,,,,,,5.0,5.0,
idealistsustainerexpansive,2022-01-08,4.0,0.0,4.0,0.0,1266.0,20.0,0.0,3.0,10219.460615715228,436.0,16291,61,88.0,3.0,1.0,3.0,1.0,1.0,3.0,3.0,3.0,1.0,3.0,5.0,,1.0,5.0,1.0,,,1.0,,,,1.0,5.0,,,,1.0,,,,1.0,,1.0,,1.0,5.0,5.0,,,5.0,5.0
idealistsustainerexpansive,2022-01-09,0.0,0.0,0.0,0.0,1312.0,11.0,0.0,3.0,6831.032887007928,495.0,10769,64,113.0,3.0,1.0,3.0,1.0,1.0,3.0,3.0,3.0,1.0,1.0,5.0,2.0,,,1.0,,,,,,,,5.0,1.0,,,5.0,1.0,,1.0,1.0,,,,,5.0,,1.0,,5.0,
idealistsustainerexpansive,2022-01-10,0.0,0.0,0.0,0.0,1205.0,21.0,0.0,15.0,6214.103771722141,644.0,22687,63,103.0,3.0,1.0,3.0,1.0,1.0,3.0,3.0,3.0,1.0,1.0,5.0,5.0,1.0,5.0,,,1.0,,,1.0,,1.0,,1.0,,,,,,1.0,1.0,,,,1.0,,,,5.0,,5.0
idealistsustainerexpansive,2022-01-11,0.0,0.0,0.0,0.0,1180.0,22.0,0.0,13.0,5213.427161767242,607.0,21428,69,115.0,3.0,1.0,3.0,1.0,1.0,3.0,3.0,3.0,1.0,2.6,,5.0,1.0,,,,,1.0,5.0,1.0,1.0,1.0,5.0,1.0,,,,1.0,,,,,1.0,,1.0,,,4.0,5.0,,
idealistsustainerexpansive,2022-01-12,0.0,0.0,0.0,0.0,1194.0,19.0,0.0,13.0,5773.555118868624,518.0,34813,66,242.0,3.0,1.0,3.0,1.0,1.0,3.0,3.0,3.0,1.0,3.4,,,,,,,1.0,1.0,5.0,1.0,,,2.3333333333333335,,,,,,,1.0,,5.0,1.0,,1.0,,,4.0,5.0,,4.75
idealistsustainerexpansive,2022-01-13,1.0,0.0,0.0,0.0,1269.0,14.0,0.0,13.0,8622.566013197538,642.0,13903,73,40.0,3.0,1.0,3.0,1.0,1.0,3.0,3.0,3.0,1.0,5.0,5.0,,,,,,1.0,,,1.0,,,,,,,,,,,,5.0,,,1.0,,,,,,5.0
idealistsustainerexpansive,2022-01-14,6.0,0.0,3.0,0.0,1146.0,40.0,0.0,12.0,8928.239017007065,655.0,12561,65,52.0,3.0,1.0,3.0,1.0,1.0,3.0,3.0,3.0,1.0,,,,,,,,,,,,,,,,,,,,,,,,,,,,,,,,
idealistsustainerexpansive,2022-01-15,0.0,0.0,1.0,0.0,862.0,18.0,0.0,11.0,9896.146679550078,453.0,32538,77,108.0,3.0,1.0,3.0,1.0,1.0,3.0,3.0,3.0,1.0,,,,,,,,,,,,,,,,,,,,,,,,,,,,,,,,
idealistsustainerexpansive,2022-01-16,0.0,0.0,0.0,0.0,1259.0,29.0,0.0,7.0,8506.910398509233,554.0,21788,69,87.0,2.8,1.2,2.9,1.1,1.1,3.0,3.1,2.8,1.2,,,,,,,,,,,,,,,,,,,,,,,,,,,,,,,,
idealistsustainerexpansive,2022-01-17,0.0,0.0,0.0,0.0,1170.0,27.0,0.0,8.0,7595.3095492447155,605.0,22133,78,136.0,3.0,1.0,3.0,1.0,1.0,3.0,3.0,3.0,1.0,5.0,5.0,,,,,,,1.0,,1.0,,1.0,,1.0,5.0,,,,,1.0,1.0,,,5.0,1.0,,,,,,5.0
idealistsustainerexpansive,2022-01-18,0.0,0.0,0.0,0.0,1175.0,23.0,0.0,11.0,6862.796387036369,528.0,30920,60,92.0,3.0,1.0,3.0,1.0,1.0,3.0,3.0,3.0,1.0,3.0,,5.0,,,1.0,,1.0,,,,1.0,1.0,,1.0,5.0,,,1.0,,1.0,,,,,1.0,,5.0,,,,5.0
idealistsustainerexpansive,2022-01-19,0.0,0.0,0.0,0.0,840.0,35.0,0.0,8.0,5832.081540099976,706.0,46051,55,73.0,3.0,1.0,3.0,1.0,1.0,3.0,3.0,3.0,1.0,5.0,5.0,5.0,,5.0,1.0,,1.0,,,1.0,1.0,1.0,,,,,,,,,1.0,5.0,,5.0,,,5.0,,,5.0,4.75
idealistsustainerexpansive,2022-01-20,0.0,0.0,0.0,0.0,1177.0,26.0,0.0,20.0,7692.717525526053,750.0,22932,70,69.0,3.0,1.0,3.0,1.0,1.0,3.0,3.0,3.0,1.0,4.0,5.0,,,,,,,1.0,5.0,,,1.0,,,,,1.0,1.0,,,,5.0,,4.5,,5.0,,,5.0,,
idealistsustainerexpansive,2022-01-21,12.0,0.0,5.0,0.0,1078.0,44.0,0.0,22.0,9191.043767035537,550.0,18330,69,50.0,3.0,1.0,3.0,1.0,1.0,3.0,3.0,3.0,1.0,5.0,5.0,,1.0,,,1.0,,,5.0,,,1.0,5.0,1.0,,1.0,5.0,1.0,1.0,,1.0,5.0,,5.0,,,,,,5.0,
idealistsustainerexpansive,2022-01-22,0.0,0.0,0.0,0.0,1377.0,4.0,0.0,2.0,5890.915612993034,682.0,11923,36,81.0,3.0,1.0,3.0,1.0,1.0,3.0,3.0,3.0,1.0,,5.0,,1.0,5.0,1.0,1.0,1.0,1.0,4.666666666666667,1.0,,1.0,,1.0,,,,,,,,,2.0,,,4.5,,,5.0,,5.0
idealistsustainerexpansive,2022-01-23,0.0,0.0,0.0,0.0,1334.0,7.0,0.0,2.0,6654.417890040649,532.0,11510,38,68.0,3.0,1.0,3.0,1.0,1.0,3.0,3.0,3.0,1.0,1.0,5.0,5.0,1.0,,,1.0,1.0,,5.0,1.0,,,,,,,,,,1.0,,,1.0,,,5.0,,,5.0,,
idealistsustainerexpansive,2022-01-24,1.0,0.0,0.0,0.0,613.0,38.0,0.0,16.0,6458.683258890101,666.0,52441,60,137.0,3.0,1.0,3.0,1.0,1.0,3.0,3.0,3.0,1.0,3.6666666666666665,5.0,5.0,1.0,,1.0,1.0,1.0,,3.0,,1.0,1.0,,,,1.0,,,,1.0,,,1.0,4.8,,5.0,5.0,,5.0,,
idealistsustainerexpansive,2022-01-25,0.0,0.0,0.0,0.0,1202.0,33.0,0.0,8.0,6651.695638960733,527.0,27158,55,145.0,3.0,1.0,3.0,1.0,1.0,3.0,3.0,3.0,1.0,3.6666666666666665,,,1.0,,1.0,,,1.0,5.0,,1.0,1.0,5.0,,,1.0,1.0,,1.0,1.0,,,,,1.0,,5.0,,5.0,,
idealistsustainerexpansive,2022-01-26,0.0,0.0,0.0,0.0,1127.0,29.0,0.0,13.0,7930.48785018037,515.0,26391,67,160.0,3.0,1.0,3.0,1.0,1.0,3.0,3.0,3.0,1.0,1.8,5.0,,,5.0,1.0,1.0,,1.0,,,1.0,1.0,,,5.0,,1.0,,1.0,,,5.0,1.0,,1.0,5.0,5.0,,,,
idealistsustainerexpansive,2022-01-27,0.0,0.0,0.0,0.0,1159.0,26.0,0.0,14.0,6112.015974659294,437.0,23764,65,113.0,3.0,1.0,3.0,1.0,1.0,3.0,3.0,3.0,1.0,3.4,5.0,,1.0,,,,1.0,,5.0,1.0,1.0,1.0,,1.0,,,1.0,,1.0,,,,1.0,,1.0,,5.0,,,,5.0
idealistsustainerexpansive,2022-01-28,11.0,0.0,10.0,0.0,1046.0,52.0,0.0,27.0,10017.164183887302,260.0,28705,72,161.0,3.0,1.0,3.0,1.0,1.0,3.0,3.0,3.0,1.0,1.0,,,1.0,,,,,,,,,,,,,,,,,,,,1.0,,,,,,,,5.0
idealistsustainerexpansive,2022-01-29,0.0,0.0,0.0,0.0,1333.0,12.0,0.0,2.0,7051.572925416653,694.0,8240,58,48.0,2.6363636363636362,1.1818181818181819,3.090909090909091,1.0,1.3636363636363635,2.727272727272727,3.090909090909091,2.727272727272727,1.0,,,,,,,,,,,,,,,,,,,,,,,,,,,,,,,,
idealistsustainerexpansive,2022-01-30,0.0,0.0,0.0,0.0,1330.0,12.0,0.0,4.0,4951.381171294351,508.0,18302,51,70.0,3.0,1.0,3.0,1.0,1.0,3.0,3.0,3.0,1.0,,,,,,,,,,,,,,,,,,,,,,,,,,,,,,,,
idealistsustainerexpansive,2022-01-31,0.0,0.0,0.0,0.0,1232.0,19.0,0.0,7.0,7119.906881462747,456.0,28619,64,103.0,3.0,1.0,3.0,1.0,1.0,3.0,3.0,3.0,1.0,,,,,,,,,,,,,,,,,,,,,,,,,,,,,,,,
idealistsustainerexpansive,2022-02-01,0.0,0.0,0.0,0.0,1209.0,22.0,0.0,8.0,7761.769226935154,493.0,27706,60,157.0,3.0,1.0,3.0,1.0,1.0,3.0,3.0,3.0,1.0,1.0,,,1.0,,1.0,1.0,,,,,1.0,1.0,,,,,,1.0,,,1.0,,,4.0,,,5.0,,5.0,,
idealistsustainerexpansive,2022-02-02,1.0,0.0,0.0,0.0,1272.0,18.0,0.0,6.0,6348.134850559107,641.0,30641,53,102.0,,,,,,,,,,3.0,5.0,,1.0,,1.0,1.0,1.0,,,,1.0,1.0,,,,1.0,,,1.0,,,,1.0,4.0,,5.0,5.0,4.0,5.0,,
idealistsustainerexpansive,2022-02-03,0.0,0.0,0.0,0.0,1261.0,20.0,0.0,4.0,6323.90941126267,656.0,22854,53,144.0,3.0,1.0,3.0,1.0,1.0,3.0,3.0,3.0,1.0,2.5,,,1.0,,,,1.0,,,,,1.0,5.0,1.0,5.0,1.0,2.3333333333333335,,1.0,,,,,4.0,,5.0,5.0,,,,
idealistsustainerexpansive,2022-02-04,9.0,1.0,9.0,0.0,1160.0,32.0,0.0,18.0,8831.132563945477,406.0,22802,66,119.0,3.0,1.0,3.0,1.0,1.0,3.0,3.0,3.0,1.0,1.0,5.0,5.0,,5.0,,,,,3.0,,1.0,1.0,,1.0,,,,,,,1.0,5.0,1.0,,,,,,5.0,,1.0
idealistsustainerexpansive,2022-02-05,0.0,0.0,0.0,0.0,1319.0,15.0,0.0,1.0,6893.582253644217,564.0,10565,42,47.0,3.0,1.0,3.0,1.0,1.0,3.0,3.0,3.0,1.0,1.0,5.0,1.0,1.0,5.0,,1.0,,,1.0,1.0,,1.0,,,,,,,1.0,,,5.0,,,1.0,,,,,,
idealistsustainerexpansive,2022-02-06,0.0,0.0,0.0,0.0,1311.0,14.0,0.0,5.0,5084.129637161792,663.0,15518,47,73.0,3.0,1.0,3.0,1.0,1.0,3.0,3.0,3.0,1.0,1.0,5.0,1.0,1.0,5.0,,,,,5.0,1.0,1.0,,,1.0,,1.0,1.0,,,1.0,,5.0,,4.5,,5.0,5.0,,,,5.0
idealistsustainerexpansive,2022-02-07,0.0,0.0,0.0,0.0,1277.0,15.0,0.0,10.0,5809.700232960389,782.0,22895,51,163.0,3.0,1.0,3.0,1.0,1.0,3.0,3.0,3.0,1.0,1.0,,5.0,,,,,,,4.75,,1.0,,,1.0,,1.0,1.0,,,,1.0,5.0,1.0,,,5.0,5.0,,,,
idealistsustainerexpansive,2022-02-08,0.0,0.0,1.0,0.0,1317.0,13.0,0.0,3.0,5453.27678913732,698.0,13302,54,57.0,3.0,1.0,3.0,1.0,1.0,3.0,3.0,3.0,1.0,2.3333333333333335,5.0,,,,,,,1.0,4.6,1.0,,,,,,,,1.0,,,,,1.0,5.0,,5.0,,,5.0,5.0,
idealistsustainerexpansive,2022-02-09,0.0,0.0,0.0,0.0,1320.0,16.0,0.0,4.0,6463.615260119697,585.0,20323,46,81.0,3.0,1.0,3.0,1.0,1.0,3.0,3.0,3.0,1.0,1.0,5.0,5.0,,,1.0,,,1.0,3.75,,,,5.0,,,,,,1.0,,,,,4.25,,5.0,,5.0,5.0,5.0,
idealistsustainerexpansive,2022-02-10,9.0,0.0,1.0,0.0,1259.0,26.0,0.0,6.0,6719.774488051793,593.0,19398,64,61.0,3.0,1.0,3.0,1.0,1.0,3.0,3.0,3.0,1.0,1.0,5.0,5.0,,,,1.0,,,,,,,5.0,,5.0,,,1.0,,,1.0,5.0,1.0,4.0,,5.0,,,,4.833333333333333,
idealistsustainerexpansive,2022-02-11,3.0,0.0,2.0,0.0,1280.0,21.0,0.0,4.0,5190.514502446305,732.0,15429,58,35.0,3.0,1.0,3.0,1.0,1.0,3.0,3.0,3.0,1.0,1.0,5.0,5.0,,,1.0,1.0,1.0,,,1.0,,1.0,,1.0,,,,,1.0,,,,1.0,,,,,4.0,,5.0,1.0
idealistsustainerexpansive,2022-02-12,11.0,0.0,7.0,0.0,1214.0,24.0,0.0,16.0,4077.9022752584415,1082.0,22057,55,49.0,2.6363636363636362,1.2727272727272727,2.727272727272727,1.1818181818181819,1.1818181818181819,2.6363636363636362,3.0,2.6363636363636362,1.0,,,,,,1.0,,,,,1.0,,,,1.0,,,,,,,,,1.0,,,,,,,5.0,5.0
idealistsustainerexpansive,2022-02-13,0.0,0.0,0.0,0.0,1352.0,7.0,0.0,2.0,6055.9060407733305,633.0,17078,34,36.0,2.6363636363636362,1.1818181818181819,2.8181818181818183,1.0909090909090908,1.3636363636363635,2.727272727272727,3.0,2.6363636363636362,1.0,,,,,,,,,,,,,,,,,,,,,,,,,,,,,,,,
idealistsustainerexpansive,2022-02-14,0.0,0.0,2.0,0.0,1215.0,30.0,0.0,9.0,5605.9844566842,603.0,13706,69,33.0,3.0,1.0,3.0,1.0,1.0,3.0,3.0,3.0,1.0,,,,,,,,,,,,,,,,,,,,,,,,,,,,,,,,
idealistsustainerexpansive,2022-02-15,1.0,0.0,0.0,0.0,1299.0,2.0,0.0,1.0,5895.78048891595,566.0,17406,47,25.0,3.0,1.0,3.0,1.0,1.0,3.0,3.0,3.0,1.0,,,,,,,,,,,,,,,,,,,,,,,,,,,,,,,,
idealistsustainerexpansive,2022-02-16,0.0,0.0,0.0,0.0,1298.0,10.0,0.0,4.0,5241.738730500434,633.0,15446,50,86.0,3.0,1.0,3.0,1.0,1.0,3.0,3.0,3.0,1.0,1.0,5.0,,1.0,5.0,,,1.0,,5.0,,1.0,1.0,,1.0,,,,,,1.0,1.0,,,,,,,,,,5.0
idealistsustainerexpansive,2022-02-17,0.0,0.0,0.0,0.0,1217.0,21.0,0.0,12.0,6795.875288200723,541.0,13982,69,67.0,3.0,1.0,3.0,1.0,1.0,3.0,3.0,3.0,1.0,2.3333333333333335,5.0,,1.0,5.0,1.0,1.0,1.0,,,,1.0,1.0,5.0,,,1.0,1.0,,,1.0,,,1.0,,,,,,,,4.25
idealistsustainerexpansive,2022-02-18,0.0,0.0,0.0,0.0,1232.0,19.0,0.0,9.0,6407.17111183668,593.0,17159,62,68.0,3.0,1.0,3.0,1.0,1.0,3.0,3.0,3.0,1.0,1.0,,,,,1.0,,1.0,,,,1.0,,5.0,,,,,,1.0,,1.0,5.0,1.0,,1.0,,5.0,,,,
idealistsustainerexpansive,2022-02-19,6.0,0.0,9.0,0.0,1174.0,44.0,0.0,18.0,7602.674050645201,518.0,8341,51,20.0,3.0,1.0,3.0,1.0,1.0,3.0,3.0,3.0,1.0,1.0,5.0,1.0,,,1.0,,,2.3333333333333335,,1.0,1.0,,5.0,,5.0,,,,1.0,1.0,1.0,,1.0,4.5,1.0,,5.0,1.0,,,4.5
idealistsustainerexpansive,2022-02-20,0.0,0.0,0.0,0.0,1333.0,13.0,0.0,1.0,2856.1059741505424,931.0,13486,37,86.0,3.0,1.0,3.0,1.0,1.0,3.0,3.0,3.0,1.0,1.0,5.0,1.0,,5.0,,,1.0,2.3333333333333335,,,2.0,,,1.0,5.0,,1.0,,,1.0,,,1.0,,1.0,5.0,5.0,,,,4.75
idealistsustainerexpansive,2022-02-21,2.0,0.0,0.0,0.0,1190.0,33.0,0.0,11.0,3048.191693697423,1050.0,18811,47,108.0,3.0,1.0,3.0,1.0,1.0,3.0,3.0,3.0,1.0,1.0,,,,,1.0,,1.0,5.0,,,1.0,,,,5.0,,1.0,,1.0,,1.0,5.0,,4.0,1.0,5.0,,,5.0,,
idealistsustainerexpansive,2022-02-22,1.0,0.0,0.0,0.0,1164.0,36.0,0.0,14.0,3751.7240372988017,975.0,25180,60,99.0,3.0,1.0,3.0,1.0,1.0,3.0,3.0,3.0,1.0,1.0,5.0,,1.0,,,,,,,1.0,,,5.0,,5.0,,1.0,,1.0,1.0,1.0,5.0,,4.5,,5.0,5.0,,,,4.25
idealistsustainerexpansive,2022-02-23,0.0,0.0,0.0,0.0,601.0,10.0,0.0,1.0,3812.81228852433,809.0,22993,50,,3.0,1.0,3.0,1.0,1.0,3.0,3.0,3.0,1.0,1.0,,,1.0,,,,,,5.0,1.0,,,,,5.0,1.0,,,1.0,1.0,,5.0,,,,5.0,,1.0,,,
idealistsustainerexpansive,2022-02-24,,,,,,,,,845.2848133722033,1338.0,29394,49,,3.0,1.0,3.0,1.0,1.0,3.0,3.0,3.0,1.0,,,,,,,,,,5.0,1.0,,,,,5.0,1.0,,,,1.0,,,,,,5.0,,,,,
idealistsustainerexpansive,2022-02-25,,,,,,,,,6442.380707683493,863.0,20675,70,,2.8181818181818183,1.0909090909090908,2.909090909090909,1.0909090909090908,1.0,2.909090909090909,3.0,2.8181818181818183,1.0,,,,,,,,,,,,,,,,,,,,,,,,,,,,,,,,
idealistsustainerexpansive,2022-02-26,,,,,,,,,5929.33992812344,697.0,10582,54,,2.7142857142857144,1.1428571428571428,3.0,1.1428571428571428,1.1428571428571428,2.857142857142857,3.0,2.7142857142857144,1.0,,,,,,,,,,,,,,,,,,,,,,,,,,,,,,,,
idealistsustainerexpansive,2022-02-27,,,,,,,,,5890.987558710717,718.0,14604,58,,3.0,1.0,3.0,1.0,1.0,3.0,3.0,3.0,1.0,,,,,,,,,,,,,,,,,,,,,,,,,,,,,,,,
idealistsustainerexpansive,2022-02-28,,,,,,,,,,,27803,58,,3.0,1.0,3.0,1.0,1.0,3.0,3.0,3.0,1.0,1.0,5.0,,,,1.0,1.0,1.0,,,,,1.0,5.0,,,,,1.0,,1.0,,,,,1.0,,,,,5.0,
idealistsustainerexpansive,2022-03-01,,,,,,,,,,,32786,51,,3.0,1.0,3.0,1.0,1.0,3.0,3.0,3.0,1.0,1.0,5.0,,,,1.0,1.0,,1.0,,,1.0,,5.0,,,,,,1.0,1.0,,,,,1.0,,5.0,,,,5.0
idealistsustainerexpansive,2022-03-02,,,,,,,,,,,25994,68,,3.0,1.0,3.0,1.0,1.0,3.0,3.0,3.0,1.0,1.0,5.0,,1.0,5.0,4.0,1.0,,3.0,5.0,,1.0,,5.0,1.0,,,,,1.0,,1.0,,,,1.0,5.0,5.0,,5.0,5.0,5.0
idealistsustainerexpansive,2022-03-03,,,,,,,,,,,17593,67,,3.0,1.0,3.0,1.0,1.0,3.0,3.0,3.0,1.0,1.0,5.0,,1.0,5.0,,1.0,1.0,1.0,,,1.0,1.0,,1.0,,1.0,,,1.0,,,,,,,5.0,,,5.0,,
idealistsustainerexpansive,2022-03-04,,,,,,,,,,,21935,64,,3.0,1.0,3.0,1.0,1.0,3.0,3.0,3.0,1.0,1.0,5.0,,,5.0,1.0,,1.0,2.0,5.0,,,1.0,5.0,,,1.0,,1.0,,,,,,,1.0,,,,,,5.0
idealistsustainerexpansive,2022-03-05,,,,,,,,,,,14740,54,,3.0,1.0,3.0,1.0,1.0,3.0,3.0,3.0,1.0,1.0,5.0,,,5.0,1.0,,,,4.666666666666667,1.0,,1.0,,1.0,,1.0,,,1.0,,,,,,,5.0,,5.0,5.0,,
idealistsustainerexpansive,2022-03-06,,,,,,,,,,,7587,42,,3.0,1.0,3.0,1.0,1.0,3.0,3.0,3.0,1.0,1.0,,,,,,,,,5.0,,,,,1.0,,,,,,,,,1.0,,,5.0,5.0,,5.0,5.0,
idealistsustainerexpansive,2022-03-07,,,,,,,,,,,42145,33,,,,,,,,,,,1.0,,,1.0,5.0,,,,,,,1.0,,,,,,,,,,,,,5.0,,,,,5.0,5.0,
