id,date,IN_VEHICLE,ON_BIKE,ON_FOOT,RUNNING,STILL,TILTING,WALKING,UNKNOWN,MIMS_SUM_WEAR,SLEEP_MINUTES,SCREEN_ON_SECONDS,UNLOCK_EVENTS_NUM,USAGE_DURATION_MIN,activity_0_response,activity_2_response,alone_0_response,burden_1_response,control_1_response,demands_1_response,energy_9_response,excite_14_response,family_1_response,fatigue_13_response,feel_eat_1_response,feel_exer_1_response,feel_sit_1_response,focus_3_response,friend_1_response,frust_12_response,happy_8_response,hunger_0_response,int_eat_1_response,int_exer_3_response,int_sed_1_response,nervous_4_response,pain_0_response,proc_4_response,prod_0_response,relax_10_response,routine_0_response,sad_7_response,sleep_0_response,stress_2_response,tense_11_response,tired_1_response
ropetinworkdemote,2021-02-16,0,0,1,0,15,8,0,0,,,74921,6,,,,,,,,,,,,,,,,,,,,,,,,,,,,,,,,,
ropetinworkdemote,2021-02-17,0,0,4,0,52,29,0,9,,,18210,48,90.0,,,,,,,,,,,,,,,,,,,,,,,,,,,,,,,,
ropetinworkdemote,2021-02-18,0,0,0,0,30,23,0,8,,,27688,58,141.0,,,,,,,,,,,,,,,,,,,,,,,,,,,,,,,,
ropetinworkdemote,2021-02-19,1,0,0,0,46,52,0,7,,,24413,55,143.0,,,,,,,,,,,,,,,,,,,,,,,,,,,,,,,,
ropetinworkdemote,2021-02-20,0,0,0,0,29,54,0,6,,,26650,55,153.0,,,,,,,,,,,,,,,,,,,,,,,,,,,,,,,,
ropetinworkdemote,2021-02-21,4,0,0,0,76,40,0,21,,,27643,42,147.0,,,,,,,,,,,,,,,,,,,,,,,,,,,,,,,,
ropetinworkdemote,2021-02-22,0,0,0,0,64,49,0,6,,,38947,51,99.0,,,,,,,,,,,,,,,,,,,,,,,,,,,,,,,,
ropetinworkdemote,2021-02-23,1,0,0,0,63,51,0,13,,,24510,57,154.0,,,,,,,,,,,,,,,,,,,,,,,,,,,,,,,,
ropetinworkdemote,2021-02-24,0,0,0,0,54,39,0,6,,,24322,48,188.0,,,,,,,,,,,,,,,,,,,,,,,,,,,,,,,,
ropetinworkdemote,2021-02-25,1,0,0,0,54,32,0,12,,,21897,64,199.0,,,,,,,,,,,,,,,,,,,,,,,,,,,,,,,,
ropetinworkdemote,2021-02-26,0,0,0,0,46,15,0,6,,,12312,31,187.0,,,,,,,,,,,,,,,,,,,,,,,,,,,,,,,,
ropetinworkdemote,2021-02-27,1,0,0,0,58,23,0,6,,,15650,30,101.0,,,,,,,,,,,,,,,,,,,,,,,,,,,,,,,,
ropetinworkdemote,2021-02-28,0,0,0,0,58,45,0,22,,,18305,29,113.0,,,,,,,,,,,,,,,,,,,,,,,,,,,,,,,,
ropetinworkdemote,2021-03-01,0,0,0,0,56,29,0,5,3189.250309220341,93.0,27740,52,177.0,,,,,5.0,,,,4.0,,,1.0,,,,,,,4.0,,,1.0,,,,,4.0,,5.0,4.0,2.5,
ropetinworkdemote,2021-03-02,0,0,0,0,55,33,0,10,10350.295085388225,320.0,17708,41,206.0,4.333333333333333,2.0,,2.0,5.0,1.0,1.75,,,,4.2,1.0,,,,,,2.0,4.0,,,,2.0,1.0,5.0,,4.0,1.0,,,2.0,
ropetinworkdemote,2021-03-03,9,0,0,0,66,55,0,22,9028.662215738894,370.0,25637,40,136.0,5.0,1.6,,,4.666666666666667,2.0,1.0,,,2.0,4.0,2.0,,,1.0,1.75,,,,,3.25,1.0,1.0,1.0,,,4.0,1.0,,,1.75,
ropetinworkdemote,2021-03-04,7,0,0,0,75,74,0,14,9207.387296101022,0.0,27549,52,123.0,4.5,1.0,,,,1.0,1.0,,1.0,1.0,,1.0,2.0,3.3333333333333335,2.0,,,,,2.5,,1.8,,2.5,,,,,5.0,3.0,,
ropetinworkdemote,2021-03-05,2,0,0,0,62,47,0,14,8969.3757963776,390.0,26568,54,161.0,,,,,,,1.0,,2.5,,,,1.0,1.0,1.0,,,,,1.0,,2.5,,,,,,,,4.0,,
ropetinworkdemote,2021-03-06,17,1,1,0,76,86,0,26,9492.66530610638,324.0,20490,44,155.0,,,,,,,,,,,,,,,,,,,,,,,,,,,,,,,,
ropetinworkdemote,2021-03-07,4,0,0,0,85,55,0,32,9207.376461420536,266.0,22345,39,113.0,,,,,,,,,,,,,,,,,,,,,,,,,,,,,,,,
ropetinworkdemote,2021-03-08,0,0,1,0,59,46,0,6,9939.65711865154,265.0,39316,54,158.0,,,,,,,,,,,,,,,,,,,,,,,,,,,,,,,,
ropetinworkdemote,2021-03-08,0,0,1,0,59,46,0,6,0.0,265.0,39316,54,158.0,,,,,,,,,,,,,,,,,,,,,,,,,,,,,,,,
ropetinworkdemote,2021-03-09,0,1,1,0,50,44,0,14,,329.0,22416,38,144.0,4.75,3.0,,1.0,5.0,1.0,,,,2.0,5.0,4.0,,,,,,,,,4.0,1.0,,,,4.5,,,,,,
ropetinworkdemote,2021-03-10,4,1,4,0,68,36,0,8,8968.48624817099,415.0,26384,41,139.0,,2.0,,2.5,5.0,2.5,2.5,,,,5.0,2.0,,4.333333333333333,,,5.0,,,,1.0,1.0,,1.0,,,,,,,,4.0
ropetinworkdemote,2021-03-11,3,0,0,0,48,46,0,7,11507.376259371673,369.0,20667,32,136.0,5.0,2.5,4.666666666666667,,,,1.0,,,,4.75,,,,1.0,,,,,,2.5,1.0,,,4.285714285714286,,4.0,1.0,1.0,,,3.0
ropetinworkdemote,2021-03-12,0,0,1,0,69,26,0,5,9849.497828882417,324.0,35643,34,158.0,4.666666666666667,1.0,3.0,,,2.5,,,,,5.0,2.0,,,,2.0,,,,,,1.0,,3.0,3.75,5.0,4.0,,,,2.5,4.666666666666667
ropetinworkdemote,2021-03-13,4,0,1,0,72,45,0,19,10502.204989414367,346.0,19792,30,137.0,,3.25,3.75,,4.0,1.0,,,,,4.5,,,,,4.0,,,,,,1.75,1.0,4.0,2.3333333333333335,4.0,3.25,1.0,5.0,3.5,,
ropetinworkdemote,2021-03-14,0,0,1,0,49,44,0,11,7679.940649847844,488.0,29544,39,,4.666666666666667,2.6,4.5,4.0,4.0,,,,,,4.5,,2.5,,,,,,,1.0,,1.0,1.0,4.0,,,,1.75,5.0,,,4.0
ropetinworkdemote,2021-03-15,0,0,2,0,59,48,0,6,9030.651417555026,255.0,44301,40,,5.0,2.5,,3.0,4.2,,1.0,1.0,,,4.0,,1.0,,,,,,,,,,1.0,2.0,,,,,4.0,3.0,,5.0
ropetinworkdemote,2021-03-16,0,0,1,0,62,46,0,13,10122.934660264536,457.0,32569,50,187.0,5.0,1.8571428571428572,,4.0,4.0,,3.0,1.0,,,,1.0,,4.333333333333333,,,1.75,,5.0,,,,2.5,,,,,1.0,,,2.5,
ropetinworkdemote,2021-03-17,2,0,3,0,38,51,0,9,9281.22800772006,513.0,24994,52,193.0,5.0,3.0,,3.0,4.0,,2.5,2.5,,,,1.0,,4.333333333333333,1.0,,,3.1666666666666665,,,,,,,5.0,,5.0,,,,4.0,4.5
ropetinworkdemote,2021-03-18,3,0,0,0,63,26,0,24,10347.58468109017,224.0,41863,50,180.0,,,,,,,,1.0,,,,,,4.0,,,,,,,,,,,4.5,,4.0,,,,4.0,5.0
ropetinworkdemote,2021-03-19,4,0,0,0,75,63,0,10,9680.44710497936,336.0,23322,62,145.0,,,,,,,,,,,,,,,,,,,,,,,,,,,,,,,,
ropetinworkdemote,2021-03-19,4,0,0,0,75,63,0,10,1.2988647724953688,336.0,23322,62,145.0,,,,,,,,,,,,,,,,,,,,,,,,,,,,,,,,
ropetinworkdemote,2021-03-20,3,0,3,0,66,36,0,11,,462.0,25136,50,150.0,,,,,,,,,,,,,,,,,,,,,,,,,,,,,,,,
ropetinworkdemote,2021-03-21,1,0,0,0,79,52,0,33,11516.808100833983,253.0,18946,54,142.0,,,,,,,,,,,,,,,,,,,,,,,,,,,,,,,,
ropetinworkdemote,2021-03-22,0,0,0,0,78,52,0,12,9058.123070973455,306.0,32536,67,173.0,4.75,1.0,,,,4.2,1.75,,2.5,,,,2.0,3.8333333333333335,,1.0,,,,1.0,,3.5,,,4.0,,,,4.0,,,
ropetinworkdemote,2021-03-23,0,0,2,0,75,35,0,11,11308.542336982327,207.0,31324,49,194.0,5.0,4.2,4.333333333333333,,,,1.8571428571428572,,,,4.5,,1.0,4.75,,,,3.3333333333333335,5.0,1.0,4.0,4.0,1.0,,5.0,,,,5.0,,2.5,
ropetinworkdemote,2021-03-24,0,0,9,0,72,49,0,6,8516.809565379688,354.0,26102,42,126.0,4.5,3.25,,3.0,,,,,,3.6666666666666665,5.0,4.0,,4.0,,1.0,,1.0,,5.0,4.0,2.0,1.0,,,,4.0,,,3.25,,
ropetinworkdemote,2021-03-25,6,0,0,0,73,51,0,14,8934.002852129077,498.0,29028,41,102.0,,3.0,,2.5,,,,,,4.0,4.5,1.0,2.8,,,3.0,,2.5,5.0,3.0,,1.0,1.75,1.0,,4.333333333333333,1.0,,,,,
ropetinworkdemote,2021-03-26,0,0,1,0,60,20,0,8,8080.552886895437,351.0,30994,39,121.0,5.0,2.5,,1.0,4.25,,,,,,,,3.0,4.0,1.0,4.0,,2.0,4.75,,,,1.0,,,3.6,,2.8,,,,4.8
ropetinworkdemote,2021-03-27,0,0,0,0,44,41,0,5,9322.480695937196,394.0,38365,34,72.0,5.0,4.25,,,5.0,3.0,,3.0,,,4.5,1.75,,5.0,1.4285714285714286,,,2.0,,,,,1.0,,4.8,4.0,,1.0,5.0,,,5.0
ropetinworkdemote,2021-03-28,0,0,0,0,57,23,0,15,8332.582075184522,436.0,29210,33,66.0,,2.2,2.5,,4.0,4.0,1.0,1.0,,4.5,1.0,1.0,,,,,,1.0,,,1.0,,3.2,,5.0,,4.0,1.6,,,,5.0
ropetinworkdemote,2021-03-29,5,0,1,0,72,45,0,10,9604.34296279259,376.0,29058,45,116.0,4.666666666666667,3.25,,4.25,4.2,,,,,5.0,,1.0,,3.6,,3.3333333333333335,,4.0,,,,,5.0,,4.333333333333333,,,1.6,,4.333333333333333,,
ropetinworkdemote,2021-03-30,0,0,6,0,57,35,0,5,11404.150067791672,299.0,29862,53,178.0,5.0,3.857142857142857,,4.0,5.0,4.2,,,,,,1.0,1.0,,,,,2.75,4.75,,,,,,4.333333333333333,3.3333333333333335,,,1.0,4.333333333333333,,
ropetinworkdemote,2021-03-31,2,0,4,0,68,36,0,17,10031.108849778222,470.0,30239,32,177.0,5.0,3.1,,1.0,,3.25,,,,4.0,,1.0,,4.0,,,,1.0,,,4.0,1.0,1.0,4.0,5.0,4.0,,,,4.166666666666667,4.0,
ropetinworkdemote,2021-04-01,1,0,0,0,58,42,0,17,8624.007110869323,332.0,34951,45,148.0,,1.0,,,,4.0,,,,4.0,,,,,,,,,,,,,,,,,,,,,,
ropetinworkdemote,2021-04-02,0,0,1,0,69,52,0,23,9544.812405936944,358.0,30993,53,101.0,,,,,,,,,,,,,,,,,,,,,,,,,,,,,,,,
ropetinworkdemote,2021-04-03,7,0,0,0,54,57,0,7,8073.05768603153,447.0,27464,40,111.0,,,,,,,,,,,,,,,,,,,,,,,,,,,,,,,,
ropetinworkdemote,2021-04-04,3,0,2,0,78,59,0,30,10638.642894874942,405.0,27511,49,123.0,,,,,,,,,,,,,,,,,,,,,,,,,,,,,,,,
ropetinworkdemote,2021-04-05,32,0,35,0,104,115,0,27,13380.305561637875,526.0,17681,52,108.0,,4.4,,,,1.0,,,3.0,,,2.5,,,,1.0,,,,,4.5,,,1.0,,4.5,2.0,,,,2.0,3.0
ropetinworkdemote,2021-04-06,34,0,18,0,180,108,0,28,10396.01930034736,382.0,24209,50,57.0,,4.666666666666667,,2.0,,,,1.0,4.2,,5.0,,2.8,,,,3.75,,2.0,,,2.0,,,3.25,,,,,,1.0,4.0
ropetinworkdemote,2021-04-07,2,0,4,0,37,17,0,12,8680.032555288588,418.0,37741,32,91.0,5.0,2.7777777777777777,3.0,,,,,,1.0,,,,,4.333333333333333,,1.0,4.0,,3.8,3.0,,2.0,,,,,4.0,,5.0,,2.5,5.0
ropetinworkdemote,2021-04-08,3,0,0,0,57,35,0,10,12819.909583682123,348.0,18234,33,84.0,,3.9285714285714284,5.0,1.75,4.5,,,2.0,,,4.0,,,4.0,,1.0,,2.0,,2.5,,1.0,1.0,,,,3.4,1.0,,,1.0,
ropetinworkdemote,2021-04-09,0,0,2,0,69,41,0,26,12814.101175378011,301.0,27429,35,110.0,5.0,3.1818181818181817,4.0,1.0,4.333333333333333,,,1.0,,2.8,4.0,,2.5,,,,4.5,,4.0,1.0,,1.0,1.0,,,,,,5.0,,1.6,
ropetinworkdemote,2021-04-10,0,0,0,0,45,17,0,2,8115.583352691789,403.0,26711,33,122.0,5.0,3.857142857142857,3.6666666666666665,1.0,4.833333333333333,,,2.3333333333333335,,2.5,4.0,,1.0,,,1.0,5.0,,,,2.5,,,,,,,,,1.0,,
ropetinworkdemote,2021-04-11,0,1,0,0,47,14,0,3,8740.556596535142,352.0,37986,38,85.0,5.0,3.0,,1.0,4.333333333333333,4.0,,4.0,4.0,,4.0,,1.0,,,4.0,4.5,,,,,2.0,,,,,,1.0,,2.5,,
ropetinworkdemote,2021-04-12,19,0,1,0,83,39,0,12,12518.336093790434,416.0,23217,41,96.0,5.0,3.8333333333333335,4.6,4.0,4.25,1.0,,3.0,5.0,,4.0,1.0,,,,1.0,4.0,,,1.0,,1.0,,1.0,,,3.0,5.0,5.0,1.0,1.0,
ropetinworkdemote,2021-04-13,7,0,0,0,70,57,0,12,12421.650632193488,487.0,28253,47,104.0,5.0,3.6,,4.0,4.5,,,,,,4.2,,,,,1.75,4.333333333333333,,,,3.25,,1.0,,,,4.25,,1.0,2.5,,
ropetinworkdemote,2021-04-14,0,1,1,0,29,36,0,13,9729.038408650957,344.0,36939,45,130.0,5.0,4.333333333333333,,1.0,1.0,2.5,,,3.0,,,1.8,,4.666666666666667,,4.0,4.333333333333333,,,,,1.0,4.0,1.75,4.333333333333333,4.5,,,,3.0,,4.5
ropetinworkdemote,2021-04-15,16,0,8,0,65,62,0,19,12483.16400540499,354.0,28210,47,154.0,4.666666666666667,4.0,3.6666666666666665,,,3.25,,,,4.333333333333333,,1.0,4.0,4.5,,1.0,4.0,,,,,1.0,,2.0,4.6,,,,4.0,,,4.0
ropetinworkdemote,2021-04-16,0,0,0,0,46,25,0,9,12944.124753806993,350.0,38019,40,157.0,5.0,3.5,3.0,,3.8,1.0,,,1.0,3.0,,1.0,1.0,,,1.0,,,,1.0,,,1.0,1.0,4.0,4.0,4.0,,,3.4,1.5,
ropetinworkdemote,2021-04-17,8,1,1,0,42,48,0,22,8491.515467949339,438.0,17869,32,162.0,,1.0,,,4.0,,,,1.0,,,,,,,,,,,,,,1.0,,,4.0,4.0,,,1.0,1.0,
ropetinworkdemote,2021-04-18,0,0,0,0,43,28,0,0,7831.401801540225,350.0,24845,41,117.0,,,,,,,,,,,,,,,,,,,,,,,,,,,,,,,,
ropetinworkdemote,2021-04-19,9,1,1,0,62,71,0,39,11507.369716182722,399.0,19907,50,127.0,,,,,,,,,,,,,,,,,,,,,,,,,,,,,,,,
ropetinworkdemote,2021-04-20,2,0,0,0,48,43,0,9,10261.54807988553,142.0,30563,48,158.0,,,,,,,,,,,,,,,,,,,,,,,,,,,,,,,,
ropetinworkdemote,2021-04-21,4,0,0,0,81,50,0,13,10275.426795928784,284.0,33859,25,173.0,,3.4,,4.0,,,,,1.0,,4.0,,1.0,,,1.0,2.5,2.5,,,,1.0,,5.0,2.5,,,,,,,
ropetinworkdemote,2021-04-22,0,0,0,0,50,43,0,13,10289.61272338533,496.0,21028,37,105.0,4.5,3.4,,,4.0,4.6,1.0,,1.0,,3.3333333333333335,,,3.25,,1.0,1.0,,4.5,,,,2.0,4.0,4.0,,,2.5,4.0,4.333333333333333,,
ropetinworkdemote,2021-04-23,5,0,0,0,77,59,0,25,12663.9701921233,351.0,27019,44,124.0,5.0,3.0,2.5,,4.0,,1.0,1.0,,4.0,,,1.6,4.4,,,,2.2,4.0,,,,2.0,,,,,1.75,,1.0,,
ropetinworkdemote,2021-04-24,0,0,0,0,35,31,0,5,10666.109447039487,513.0,23167,19,121.0,5.0,3.5,4.0,,4.5,,,1.0,,3.4,,,,4.4,2.5,,,,,,,,1.0,2.0,,,4.0,1.0,4.0,3.0,,3.0
ropetinworkdemote,2021-04-25,1,0,0,0,49,26,0,23,11239.541056640992,444.0,15275,22,91.0,,4.142857142857143,,4.0,4.5,,1.0,,,4.0,4.0,,,4.0,1.75,1.0,,,,,,1.0,,1.0,4.666666666666667,4.0,4.5,,,,,4.5
ropetinworkdemote,2021-04-26,14,0,2,0,62,51,0,8,10513.708517414749,475.0,31831,37,91.0,5.0,4.111111111111111,,,5.0,4.75,4.0,,,,,,1.0,,1.0,1.0,4.5,,,,,,,3.0,5.0,3.25,4.0,,5.0,,,
ropetinworkdemote,2021-04-27,4,0,2,0,50,27,0,47,10658.204241230662,433.0,21923,29,132.0,5.0,3.5,,,4.8,3.3333333333333335,,,,4.0,4.0,,,,,,,,,,,,3.0,1.0,4.6,1.0,4.666666666666667,1.0,,4.5,,4.333333333333333
ropetinworkdemote,2021-04-28,6,2,3,0,66,52,0,22,12675.299520134698,469.0,18511,42,125.0,,4.0,4.0,,,4.0,,1.75,2.6,,4.0,2.5,,4.5,,,4.0,,,,4.0,4.0,,,4.666666666666667,4.0,,1.0,,4.0,,
ropetinworkdemote,2021-04-29,0,0,0,0,43,12,0,2,10146.94850522165,432.0,18557,26,93.0,3.6666666666666665,4.25,,,4.0,,,1.0,1.5714285714285714,3.0,4.0,,,4.0,1.75,2.5,,,,,,,,2.5,,4.333333333333333,4.0,2.0,,,,
ropetinworkdemote,2021-04-30,7,0,0,0,52,28,0,4,9046.85315191912,518.0,21250,46,120.0,,4.0,,,,,,,,5.0,,,,,,1.0,,,,,,,,1.0,,5.0,4.0,1.0,,,,
ropetinworkdemote,2021-05-01,0,0,0,0,51,36,0,7,7214.760230797897,545.0,27384,51,132.0,,,,,,,,,,,,,,,,,,,,,,,,,,,,,,,,
ropetinworkdemote,2021-05-02,0,0,0,0,38,22,0,2,8421.865418867836,375.0,33352,35,97.0,,,,,,,,,,,,,,,,,,,,,,,,,,,,,,,,
ropetinworkdemote,2021-05-03,15,0,0,0,85,46,0,18,10345.05353738412,481.0,19898,40,68.0,,,,,,,,,,,,,,,,,,,,,,,,,,,,,,,,
ropetinworkdemote,2021-05-04,0,0,0,0,27,15,0,2,9791.4805425144,248.0,31346,23,71.0,5.0,,,,,,,,,,,1.0,,,,,,,,,2.0,,1.0,1.0,,,4.0,,,,,
ropetinworkdemote,2021-05-05,18,0,1,0,62,56,0,14,11596.167577828815,460.0,23562,38,127.0,5.0,3.625,,2.0,3.3333333333333335,1.0,,1.0,,,,1.0,3.0,,,,4.5,1.6,,1.0,,,1.0,1.0,,3.0,2.0,,,,,
ropetinworkdemote,2021-05-06,28,0,0,0,55,78,0,12,11168.187802824925,372.0,25851,37,130.0,5.0,3.25,,,,3.8333333333333335,,1.6,,3.4,,1.5,1.0,4.5,,2.0,4.0,1.0,4.333333333333333,2.5,,,1.75,,,4.0,,,5.0,,,
ropetinworkdemote,2021-05-07,14,0,2,0,206,82,0,18,10922.77506303884,258.0,15721,40,90.0,5.0,3.0,,2.5,,3.2857142857142856,,4.0,,5.0,,,1.0,4.0,,1.0,,,4.0,,1.75,,,,3.5,,1.0,,1.0,3.0,,2.3333333333333335
ropetinworkdemote,2021-05-08,47,0,9,0,150,78,0,31,9583.85604927081,356.0,24692,41,155.0,5.0,3.6,,2.2,,1.0,,2.0,,,4.0,,1.0,4.0,1.0,1.6,,,,,2.5,,,,2.2,4.0,1.0,1.0,,4.0,,5.0
ropetinworkdemote,2021-05-09,0,0,0,0,42,36,0,5,8286.807866068928,403.0,31958,38,177.0,5.0,4.5,,2.5,4.333333333333333,,1.75,,3.3333333333333335,4.666666666666667,4.5,1.0,,4.0,1.0,2.5,,,,,1.0,1.5,,,,,4.0,,,,,
ropetinworkdemote,2021-05-10,21,0,0,0,53,51,0,6,10551.663503021033,444.0,23279,38,134.0,5.0,3.6923076923076925,5.0,4.0,,,1.0,1.75,4.0,4.0,,1.0,,,,1.0,,,4.666666666666667,,,,3.0,1.75,,,4.0,,,,,4.5
ropetinworkdemote,2021-05-11,0,0,0,0,55,29,0,4,12009.891944173523,166.0,28674,35,110.0,4.5,4.0,4.0,1.75,4.0,,,,,,,1.0,,4.4,,,,,,,,1.75,,1.0,3.4,4.4,,,,,2.0,4.25
ropetinworkdemote,2021-05-12,10,0,0,0,77,72,0,31,11731.668050111812,463.0,28213,37,202.0,5.0,4.0,,4.0,5.0,,2.5,,,,4.666666666666667,,,4.0,,,4.25,,,,,,4.0,4.0,4.5,,3.4,,,,1.75,3.0
ropetinworkdemote,2021-05-13,3,0,1,0,65,50,0,34,14096.191161028626,432.0,19084,52,165.0,5.0,4.0,4.666666666666667,4.0,4.6,,2.5,2.0,,,5.0,,,4.5,,2.5,4.0,,,4.0,,,,,,,2.5,,5.0,,1.0,
ropetinworkdemote,2021-05-14,0,0,2,0,55,73,0,23,15105.55815388073,376.0,16901,43,121.0,,4.0,,,,,,1.0,,4.0,,,,,,,,,,,,,,,,,,,,,,
ropetinworkdemote,2021-05-15,56,0,1,0,73,50,0,13,9696.795213520518,471.0,25087,46,133.0,,,,,,,,,,,,,,,,,,,,,,,,,,,,,,,,
ropetinworkdemote,2021-05-16,1,0,0,0,80,32,0,15,8457.991962947177,441.0,28425,37,145.0,,,,,,,,,,,,,,,,,,,,,,,,,,,,,,,,
ropetinworkdemote,2021-05-17,1,0,12,0,72,43,0,17,10763.211321941775,312.0,39034,46,149.0,,,,,,,,,,,,,,,,,,,,,,,,,,,,,,,,
ropetinworkdemote,2021-05-18,4,0,5,0,69,42,0,19,10613.198899859111,368.0,31418,48,213.0,5.0,2.875,,,,,3.0,2.7142857142857144,3.0,,,,,4.666666666666667,2.0,,4.333333333333333,,,4.0,4.0,,,,,4.0,1.6,,,,,
ropetinworkdemote,2021-05-19,10,0,11,0,60,40,0,14,13571.21461628558,512.0,27907,46,161.0,5.0,3.0,,,,4.0,1.0,2.5,5.0,,4.333333333333333,2.8,,4.0,1.0,,4.0,,,,4.0,,,3.0,,4.0,,1.0,,,,4.0
ropetinworkdemote,2021-05-20,0,1,10,0,48,26,0,6,12619.307577897673,403.0,19798,36,84.0,4.5,4.142857142857143,,,,3.5714285714285716,2.5,,2.0,,4.666666666666667,,2.2,,,,4.333333333333333,4.75,,4.0,,2.0,,1.75,,4.0,,4.0,,,,5.0
ropetinworkdemote,2021-05-21,10,0,0,0,57,51,0,21,13432.90467631988,337.0,28403,41,138.0,5.0,4.4,,,3.3333333333333335,4.0,,,1.0,,,1.0,1.0,,,1.0,,4.0,,1.0,,2.5,,,,2.5,,1.0,,,,
ropetinworkdemote,2021-05-22,4,0,0,0,53,49,0,23,11318.513553917805,166.0,32876,49,165.0,5.0,2.2,,1.0,,,,3.0,1.75,4.5,,1.0,1.0,,,,,,4.75,,,4.0,,,4.5,4.0,2.0,1.0,,,,
ropetinworkdemote,2021-05-23,1,0,0,0,37,24,0,6,9510.21932179369,443.0,27575,15,79.0,5.0,2.909090909090909,,1.0,,,,,,4.0,,1.0,,,2.0,1.0,,,5.0,,1.0,,,,,5.0,4.0,1.0,,,4.0,4.0
ropetinworkdemote,2021-05-24,0,0,0,0,52,16,0,1,10155.885501401788,297.0,44628,41,65.0,5.0,2.2857142857142856,,,,,,,1.0,4.4,4.75,1.0,1.0,,,1.0,,,,,1.0,1.6,4.0,2.0,,,5.0,1.0,,4.0,2.5,4.0
ropetinworkdemote,2021-05-25,8,0,10,0,60,46,0,12,15797.763262879404,420.0,22364,34,50.0,5.0,3.5,,,,4.0,3.142857142857143,,5.0,4.0,,2.0,1.0,4.0,3.0,,,,,5.0,1.0,,1.0,1.0,5.0,4.0,,1.0,,1.0,1.0,4.0
ropetinworkdemote,2021-05-26,2,0,11,0,46,37,0,7,15096.96003035264,488.0,22163,19,83.0,5.0,2.8181818181818183,,3.0,,4.0,1.0,,,,5.0,,2.0,5.0,,3.0,,4.666666666666667,,5.0,,1.0,,,4.666666666666667,,,,,,2.5,5.0
ropetinworkdemote,2021-05-27,2,0,1,0,67,48,0,16,9318.547083817924,354.0,35335,42,140.0,4.0,3.1666666666666665,,,,,,1.5,1.0,4.0,,1.0,1.0,5.0,,4.0,,,5.0,,,,1.0,,4.5,4.0,,,,3.25,4.0,
ropetinworkdemote,2021-05-28,1,0,0,0,55,49,0,8,10669.347668633603,238.0,31194,58,170.0,,,,,,,,,4.0,,,,,,,,,,,,,,,,4.0,5.0,,,,,,
ropetinworkdemote,2021-05-29,2,0,2,0,67,72,0,18,10923.08348822605,466.0,25544,65,164.0,,,,,,,,,,,,,,,,,,,,,,,,,,,,,,,,
ropetinworkdemote,2021-05-30,15,0,10,0,78,76,0,25,9423.888968938249,394.0,27077,53,140.0,,,,,,,,,,,,,,,,,,,,,,,,,,,,,,,,
ropetinworkdemote,2021-05-31,0,0,0,0,54,19,0,8,5694.838138490635,322.0,38468,27,154.0,,,,,,,,,,,,,,,,,,,,,,,,,,,,,,,,
ropetinworkdemote,2021-06-01,1,0,12,0,57,38,0,6,12266.098296986816,404.0,26101,43,104.0,,3.4,,4.0,,,,,,5.0,,,,4.0,2.0,,,,,,2.5,,,1.75,,,2.0,,5.0,,4.0,4.4
ropetinworkdemote,2021-06-02,0,0,0,0,50,22,0,4,8077.028899811452,394.0,27703,32,97.0,5.0,3.25,,4.0,,,1.0,,,,,,,4.0,1.0,,4.0,,4.0,,,,1.0,1.0,,,4.0,2.2,,4.0,4.0,
ropetinworkdemote,2021-06-03,12,0,3,0,75,54,0,15,8974.307817545116,361.0,23362,48,141.0,5.0,2.3333333333333335,,1.0,,1.0,1.75,,,,,,,3.3333333333333335,1.0,,,,4.0,1.0,1.0,,,,,4.0,3.0,1.0,4.0,4.0,,4.666666666666667
ropetinworkdemote,2021-06-04,0,0,0,0,44,17,0,3,6922.187292623481,501.0,35764,42,239.0,5.0,2.2857142857142856,,,,1.0,,,2.5,4.5,,1.0,,3.4,,,4.0,,,1.0,1.0,,,2.0,1.0,,1.0,,,1.0,,4.5
ropetinworkdemote,2021-06-05,2,0,0,0,61,42,0,11,6764.3393561541225,543.0,32027,35,244.0,5.0,3.0,,,,1.0,,1.0,1.0,5.0,4.0,1.0,,,,4.0,,,,,1.0,1.0,,1.0,,,,,,2.0,,5.0
ropetinworkdemote,2021-06-06,0,0,0,0,30,26,0,2,6909.4536052594885,509.0,37741,23,111.0,5.0,2.875,,1.0,,,,1.0,,4.0,4.0,,,4.0,,1.0,,,,,1.0,1.0,3.75,1.0,,,1.0,1.0,,,,4.4
ropetinworkdemote,2021-06-07,0,1,0,0,46,28,0,3,12157.721513278691,425.0,20151,28,101.0,,3.4545454545454546,,3.4,,,,,,,4.0,,,4.0,,2.5,,,4.0,1.0,,1.0,4.0,,,,,1.0,,,2.5,
ropetinworkdemote,2021-06-08,0,0,0,0,57,29,0,8,7210.303033665251,564.0,25368,35,164.0,5.0,4.0,3.0,,,,,,,4.5,4.5,,1.0,1.0,1.0,3.25,4.0,,,1.0,1.0,1.0,,,2.5,,1.0,1.0,,,,
ropetinworkdemote,2021-06-09,5,0,0,0,78,62,0,16,10726.225549517942,613.0,23491,42,209.0,5.0,2.875,2.75,,,,,,4.333333333333333,,4.0,,1.0,4.333333333333333,2.5,2.5,,,4.0,1.0,,,,,5.0,,1.0,2.5,,,3.25,4.25
ropetinworkdemote,2021-06-10,20,0,2,0,81,73,0,20,11513.64806465949,456.0,19433,51,196.0,5.0,3.1,4.75,,4.0,3.0,,,,4.5,4.0,,,,,,2.0,,,,1.0,1.6,,,,,1.0,1.0,4.0,,4.0,
ropetinworkdemote,2021-06-11,2,0,0,0,41,30,0,7,12174.48432494278,405.0,27656,48,189.0,,4.0,4.5,,5.0,5.0,,,,,1.0,,,,,,1.0,,,,1.0,4.0,,,,,,,,,,
ropetinworkdemote,2021-06-12,8,0,4,0,63,45,0,22,15992.521841208109,456.0,18913,41,167.0,,,,,,,,,,,,,,,,,,,,,,,,,,,,,,,,
ropetinworkdemote,2021-06-13,11,0,0,0,61,66,0,38,12845.771604189686,399.0,28440,52,136.0,,,,,,,,,,,,,,,,,,,,,,,,,,,,,,,,
ropetinworkdemote,2021-06-14,24,0,1,0,57,40,0,11,9772.011335976727,148.0,30332,51,141.0,,,,,,,,,,,,,,,,,,,,,,,,,,,,,,,,
ropetinworkdemote,2021-06-15,10,1,3,0,66,120,0,26,10294.486350976347,502.0,34499,105,166.0,,4.25,,,,4.0,3.0,4.0,,4.333333333333333,,1.0,1.0,,,,,,,4.0,,3.0,1.0,,5.0,,,,,,,
ropetinworkdemote,2021-06-16,32,1,2,0,123,157,0,55,8546.045459617893,195.0,46640,98,,,3.5,,3.25,,4.0,1.0,4.0,,,,1.0,2.5,,,,,4.0,2.5,1.0,,1.0,2.5,,,,,,1.0,4.0,,
ropetinworkdemote,2021-06-17,22,4,0,0,98,65,0,30,15156.646111758604,187.0,28113,102,170.0,5.0,2.4615384615384617,,,,,1.0,1.6,1.0,,,1.0,,,1.6,,,,4.5,,,,,,5.0,,1.0,,1.0,,3.0,
ropetinworkdemote,2021-06-18,0,0,36,0,94,73,0,18,12966.868887076584,297.0,23362,120,163.0,5.0,3.0,2.6666666666666665,,,4.0,,,,,,1.0,,,,1.0,,3.0,4.5,,,,,1.6,,4.125,1.0,,5.0,,,
ropetinworkdemote,2021-06-19,0,0,9,0,50,44,0,12,12680.988302256872,225.0,20554,70,137.0,5.0,2.75,,,,,1.75,1.75,1.0,4.0,,,1.0,5.0,,,,,4.5,,2.0,1.0,1.0,,,,,,,,,
ropetinworkdemote,2021-06-20,1,0,3,0,59,22,0,7,9131.05923049861,151.0,23449,46,155.0,5.0,3.0,,1.0,,,,1.0,,,,1.0,,1.0,1.75,1.0,,1.6,,,,,,1.0,3.0,,,,,,,3.25
ropetinworkdemote,2021-06-21,3,0,12,0,51,28,0,4,9795.876586853174,477.0,33584,46,162.0,5.0,2.2,,1.0,4.75,1.5,,1.6,,,,,,4.166666666666667,,,3.6,2.5,,1.0,,1.5,,,,,3.4,,,,,
ropetinworkdemote,2021-06-22,0,0,0,0,39,4,0,1,10881.100629927349,359.0,21627,41,154.0,5.0,3.4,4.5,,4.333333333333333,3.4,,,,4.0,4.0,,,,,1.4285714285714286,4.4,,4.25,,,1.6,,,,,3.4,,,,,
ropetinworkdemote,2021-06-23,0,1,5,0,44,18,0,3,10914.424520197595,458.0,28524,53,158.0,5.0,3.7777777777777777,,,,,,,1.0,,,,1.0,,4.0,1.0,,,,1.0,,,,,3.8,,3.0,1.0,,2.8,,3.0
ropetinworkdemote,2021-06-24,0,0,0,0,52,11,0,4,8721.97022981117,442.0,29176,57,98.0,,,,,,,,,,,,,,,,,,,,,,,,,,,,,,,,
ropetinworkdemote,2021-06-25,0,0,0,0,48,16,0,1,7816.346213917382,447.0,29997,61,134.0,,,,,,,,,,,,,,,,,,,,,,,,,,,,,,,,
ropetinworkdemote,2021-06-26,0,0,21,0,59,33,0,4,11097.258090424388,369.0,27676,61,199.0,,,,,,,,,,,,,,,,,,,,,,,,,,,,,,,,
ropetinworkdemote,2021-06-27,0,0,23,0,63,39,0,9,9366.771943981124,258.0,30918,79,145.0,,,,,,,,,,,,,,,,,,,,,,,,,,,,,,,,
ropetinworkdemote,2021-06-28,0,0,7,0,48,29,0,4,10531.684916843642,316.0,26805,59,115.0,5.0,3.111111111111111,,,,2.3333333333333335,,,,,3.0,1.0,,,,3.0,,,,,,,1.0,1.0,4.6,,,1.0,4.0,,4.0,
ropetinworkdemote,2021-06-29,2,0,4,0,59,29,0,6,6998.063052416843,377.0,23469,55,150.0,5.0,2.5,5.0,1.0,,,,2.2,,,4.0,,,4.0,,,4.333333333333333,,4.25,,1.0,,,,,,,3.0,5.0,,,
ropetinworkdemote,2021-06-30,0,0,0,0,38,17,0,1,7026.052151241406,349.0,19962,37,155.0,5.0,2.7142857142857144,,2.2,,3.0,,,,,4.25,,,,,,,1.0,,1.75,,1.0,,,4.25,,4.25,2.2,,2.2,,
ropetinworkdemote,2021-07-01,1,0,6,0,72,38,0,14,9379.531202924907,506.0,22117,49,140.0,4.8,3.75,,1.6,4.0,,,,1.0,,4.25,,,,,,,,4.25,,,1.0,,,,,4.0,,5.0,3.0,3.4,
ropetinworkdemote,2021-07-02,1,0,7,0,53,36,0,6,11822.903541350435,222.0,27721,50,189.0,5.0,4.0,4.666666666666667,,,,,,,,5.0,,1.75,,,,4.333333333333333,,,5.0,,,1.0,1.0,,4.5,,,,4.0,,4.0
ropetinworkdemote,2021-07-03,0,0,16,0,59,42,0,9,10123.908278979614,320.0,24658,52,229.0,4.75,3.857142857142857,,,4.25,3.0,,,,,,,1.0,4.333333333333333,2.8333333333333335,2.0,,,,,1.75,,,,,3.75,,1.0,,1.0,,
ropetinworkdemote,2021-07-04,0,0,11,0,58,41,0,33,12140.837738408056,379.0,21554,45,170.0,5.0,4.333333333333333,,1.6,,,,,1.0,,,,,4.166666666666667,,,,,,4.5,,,,1.0,,4.0,4.333333333333333,,,2.0,2.5,4.4
ropetinworkdemote,2021-07-05,0,1,0,0,47,13,0,12,8329.851247118355,330.0,24023,51,115.0,5.0,4.0,5.0,,4.5,,,,1.75,,,1.0,,4.8,,,4.333333333333333,2.2,,,,1.6,,1.75,,4.285714285714286,,,,,,
ropetinworkdemote,2021-07-06,1,1,0,0,70,47,0,9,6812.555268265148,400.0,20982,69,119.0,5.0,2.5,5.0,1.0,,,,,,4.0,,,1.0,5.0,,1.0,,3.0,,4.0,,,,3.5,,4.0,,,,,,
ropetinworkdemote,2021-07-07,0,0,24,0,48,54,0,5,10336.760841038402,465.0,16091,81,118.0,5.0,3.75,4.833333333333333,,,,,1.75,,,,1.0,,,,,,,4.25,,3.25,,2.0,,,4.4,3.6666666666666665,,5.0,4.0,,
ropetinworkdemote,2021-07-08,0,0,8,0,41,41,0,7,9600.28285202325,455.0,21002,53,75.0,5.0,4.0,,3.5,,,,,,,4.0,,2.5,,,1.0,,,4.25,,4.0,,1.5,,,,,1.6,,4.0,,4.333333333333333
ropetinworkdemote,2021-07-09,0,0,0,0,56,36,0,15,10870.200678234976,349.0,14646,50,113.0,,,,,,,,,,,,,,,,,,,,,,,,,,,,,,,,
ropetinworkdemote,2021-07-10,0,0,0,0,65,52,0,11,7853.502906142633,470.0,21428,51,128.0,,,,,,,,,,,,,,,,,,,,,,,,,,,,,,,,
ropetinworkdemote,2021-07-11,1,0,7,0,64,65,0,8,9426.042380235383,462.0,14136,54,103.0,,,,,,,,,,,,,,,,,,,,,,,,,,,,,,,,
ropetinworkdemote,2021-07-12,2,0,2,0,64,32,0,14,11466.87159542619,394.0,33528,61,,,,,,,,,,,,,,,,,,,,,,,,,,,,,,,,,
ropetinworkdemote,2021-07-13,2,0,0,0,55,62,0,28,8393.193303893726,353.0,21193,47,,4.666666666666667,3.25,,,,4.0,2.0,,1.0,,4.666666666666667,,,4.2,,2.0,,,,,1.75,,,,4.4,4.0,,,,3.5,,
ropetinworkdemote,2021-07-14,25,0,12,0,98,105,0,38,10041.013300330187,528.0,27497,114,171.0,5.0,3.142857142857143,,,,,,3.0,1.0,4.25,,1.0,,,,,,,4.25,,,,3.0,1.0,,,2.8,,,4.0,3.5,
ropetinworkdemote,2021-07-15,1,0,5,0,50,29,0,2,9026.597810155552,336.0,27997,34,164.0,4.833333333333333,4.0,4.8,,,,1.375,,1.0,4.0,4.0,,,4.0,,,4.0,,4.0,4.0,,,,,,,,,,,,4.0
ropetinworkdemote,2021-07-16,0,0,3,0,80,30,0,16,11544.862501114132,310.0,25376,77,238.0,4.75,3.923076923076923,,,4.0,,,2.5,,,4.25,,,,2.0,,,,,4.0,,,1.0,,,,4.0,,,4.0,3.4,4.333333333333333
ropetinworkdemote,2021-07-17,0,0,22,0,64,40,0,3,13483.00337517641,318.0,20751,71,283.0,1.0,4.1,,3.0,,,2.5,,1.0,4.333333333333333,4.333333333333333,,,3.6,,,,,,4.5,,1.0,,,3.4,,,,,,,4.0
ropetinworkdemote,2021-07-18,0,0,10,0,62,33,0,10,14037.599831859616,449.0,29956,75,181.0,4.5,4.4,,,4.0,,2.0,,1.0,,,1.0,,,1.0,,,,,,,1.5,,,4.166666666666667,4.25,4.0,,5.0,,,
ropetinworkdemote,2021-07-19,0,0,0,0,57,13,0,6,10407.850835592351,297.0,22749,61,177.0,5.0,3.4,5.0,,4.0,,,,,,,,,4.0,1.0,,,1.6,,,1.0,1.0,,,,2.8,4.0,,,3.5,,
ropetinworkdemote,2021-07-20,1,0,1,0,35,21,0,5,10515.678447393811,497.0,31093,55,179.0,5.0,3.769230769230769,5.0,,,,,1.6,,,,,1.0,3.5,1.0,1.0,,1.75,,,1.0,,,,3.0,,,1.0,,,,
ropetinworkdemote,2021-07-21,0,0,12,0,42,33,0,12,9830.417902706298,475.0,42351,30,93.0,5.0,2.730769230769231,,,4.5,4.25,,,1.0,4.0,,1.0,1.0,,,,4.666666666666667,,4.0,,,,,,,5.0,,,,,,4.5
ropetinworkdemote,2021-07-22,1,0,7,0,62,48,0,7,9928.190483371563,490.0,37411,39,124.0,,2.3333333333333335,,1.75,4.5,,,,,,4.0,,1.0,,,,,,,4.0,,1.0,2.0,,,4.2,,,5.0,,,4.0
ropetinworkdemote,2021-07-23,5,1,0,0,67,44,0,30,13147.451131920989,400.0,18693,66,141.0,,,,,,,,,,,,,,,,,,,,,,,,,,,,,,,,
ropetinworkdemote,2021-07-24,0,0,0,0,59,36,0,23,9522.289473281624,370.0,20628,42,92.0,,,,,,,,,,,,,,,,,,,,,,,,,,,,,,,,
ropetinworkdemote,2021-07-25,2,0,6,0,78,53,0,30,11984.017639684822,389.0,32337,43,155.0,,,,,,,,,,,,,,,,,,,,,,,,,,,,,,,,
ropetinworkdemote,2021-07-26,0,0,7,0,77,30,0,3,9597.3944738542,473.0,33759,57,170.0,,,,,,,,,,,,,,,,,,,,,,,,,,,,,,,,
ropetinworkdemote,2021-07-27,18,0,28,0,97,107,0,68,22648.882401498435,308.0,25820,82,125.0,5.0,4.136363636363637,,,,4.0,2.5,,,,,2.5,,4.0,,,,,5.0,,,1.0,1.0,1.0,,,,,5.0,2.8,,
ropetinworkdemote,2021-07-28,0,0,0,0,70,9,0,2,6323.0123874873225,474.0,30015,36,110.0,5.0,3.25,,1.0,,2.0,,,,5.0,4.666666666666667,1.0,,,,1.0,,2.75,,1.0,1.0,,,,,,,1.0,,,,
ropetinworkdemote,2021-07-29,0,0,10,0,36,26,0,4,10377.020673448977,399.0,29416,26,171.0,5.0,3.4285714285714284,5.0,,,2.8,,,,4.333333333333333,,,1.5,4.0,,1.0,,,,4.0,1.75,,,,,,,,4.0,,,4.4
ropetinworkdemote,2021-07-30,0,0,0,0,47,24,0,6,9362.78732210806,465.0,38622,23,138.0,5.0,4.166666666666667,,,,3.0,,,,4.0,,1.5,1.0,,1.0,,,1.6,,,1.0,,,1.4285714285714286,,,,1.0,,2.8,,
ropetinworkdemote,2021-07-31,0,0,0,0,45,22,0,3,10958.178500550526,310.0,48807,15,113.0,5.0,3.8333333333333335,5.0,,5.0,,2.2,3.0,,,4.0,,,4.4,1.0,1.0,4.75,,,2.0,,,,,,,,,,,,
ropetinworkdemote,2021-08-01,1,0,5,0,56,34,0,13,11576.326815196622,374.0,27041,66,206.0,5.0,3.9,,,,,2.5,,1.0,4.0,4.0,,,4.2,1.0,,,,,4.0,,1.0,,,4.0,,,,,,,4.2
ropetinworkdemote,2021-08-02,0,0,18,0,72,40,0,7,13833.48260484898,277.0,21198,72,203.0,4.166666666666667,4.416666666666667,,,,,3.0,,,,4.0,,,4.666666666666667,2.0,,4.2,,,,,,1.0,1.0,4.2,4.0,,1.0,,,,
ropetinworkdemote,2021-08-03,0,0,15,0,74,42,0,8,11584.68786129458,338.0,28686,73,204.0,5.0,4.142857142857143,4.666666666666667,,,,,,,,4.2,,,4.2,,,,,,,4.0,,1.0,,4.0,4.0,,1.0,,4.0,,4.25
ropetinworkdemote,2021-08-04,1,0,19,0,44,43,0,3,12138.369626416024,311.0,36203,59,237.0,5.0,3.2,,,,,1.8571428571428572,,,,,1.0,2.0,,1.5,,,,4.0,3.25,,1.0,1.4285714285714286,,,,,1.0,,,,5.0
ropetinworkdemote,2021-08-05,0,3,23,0,61,62,0,34,10454.259832193178,554.0,20292,57,286.0,,,,,,,,,,,,,,,,,,,,,,,,,,,,,,,,
ropetinworkdemote,2021-08-06,1,0,17,0,75,34,0,15,19189.363201763488,337.0,19028,58,252.0,,,,,,,,,,,,,,,,,,,,,,,,,,,,,,,,
ropetinworkdemote,2021-08-07,0,0,29,0,57,49,0,23,20984.60272943252,345.0,14368,77,233.0,,,,,,,,,,,,,,,,,,,,,,,,,,,,,,,,
ropetinworkdemote,2021-08-08,4,0,22,0,70,73,0,26,16372.105917772553,220.0,32672,84,166.0,,,,,,,,,,,,,,,,,,,,,,,,,,,,,,,,
ropetinworkdemote,2021-08-09,6,0,25,0,69,47,0,23,14947.835160141683,449.0,22353,58,76.0,5.0,4.375,,,4.2,2.5,,,,4.5,,,1.0,,1.0,,,,,,1.0,1.0,,,,,1.75,1.75,,,,4.333333333333333
ropetinworkdemote,2021-08-10,0,0,0,0,57,11,0,4,12501.499385269388,385.0,14987,36,114.0,5.0,2.5833333333333335,5.0,,,,,1.5,,4.2,,1.0,,,1.0,1.0,,,4.25,,,,,,2.8,,1.0,,,4.0,,
ropetinworkdemote,2021-08-11,0,0,22,0,70,33,0,10,14368.310799979208,351.0,29117,76,147.0,,3.5714285714285716,3.0,,4.0,,1.75,,1.0,,,,,4.0,,,2.8,,,,,,,1.0,,,1.75,,,4.166666666666667,4.2,
ropetinworkdemote,2021-08-12,11,0,13,0,71,64,0,29,13724.278379280964,397.0,21982,66,164.0,4.0,4.384615384615385,,,,,1.0,,,,,,,2.8,2.5,1.75,,,,,1.0,,3.0,1.0,,,1.6,2.0,,,4.0,
ropetinworkdemote,2021-08-13,0,1,3,0,51,47,0,36,18447.882414777803,453.0,19768,57,191.0,5.0,4.888888888888889,,,,,,,1.5,,,,1.0,4.0,,,2.8,1.0,,5.0,,,1.0,,3.3333333333333335,,,,4.0,,1.0,
ropetinworkdemote,2021-08-14,0,0,0,0,59,22,0,2,8399.347149503737,519.0,20340,49,187.0,5.0,1.6666666666666667,,2.5,,2.5,,,,,,,1.0,3.25,,2.0,,,4.0,,,,,,1.8571428571428572,4.0,,,5.0,,,4.5
ropetinworkdemote,2021-08-15,15,0,16,0,63,59,0,23,12905.584146708894,332.0,18059,65,163.0,5.0,3.375,4.5,,,4.2,,,,4.5,,,1.0,4.25,,,2.7142857142857144,2.5,4.0,,3.25,,,,,,,,,,,3.3333333333333335
ropetinworkdemote,2021-08-16,28,0,6,0,78,89,0,12,9114.06012746044,484.0,29468,97,215.0,5.0,3.1818181818181817,,3.0,,,1.0,,1.0,,2.0,,,3.25,,,4.0,,,4.0,,,,1.0,,,,1.0,,,4.2,
ropetinworkdemote,2021-08-17,0,0,0,0,63,19,0,10,9694.452201062068,321.0,24991,42,219.0,5.0,3.0,,2.5,,,,,,4.333333333333333,,,,2.5,,,3.25,,,1.0,1.0,,1.0,,,,1.0,1.75,,,4.0,
ropetinworkdemote,2021-08-18,0,0,14,0,72,66,0,10,10462.696287420446,375.0,32769,66,156.0,,3.3333333333333335,,1.6,4.2,,1.0,,1.5,,4.2,,,,,,,,,,1.0,,,,,,2.5,1.0,,2.0,2.5,
ropetinworkdemote,2021-08-19,0,0,18,0,53,48,0,6,11483.732776010738,295.0,36168,69,147.0,5.0,3.8333333333333335,,2.8,,,,,1.0,,4.25,1.0,,,,1.0,,3.25,4.0,,1.0,,,,,,,1.0,,1.0,,
ropetinworkdemote,2021-08-20,0,0,10,0,82,57,0,32,10691.515088984845,495.0,31927,71,151.0,,,,,,,,,,,,,,,,,,,,,,,,,,,,,,,,
ropetinworkdemote,2021-08-21,0,0,0,0,83,40,0,8,8531.508191764828,263.0,30303,67,150.0,,,,,,,,,,,,,,,,,,,,,,,,,,,,,,,,
ropetinworkdemote,2021-08-22,3,0,29,0,87,67,0,23,13670.85575031878,500.0,21748,63,257.0,,,,,,,,,,,,,,,,,,,,,,,,,,,,,,,,
ropetinworkdemote,2021-08-23,2,0,0,0,48,39,0,5,6877.502316892467,412.0,26878,45,263.0,,,,,,,,,,,,,,,,,,,,,,,,,,,,,,,,
ropetinworkdemote,2021-08-24,0,0,19,0,70,60,0,9,12352.97344740315,295.0,28842,70,188.0,5.0,3.6666666666666665,4.666666666666667,3.4,,,2.5,3.4,,4.25,3.6666666666666665,,2.5,,,,,,4.0,4.0,,,,,,,,,,,4.25,
ropetinworkdemote,2021-08-25,1,1,6,0,51,37,0,10,12079.41102194334,434.0,20069,39,196.0,5.0,3.6923076923076925,,4.0,4.4,3.4,,1.5,,,,,1.0,4.333333333333333,,3.75,,2.4,,,,,,1.0,,,,,4.0,,,
ropetinworkdemote,2021-08-26,26,0,8,0,43,67,0,24,10364.577951743937,376.0,35992,51,243.0,5.0,3.3333333333333335,,,4.0,4.0,1.0,,,,,1.0,1.0,,,,,2.0,,4.0,,2.0,1.5,,,,,,,5.0,,
ropetinworkdemote,2021-08-27,4,0,0,0,63,24,0,14,9706.65838605183,474.0,25034,55,310.0,5.0,3.8333333333333335,,4.0,4.0,,,,1.0,4.2,,,1.0,3.25,,,,,,,,1.0,,1.0,,3.25,,,,,,4.4
ropetinworkdemote,2021-08-28,3,0,12,0,71,27,0,6,10161.444003634562,367.0,30592,51,293.0,5.0,3.3333333333333335,4.666666666666667,,4.428571428571429,,,1.0,1.0,,,1.75,1.5,,,,,,,4.0,,1.0,,,,4.0,,,4.0,,,
ropetinworkdemote,2021-08-29,1,0,21,0,62,33,0,22,12446.277094867848,304.0,30393,42,239.0,5.0,4.545454545454546,,4.0,,,2.5,,2.0,,,2.0,,,,,,,4.75,,,,,,3.75,,4.285714285714286,3.3333333333333335,,,3.4,4.333333333333333
ropetinworkdemote,2021-08-30,0,0,0,0,58,27,0,17,7911.569387925072,279.0,28442,35,182.0,3.75,3.6666666666666665,,,,2.8,1.5,2.2,,4.0,,,,1.75,2.0,,,,4.25,2.5,,,,,,3.0,4.0,,,,,
ropetinworkdemote,2021-08-31,2,0,25,0,52,27,0,14,11426.151302650576,348.0,24737,65,224.0,5.0,4.454545454545454,,,,,1.6,,1.0,,,,1.75,4.333333333333333,1.0,1.0,,1.0,,,4.0,,,,4.2,,,,4.0,,,
ropetinworkdemote,2021-09-01,5,0,6,0,34,42,0,14,14166.150907177944,468.0,27003,66,247.0,5.0,3.3333333333333335,4.666666666666667,3.25,,,,4.25,,,4.0,2.2,,,,,,,4.0,,4.0,,,,,,,1.75,,3.1666666666666665,,4.2
ropetinworkdemote,2021-09-02,0,0,9,0,36,18,0,7,12152.34871007627,485.0,21865,45,245.0,5.0,4.25,,,,,1.0,,1.0,,,1.0,1.0,,1.75,4.0,3.5,,4.0,,,1.0,,,2.5,,,,,,,
ropetinworkdemote,2021-09-03,2,0,9,0,63,46,0,13,15370.698623346068,561.0,18040,62,233.0,,,,,,,,,,,,,,,,,,,,,,,,,,,,,,,,
ropetinworkdemote,2021-09-04,1,0,7,0,67,31,0,10,8922.343204551853,394.0,33682,59,153.0,,,,,,,,,,,,,,,,,,,,,,,,,,,,,,,,
ropetinworkdemote,2021-09-05,7,0,27,0,74,46,0,14,14609.141491791688,392.0,19455,50,159.0,,,,,,,,,,,,,,,,,,,,,,,,,,,,,,,,
ropetinworkdemote,2021-09-06,1,0,0,0,115,22,0,13,8341.085460096969,349.0,23859,49,147.0,,,,,,,,,,,,,,,,,,,,,,,,,,,,,,,,
ropetinworkdemote,2021-09-07,0,0,0,0,38,16,0,0,8486.379122787972,365.0,25194,45,183.0,5.0,3.25,,4.2,4.428571428571429,4.0,4.0,2.0,,,4.25,1.0,,,,,,,4.0,,,,,,,4.0,,,4.0,,,
ropetinworkdemote,2021-09-08,6,0,7,0,40,49,0,15,696.2037124005169,492.0,18920,61,224.0,5.0,4.285714285714286,,3.4,,,,,,,4.333333333333333,,1.0,,,2.5,,,,5.0,,,1.75,,4.25,4.0,,,,3.25,,4.25
ropetinworkdemote,2021-09-09,1,0,3,0,33,26,0,4,5229.154574401091,41.0,29543,34,195.0,5.0,3.5,,,4.166666666666667,3.0,1.0,4.0,1.0,,,1.0,1.0,,,1.75,,,,,1.0,,,,,,,,,3.4,,
ropetinworkdemote,2021-09-10,5,0,5,0,41,27,0,14,11582.805520564712,446.0,30578,41,177.0,5.0,4.0,,,4.0,,1.0,2.0,1.0,4.2,,,1.0,3.25,1.0,,,,,5.0,,,,,,,,,,2.8,,
ropetinworkdemote,2021-09-11,0,0,0,0,22,8,0,0,6277.334225564069,366.0,46576,22,195.0,5.0,3.0,,3.4,,2.5,,,,,4.166666666666667,,,4.0,,2.2,,2.5,,,1.0,,,3.4,,4.5,,,,,,
ropetinworkdemote,2021-09-12,5,0,22,0,62,43,0,22,11421.82328572225,340.0,23542,36,284.0,4.5,4.5,,4.0,4.0,4.0,1.0,1.0,,,4.333333333333333,,1.0,,,4.0,,,,,3.0,,,,,,,,,,3.5714285714285716,
ropetinworkdemote,2021-09-13,0,0,2,0,56,21,0,9,10103.519075539016,498.0,27680,75,278.0,5.0,3.4,,4.0,4.2,4.0,,,,,,1.0,1.6,,,2.8,,,,,1.0,,,,,4.0,,,,,3.142857142857143,4.0
ropetinworkdemote,2021-09-14,1,0,9,0,50,20,0,5,9870.161361756993,497.0,30548,62,261.0,5.0,3.6666666666666665,,,,4.0,2.8,1.0,,,4.333333333333333,,,,,,,,,,,,1.0,2.0,4.2,,3.0,1.0,,,,4.0
ropetinworkdemote,2021-09-15,8,0,0,0,531,32,0,40,14614.492125705665,157.0,19036,58,272.0,,4.454545454545454,4.833333333333333,4.0,4.0,,,4.0,,,4.5,,,4.25,,,,2.2,,,,2.8,,,4.75,,,,,4.0,,
ropetinworkdemote,2021-09-16,0,0,0,0,1385,4,0,0,10318.73313198912,472.0,18911,43,207.0,5.0,4.375,,,,,,,1.0,,4.0,1.0,,,2.0,1.0,3.25,4.166666666666667,,1.0,,,,2.0,,,,,,,3.25,
ropetinworkdemote,2021-09-17,0,0,10,0,289,43,0,28,15245.93631759431,463.0,27321,79,168.0,,,,,,,,,,,,,,,,,,,,,,,,,,,,,,,,
ropetinworkdemote,2021-09-18,0,0,0,0,40,13,0,2,7237.555653401794,555.0,28722,54,197.0,,,,,,,,,,,,,,,,,,,,,,,,,,,,,,,,
ropetinworkdemote,2021-09-19,2,0,10,0,53,43,0,8,14004.588190863686,292.0,22168,76,249.0,,,,,,,,,,,,,,,,,,,,,,,,,,,,,,,,
ropetinworkdemote,2021-09-20,7,0,13,0,66,46,0,16,13175.845593358608,488.0,20675,76,181.0,,,,,,,,,,,,,,,,,,,,,,,,,,,,,,,,
ropetinworkdemote,2021-09-21,0,0,8,0,67,19,0,11,12696.750569276624,397.0,21807,66,171.0,4.5,4.066666666666666,,,,3.25,,,,,4.25,,,4.0,1.5,2.5,,2.0,,4.0,,,,,3.5,,,,5.0,,,4.2
ropetinworkdemote,2021-09-22,1,0,10,0,42,43,0,16,14463.384060417637,303.0,23701,71,207.0,4.5,4.3,4.6,,4.0,3.0,,,,,,1.75,,4.0,,,,2.5,,,4.0,2.5,,,,,,,,4.0,4.0,
ropetinworkdemote,2021-09-23,0,0,3,0,27,23,0,7,11002.582667381976,374.0,24836,50,236.0,5.0,3.111111111111111,4.75,,4.0,,,1.0,,4.0,,1.0,,4.0,,,4.333333333333333,,,,,1.75,3.25,,4.0,,,,,,,
ropetinworkdemote,2021-09-24,6,0,9,0,37,33,0,11,14294.828137766384,380.0,23759,36,305.0,,4.3076923076923075,4.0,4.2,,,1.0,1.75,,4.166666666666667,,,1.0,,,,,,4.0,5.0,,,,,,,3.0,2.5,,,,
ropetinworkdemote,2021-09-25,4,6,11,0,49,48,0,18,14780.451598378724,498.0,18081,64,239.0,5.0,4.4,,,,,,,1.0,,,1.0,1.0,,2.0,,4.5,4.0,,,,2.0,,1.75,4.6,,,,,,,4.5
ropetinworkdemote,2021-09-26,0,0,17,0,603,31,0,6,12892.333059965984,284.0,25601,42,132.0,4.0,4.3076923076923075,4.8,,,3.25,,,,4.4,3.3333333333333335,,1.0,,,,,3.5,,3.5,1.0,,,,,,,2.5,5.0,,,
ropetinworkdemote,2021-09-27,0,0,0,0,879,10,0,1,10288.366182133072,53.0,26040,46,213.0,4.0,3.625,,,4.0,,2.5,,,,,2.0,1.6,,1.0,,,,,3.25,,,1.6,,,4.0,,1.5,4.0,,,
ropetinworkdemote,2021-09-28,0,0,7,0,476,17,0,0,7737.939097893779,419.0,18750,48,212.0,4.75,4.25,,,4.0,,3.4,1.6,1.0,,4.0,,,5.0,,,,2.0,,,,,1.75,1.5,,,,,,4.0,,
ropetinworkdemote,2021-09-29,0,0,14,0,881,59,0,14,12156.692802955764,340.0,26206,81,141.0,5.0,4.25,,,,,,,1.0,,,,1.0,,,,,2.0,,,,,1.0,1.0,4.8,,1.75,,1.0,3.1666666666666665,3.25,
ropetinworkdemote,2021-09-30,0,1,6,0,590,17,0,6,9953.261836637415,445.0,16499,52,186.0,,,,,,,,,,,,,,,,,,,,,,,,,,,,,,,,
ropetinworkdemote,2021-10-01,1,0,4,0,470,46,0,5,12823.347994720478,497.0,19372,73,160.0,,,,,,,,,,,,,,,,,,,,,,,,,,,,,,,,
ropetinworkdemote,2021-10-02,2,0,6,0,1268,19,0,3,10113.25093883178,362.0,22851,51,147.0,,,,,,,,,,,,,,,,,,,,,,,,,,,,,,,,
ropetinworkdemote,2021-10-03,3,0,44,0,844,89,0,38,21847.85860620375,387.0,27734,90,183.0,,,,,,,,,,,,,,,,,,,,,,,,,,,,,,,,
ropetinworkdemote,2021-10-04,0,0,0,0,1352,7,0,3,5579.850480469324,413.0,43448,26,202.0,5.0,4.0,,,,,,1.0,1.0,5.0,4.0,,1.0,,,,,,4.0,1.0,,1.0,1.0,,,,,,,4.0,,
ropetinworkdemote,2021-10-05,0,0,5,0,1014,28,0,2,7959.685624096815,457.0,25122,55,179.0,5.0,3.857142857142857,,4.0,4.5,2.5,,1.0,,,4.0,,1.0,,,1.0,,,,,,,,1.0,,,,1.0,,2.5,,
ropetinworkdemote,2021-10-06,0,0,4,0,1293,22,0,6,9340.370793139118,309.0,23289,47,165.0,5.0,4.181818181818182,,3.5,,3.25,1.0,,,3.4,,,1.75,,,,,,4.0,4.0,,1.0,,,,,4.166666666666667,,,3.25,,
ropetinworkdemote,2021-10-07,0,0,16,0,1166,28,0,14,12615.617884996089,365.0,20500,49,111.0,4.5,4.090909090909091,,2.0,5.0,,,,,,4.333333333333333,,,,1.0,2.5,,,,,,1.0,,1.0,,,4.333333333333333,,5.0,,,4.0
ropetinworkdemote,2021-10-08,0,0,7,0,1252,32,0,5,14366.394815086667,333.0,27810,56,107.0,5.0,4.7272727272727275,,,,,,2.5,,,4.0,,1.0,,2.0,,3.0,,,4.666666666666667,2.5,2.5,1.75,,,,,,,2.75,,
ropetinworkdemote,2021-10-09,0,0,0,0,1118,9,0,2,8867.095220939813,404.0,23133,46,128.0,,,,,,,,,,,,,,,,,,,,,,,,,,,,,,,,
ropetinworkdemote,2021-10-10,0,0,23,0,37,27,0,4,10645.021982353375,596.0,14886,62,126.0,,,,,,,,,,,,,,,,,,,,,,,,,,,,,,,,
ropetinworkdemote,2021-10-11,0,0,6,0,36,19,0,1,8297.366129739577,579.0,13559,39,109.0,,,,,,,,,,,,,,,,,,,,,,,,,,,,,,,,
ropetinworkdemote,2021-10-12,0,0,4,0,441,24,0,4,10678.361804250462,249.0,22543,50,135.0,,,,,,,,,,,,,,,,,,,,,,,,,,,,,,,,
ropetinworkdemote,2021-10-13,4,0,15,0,127,41,0,5,0.0,367.0,16136,54,149.0,,,,,,,,,,,,,,,,,,,,,,,,,,,,,,,,
