id,date,IN_VEHICLE,ON_BIKE,ON_FOOT,RUNNING,STILL,TILTING,WALKING,UNKNOWN,MIMS_SUM_WEAR,SLEEP_MINUTES,SCREEN_ON_SECONDS,UNLOCK_EVENTS_NUM,USAGE_DURATION_MIN,Q1_SAD,Q2_HAPP,Q3_FATIG,Q4_EN,Q5_REL,Q6_TEN,Q7_STRESS,Q8_FRUST,Q9_NERV,Val_12,Val_13,Val_4,Val_5,Val_6,Val_7,Val_8,activity_0,activity_2,alone_0,burden_1,control_1,demands_1,energy_9,excite_14,family_1,fatigue_13,feel_eat_1,feel_exer_1,feel_sit_1,focus_3,friend_1,frust_12,happy_8,hunger_0,int_eat_1,int_exer_3,int_sed_1,nervous_4,pain_0,proc_4,prod_0,relax_10,routine_0,sad_7,sleep_0,stress_2,tense_11,tired_1,trait_10,trait_14,trait_18,trait_19,trait_20,trait_21,trait_22,trait_23,trait_24,trait_25,trait_26,trait_3,trait_4,trait_6,trivia_1,trivia_11,trivia_13,trivia_15,trivia_17,trivia_20,trivia_5,trivia_9
spinstersubatomiccoyness,2020-05-09,0.0,0.0,0.0,0.0,607.0,62.0,0.0,23.0,,,51413.0,78.0,,2.0,4.0,3.0,3.0,4.0,1.0,1.0,2.0,1.0,,,,,,,,,,,,,,,,,,,,,,,,,,,,,,,,,,,,,,,,,,,,,,,,,,,,,,,,,,,,,
spinstersubatomiccoyness,2020-05-10,274.0,4.0,46.0,0.0,788.0,94.0,0.0,109.0,,,8581.0,118.0,155.0,2.0,4.0,4.0,3.0,4.0,2.0,2.0,2.0,2.0,,,,,,,,,,,,,,,,,,,,,,,,,,,,,,,,,,,,,,,,,,,,,,,,,,,,,,,,,,,,,
spinstersubatomiccoyness,2020-05-11,0.0,0.0,1.0,0.0,1291.0,48.0,0.0,13.0,,,6495.0,90.0,40.0,2.0,4.0,2.0,3.0,4.0,2.0,3.0,1.0,1.0,,,,,,,,,,,,,,,,,,,,,,,,,,,,,,,,,,,,,,,,,,,,,,,,,,,,,,,,,,,,,
spinstersubatomiccoyness,2020-05-12,16.0,1.0,38.0,0.0,1096.0,99.0,0.0,37.0,,,7693.0,108.0,118.0,1.0,4.0,1.0,5.0,4.0,2.0,2.0,1.0,2.0,,,,,,,,,,,,,,,,,,,,,,,,,,,,,,,,,,,,,,,,,,,,,,,,,,,,,,,,,,,,,
spinstersubatomiccoyness,2020-05-13,17.0,0.0,84.0,0.0,1114.0,88.0,0.0,27.0,,,6103.0,104.0,123.0,1.0,5.0,1.0,5.0,4.0,1.0,1.0,2.0,1.0,,,,,,,,,,,,,,,,,,,,,,,,,,,,,,,,,,,,,,,,,,,,,,,,,,,,,,,,,,,,,
spinstersubatomiccoyness,2020-05-14,6.0,0.0,8.0,0.0,1194.0,72.0,0.0,21.0,,,7460.0,75.0,61.0,2.0,5.0,2.0,3.0,4.0,1.0,1.0,1.0,2.0,,,,,,,,,,,,,,,,,,,,,,,,,,,,,,,,,,,,,,,,,,,,,,,,,,,,,,,,,,,,,
spinstersubatomiccoyness,2020-05-15,2.0,0.0,49.0,0.0,1110.0,98.0,0.0,40.0,,,10809.0,104.0,124.0,1.0,3.5,1.6666666666666667,2.75,3.8333333333333335,1.0,1.0833333333333333,1.0,1.0833333333333333,,,,,,,,,,,,,,,,,,,,,,,,,,,,,,,,,,,,,,,,,,,,,,,,,,,,,,,,,,,,,
spinstersubatomiccoyness,2020-05-16,94.0,0.0,37.0,0.0,1075.0,77.0,0.0,46.0,,,7125.0,98.0,162.0,1.0,3.9166666666666665,1.5,3.4166666666666665,3.8333333333333335,1.0833333333333333,1.0833333333333333,1.0833333333333333,1.0833333333333333,,,,,,,,,,,,,,,,,,,,,,,,,,,,,,,,,,,,,,,,,,,,,,,,,,,,,,,,,,,,,
spinstersubatomiccoyness,2020-05-17,18.0,0.0,6.0,0.0,1188.0,102.0,0.0,21.0,,,15624.0,104.0,117.0,1.0833333333333333,3.1666666666666665,2.1666666666666665,2.3333333333333335,4.0,1.0833333333333333,1.0,1.0,1.0,,,,,,,,,,,,,,,,,,,,,,,,,,,,,,,,,,,,,,,,,,,,,,,,,,,,,,,,,,,,,
spinstersubatomiccoyness,2020-05-18,15.0,0.0,55.0,0.0,1146.0,109.0,0.0,52.0,,,11323.0,112.0,132.0,1.0769230769230769,3.076923076923077,2.0,2.4615384615384617,3.5384615384615383,1.2307692307692308,1.7692307692307692,1.2307692307692308,1.2307692307692308,,,,,,,,,,,,,,,,,,,,,,,,,,,,,,,,,,,,,,,,,,,,,,,,,,,,,,,,,,,,,
spinstersubatomiccoyness,2020-05-19,6.0,0.0,1.0,0.0,1225.0,79.0,0.0,29.0,,,15754.0,82.0,133.0,2.0,3.0,4.0,2.0,4.0,1.0,2.0,1.0,1.0,,,,,,,,,,,,,,,,,,,,,,,,,,,,,,,,,,,,,,,,,,,,,,,,,,,,,,,,,,,,,
spinstersubatomiccoyness,2020-05-20,0.0,0.0,84.0,0.0,1215.0,56.0,0.0,16.0,,,9295.0,68.0,156.0,1.0,4.0,2.0,4.0,4.0,1.0,1.0,1.0,1.0,,,,,,,,,,,,,,,,,,,,,,,,,,,,,,,,,,,,,,,,,,,,,,,,,,,,,,,,,,,,,
spinstersubatomiccoyness,2020-05-21,0.0,0.0,0.0,0.0,1317.0,42.0,0.0,6.0,,,5596.0,52.0,144.0,1.0,4.0,1.0,4.0,4.0,1.0,1.0,1.0,1.0,,,,,,,,,,,,,,,,,,,,,,,,,,,,,,,,,,,,,,,,,,,,,,,,,,,,,,,,,,,,,
spinstersubatomiccoyness,2020-05-22,2.0,0.0,0.0,0.0,1278.0,62.0,0.0,15.0,,,9743.0,100.0,100.0,1.0,3.0,2.0,3.0,4.0,2.0,1.0,1.0,1.0,,,,,,,,,,,,,,,,,,,,,,,,,,,,,,,,,,,,,,,,,,,,,,,,,,,,,,,,,,,,,
spinstersubatomiccoyness,2020-05-23,19.0,0.0,31.0,0.0,1199.0,56.0,0.0,29.0,,,4953.0,60.0,73.0,1.0,4.0,1.0,3.0,4.0,1.0,2.0,3.0,1.0,,,,,,,,,,,,,,,,,,,,,,,,,,,,,,,,,,,,,,,,,,,,,,,,,,,,,,,,,,,,,
spinstersubatomiccoyness,2020-05-24,13.0,0.0,23.0,0.0,1142.0,86.0,0.0,29.0,5998.908412496633,74.0,7373.0,92.0,45.0,,,,,,,,,,,,,,,,,,,,,,,,,,1.0,,,5.0,,,,,,,,,,1.0,1.0,5.0,,,,,,,4.0,,,,,,,,,,,,,,,1.0,,,,,,,
spinstersubatomiccoyness,2020-05-25,0.0,0.0,1.0,0.0,1283.0,42.0,0.0,9.0,11394.14239339573,684.0,7535.0,46.0,63.0,2.0,4.0,2.0,4.0,3.0,2.0,2.0,3.0,1.0,,,,,,,,,,,,,2.5,4.0,,,1.0,5.0,,3.0,4.333333333333333,,,5.0,,,,4.0,,1.0,1.0,4.666666666666667,,,,,,1.8,2.6666666666666665,,,,,,,,,,,,,,,,,,,,,1.0,
spinstersubatomiccoyness,2020-05-26,13.0,0.0,50.0,0.0,1109.0,72.0,0.0,60.0,14297.433824100695,477.0,6139.0,88.0,60.0,1.0,5.0,1.0,5.0,3.0,2.0,2.0,3.0,1.0,,,,,,,,,,,,5.0,5.0,5.0,,,,5.0,,3.8333333333333335,,,,4.75,,,,3.0,1.0,1.0,,5.0,,5.0,,,2.0,1.0,4.0,,,,,,,,,,,,,,,,1.0,,,,,,5.0
spinstersubatomiccoyness,2020-05-27,0.0,0.0,69.0,0.0,1197.0,57.0,0.0,22.0,9914.33686823115,489.0,6162.0,80.0,55.0,1.0,4.0,1.0,4.0,3.0,1.0,2.0,1.0,2.0,,,,,,,,,,5.0,,5.0,,4.5,4.5,,,,,1.0,5.0,,,4.0,,,,,2.0,1.0,1.0,5.0,4.5,5.0,,,2.3333333333333335,,2.3333333333333335,,,,,,,,,,,,,,,,,1.0,5.0,,,,
spinstersubatomiccoyness,2020-05-28,1.0,0.0,38.0,0.0,1209.0,101.0,0.0,22.0,17015.97613946582,438.0,8569.0,137.0,24.0,1.0,4.0,1.0,3.5,4.0,1.0,1.25,1.0833333333333333,1.5,,,,,,,,,,1.0,,,,5.0,1.0,,,5.0,,,5.0,,,,,,,,,1.0,1.0,5.0,4.666666666666667,,,,,,1.0,,,,,,,,,,,,,,,,,,,5.0,5.0,,
spinstersubatomiccoyness,2020-05-29,544.0,0.0,1.0,0.0,576.0,121.0,0.0,85.0,10821.973792347168,340.0,9914.0,136.0,36.0,1.0,3.5625,2.3125,2.625,3.8125,1.25,1.5,1.0,1.4375,,,,,,,,,,,,,,,,,,,,,,,,,,,,,,,,,,,,,,,,,,,,,,,,,,,,,,,,,,,,,
spinstersubatomiccoyness,2020-05-30,71.0,2.0,61.0,0.0,1008.0,102.0,0.0,124.0,13582.661123068716,415.0,5888.0,68.0,38.0,1.0,3.8333333333333335,2.0,3.1666666666666665,4.25,1.0,1.0,1.0,1.0833333333333333,,,,,,,,,,,,,,,,,,,,,,,,,,,,,,,,,,,,,,,,,,,,,,,,,,,,,,,,,,,,,
spinstersubatomiccoyness,2020-05-31,6.0,1.0,0.0,0.0,1162.0,115.0,0.0,40.0,13237.776602222308,553.0,7695.0,112.0,30.0,1.0,3.5,1.5,3.0833333333333335,3.5,1.4166666666666667,1.1666666666666667,1.6666666666666667,1.0833333333333333,,,,,,,,,,,,,,,,,,,,,,,,,,,,,,,,,,,,,,,,,,,,,,,,,,,,,,,,,,,,,
spinstersubatomiccoyness,2020-06-01,30.0,2.0,38.0,0.0,1096.0,70.0,0.0,85.0,11869.570886324802,475.0,3902.0,36.0,62.0,1.0,5.0,1.0,4.0,5.0,1.0,1.0,2.0,1.0,,,,,,,,,,,,5.0,,,,,1.0,,5.0,3.0,,,1.0,,3.0,,,,,1.0,,4.5,,,,5.0,,3.0,,,,,,,,5.0,5.0,1.0,5.0,,,,,,,,,,,,
spinstersubatomiccoyness,2020-06-02,49.0,0.0,0.0,0.0,1265.0,72.0,0.0,16.0,10892.930527877885,447.0,4260.0,52.0,56.0,1.0,4.0,2.0,3.0,5.0,2.0,1.0,2.0,1.0,,,,,,,,,,1.0,,5.0,,,,,2.5,5.0,,4.0,5.0,,1.0,,1.0,,5.0,4.75,,1.0,,5.0,4.5,,1.0,,,1.0,,,,,,5.0,,,,,,1.0,,5.0,,1.0,,,,,,,
spinstersubatomiccoyness,2020-06-03,42.0,2.0,29.0,0.0,1137.0,70.0,0.0,58.0,11873.063712616204,444.0,4485.0,52.0,31.0,1.0,4.0,1.0,4.0,4.0,1.0,2.0,1.0,1.0,,,,,,,,,,1.0,,,,4.5,,,,5.0,,,4.5,,2.2,,1.0,,5.0,,,,,5.0,4.5,,1.0,5.0,,,1.0,,,,1.0,,,,,,,,,,,,,,,,,,
spinstersubatomiccoyness,2020-06-04,22.0,1.0,4.0,0.0,1276.0,47.0,0.0,21.0,12671.520131080615,412.0,5570.0,44.0,57.0,1.0,5.0,1.0,5.0,4.0,1.0,2.0,1.0,1.0,,,,,,1.0,,,,,,,,4.0,,,1.0,4.5,,3.8333333333333335,4.666666666666667,,1.4285714285714286,,,,5.0,,,1.0,2.0,5.0,,,1.0,4.0,1.75,,2.5,5.0,,,,,,5.0,,1.0,,,,,,,,,,,,,
spinstersubatomiccoyness,2020-06-05,115.0,0.0,54.0,0.0,1084.0,39.0,0.0,77.0,13105.877507345807,405.0,3623.0,32.0,83.0,,,,,,,,,,1.0,1.0,,,,,,,,1.0,,,,4.25,,,2.5,5.0,3.6666666666666665,5.0,5.0,,1.0,,,,5.0,,,1.0,1.0,,,,,5.0,1.0,1.0,2.5,,,,,,,,,,,,,,,,,,,,,,
spinstersubatomiccoyness,2020-06-06,84.0,0.0,10.0,0.0,1007.0,85.0,0.0,44.0,10999.517041575558,586.0,5088.0,82.0,53.0,1.0,4.0,3.0,4.0,5.0,1.0,1.0,2.0,2.0,,,,,,,,,,1.0,,4.666666666666667,,4.5,,,2.0,5.0,3.8,,,,2.5,,,,5.0,,,1.0,1.0,,5.0,2.0,,,,3.0,2.6666666666666665,,,,,,,,,,,,,,,,,,,,,,
spinstersubatomiccoyness,2020-06-07,70.0,1.0,54.0,0.0,1148.0,66.0,0.0,33.0,14407.938322437109,535.0,4753.0,46.0,28.0,1.0,5.0,2.0,4.0,5.0,1.0,2.0,1.0,1.0,,,,,5.0,,,,,1.0,,4.5,2.6,,4.0,,,,1.0,4.666666666666667,,,1.75,,,,,,,1.0,1.0,5.0,5.0,4.666666666666667,1.0,5.0,,1.0,2.2,,,,,,,,,1.0,,,,,,1.0,,,,,,,
spinstersubatomiccoyness,2020-06-08,34.0,0.0,5.0,0.0,1219.0,58.0,0.0,16.0,13288.384691471205,459.0,6439.0,60.0,48.0,1.0,4.0,1.0,4.0,5.0,1.0,2.0,1.0,1.0,,,,,,,5.0,,,,,5.0,3.0,5.0,3.6666666666666665,,,5.0,,4.0,5.0,,1.0,,,,,,,,2.0,4.5,,2.3333333333333335,,4.0,2.0,1.0,2.5,,5.0,,,,,,,,,,,,,,,,,,,5.0,
spinstersubatomiccoyness,2020-06-09,589.0,1.0,3.0,0.0,524.0,61.0,0.0,69.0,8629.351537132585,413.0,6746.0,58.0,35.0,,,,,,,,,,,,,,,,,,,1.0,,5.0,,4.0,3.6666666666666665,,,5.0,,,4.833333333333333,,,4.5,3.3333333333333335,,1.0,,3.0,1.0,2.5,,,,,,1.0,2.0,4.5,,,,,,,,,,,,,,,1.0,,,,,,,
spinstersubatomiccoyness,2020-06-10,3.0,0.0,3.0,0.0,405.0,49.0,0.0,15.0,8885.952527540026,548.0,8027.0,87.0,40.0,1.0,4.0,1.0,4.0,5.0,1.0,2.0,1.0,1.0,,,,,,,,,,,,,,5.0,,,1.0,5.0,,,,,,4.8,,,1.0,4.25,1.0,1.0,1.0,,,5.0,,5.0,,,5.0,,,,,,,,,,,,,,,,,,,,,,
spinstersubatomiccoyness,2020-06-11,0.0,0.0,18.0,0.0,378.0,56.0,0.0,10.0,10970.583836907976,590.0,10520.0,86.0,52.0,2.0,3.0,3.0,3.0,3.0,2.0,4.0,2.0,3.0,,,,,,,,,,,,,,4.333333333333333,,,1.0,5.0,,4.666666666666667,,,1.0,5.0,,,5.0,,1.0,1.0,1.0,,,5.0,,5.0,4.0,,,,,,,,1.0,,,,5.0,,5.0,,5.0,,,,,,,,
spinstersubatomiccoyness,2020-06-12,30.0,0.0,0.0,0.0,338.0,44.0,0.0,20.0,10992.401189588089,428.0,8734.0,76.0,56.0,1.0,4.0,2.0,3.0,3.0,2.0,4.0,2.0,2.0,,,1.0,,,,,,,,,,2.3333333333333335,4.75,,,4.333333333333333,5.0,,3.0,,,1.0,,2.0,,,3.0,1.0,1.0,1.0,,,4.0,1.0,5.0,4.0,1.0,,,,1.0,,,,,,1.0,,,,,,,,,,,,,
spinstersubatomiccoyness,2020-06-13,4.0,0.0,5.0,0.0,342.0,48.0,0.0,8.0,10701.277073854895,448.0,6761.0,96.0,40.0,1.0,3.0,3.0,3.0,4.0,3.0,3.0,1.0,2.0,,,,1.0,,,,,,,,5.0,1.0,4.0,4.0,,,5.0,,4.5,5.0,,,,4.2,,,1.0,,,1.0,5.0,4.666666666666667,4.5,,5.0,,2.5,,,,,,,,,,,,,,,,,,,,,5.0,,
spinstersubatomiccoyness,2020-06-14,0.0,0.0,10.0,0.0,322.0,62.0,0.0,6.0,12710.509451388378,442.0,15840.0,110.0,33.0,1.0,3.923076923076923,1.2307692307692308,3.4615384615384617,4.153846153846154,1.0769230769230769,1.5384615384615385,1.1538461538461537,1.0,,,,,,,,,,,,5.0,2.0,,4.666666666666667,,,,,3.3333333333333335,5.0,,,,1.0,,,,,,,,5.0,,,,,1.0,,,5.0,,,,,,,,,,,,,,,,,,,,
spinstersubatomiccoyness,2020-06-15,12.0,2.0,8.0,0.0,748.0,55.0,0.0,19.0,7334.185613902666,522.0,8982.0,60.0,234.0,1.0,3.25,1.8333333333333333,2.8333333333333335,4.083333333333333,1.25,2.1666666666666665,1.25,1.0,,,,,,,,,,,,,,,,,,,,,,,,,,,,,,,,,,,,,,,,,,,,,,,,,,,,,,,,,,,,,
spinstersubatomiccoyness,2020-06-16,10.0,1.0,28.0,0.0,1164.0,88.0,0.0,26.0,11242.563405318888,530.0,11573.0,90.0,255.0,1.0,3.5833333333333335,1.3333333333333333,3.5,4.25,1.0833333333333333,1.6666666666666667,1.1666666666666667,1.0833333333333333,,,,,,,,,,,,,,,,,,,,,,,,,,,,,,,,,,,,,,,,,,,,,,,,,,,,,,,,,,,,,
spinstersubatomiccoyness,2020-06-17,0.0,1.0,18.0,0.0,1210.0,92.0,0.0,30.0,10265.690531644228,586.0,12345.0,102.0,129.0,1.0,3.6363636363636362,1.0,3.5454545454545454,4.2727272727272725,1.1818181818181819,1.7272727272727273,1.1818181818181819,1.0,,,,,,,,,,,,,,,,,,,,,,,,,,,,,,,,,,,,,,,,,,,,,,,,,,,,,,,,,,,,,
spinstersubatomiccoyness,2020-06-18,0.0,0.0,17.0,0.0,1225.0,90.0,0.0,24.0,10812.559180342138,351.0,9728.0,110.0,121.0,1.0,4.0,1.0,4.0,5.0,1.0,2.0,1.0,1.0,,,,,,,,,,2.3333333333333335,4.5,,,5.0,4.0,,,5.0,,4.0,,,,,2.5,,,,,,1.0,5.0,,,,,1.0,,,,,,,,,,,,,,,,,,,,,,,,
spinstersubatomiccoyness,2020-06-19,0.0,0.0,50.0,0.0,1212.0,37.0,0.0,26.0,12321.310805599536,721.0,6123.0,72.0,143.0,1.0,5.0,1.0,4.0,5.0,1.0,2.0,1.0,1.0,,,,,,,,,,5.0,4.0,,1.0,4.0,5.0,,,5.0,,,5.0,,,,3.0,,5.0,4.5,,,,5.0,5.0,5.0,,5.0,4.0,,1.0,,,,,,,,,,,,,,,,,,,,,,
spinstersubatomiccoyness,2020-06-20,58.0,0.0,20.0,0.0,1121.0,76.0,0.0,58.0,13592.5273022214,354.0,6476.0,66.0,93.0,1.0,4.0,2.0,4.0,4.0,2.0,2.0,2.0,1.0,,,,,,,,,,3.0,,,1.0,3.3333333333333335,3.25,,4.0,5.0,4.0,,,,,,4.5,5.0,,5.0,1.0,1.0,1.0,,,,,,,,4.0,,,,,,,,,,,,,,,,,,,,,,
spinstersubatomiccoyness,2020-06-21,0.0,0.0,4.0,0.0,707.0,64.0,0.0,4.0,9735.164416804308,397.0,12963.0,130.0,95.0,1.0,4.0,1.0,4.0,5.0,1.0,2.0,2.0,1.0,,,,,,,,,,5.0,,5.0,1.6666666666666667,4.0,,,1.0,5.0,4.5,,5.0,,,,2.0,5.0,,,1.0,1.0,1.75,,5.0,5.0,,,,1.0,1.0,,,,,,,,,,,,,,,,,,,,,,
spinstersubatomiccoyness,2020-06-22,6.0,0.0,2.0,0.0,327.0,56.0,0.0,8.0,11570.900821091813,449.0,10388.0,90.0,136.0,1.0,3.0,1.0,3.0,4.0,2.0,3.0,2.0,1.0,,,,,,,,,,,4.5,5.0,2.0,,,,,5.0,4.0,,,,,5.0,3.0,5.0,,,,,,,,5.0,1.0,,,,1.75,,,,,,,,,,,,,,,,,,,,,,
spinstersubatomiccoyness,2020-06-23,8.0,0.0,9.0,0.0,321.0,52.0,0.0,19.0,12796.937548295564,514.0,6156.0,84.0,157.0,1.0,4.0,2.0,3.0,4.0,1.0,2.0,3.0,1.0,,,,,,,,,,3.6666666666666665,,5.0,1.0,,,,,5.0,4.0,4.666666666666667,5.0,,1.0,4.25,3.0,5.0,,,,1.0,,5.0,,,1.0,,1.0,,2.5,,,,,,,,,,,,,,,,,,,,,,
spinstersubatomiccoyness,2020-06-24,7.0,0.0,4.0,0.0,297.0,79.0,0.0,14.0,11403.886858918237,331.0,15682.0,114.0,174.0,1.0,4.0,2.0,4.0,4.0,2.0,2.0,2.0,1.0,,,,,,,,,,2.0,,5.0,,4.5,,,,,4.5,4.0,5.0,,1.0,5.0,1.0,,,,1.0,1.0,1.0,5.0,,,,5.0,1.0,,,,,,,,,,,,,,,,,,,,,,,,
spinstersubatomiccoyness,2020-06-25,4.0,1.0,10.0,0.0,308.0,58.0,0.0,11.0,10421.299797935462,443.0,12897.0,103.0,229.0,1.0769230769230769,3.3076923076923075,2.0,3.0,4.461538461538462,1.1538461538461537,1.6153846153846154,1.0769230769230769,1.0769230769230769,,,,,,,,,,1.0,,5.0,,5.0,,,,,1.0,,4.5,,,,,,,,1.0,1.0,1.0,,,,,,,,,,,,,,,,,,,,,,,,,,,,,,
spinstersubatomiccoyness,2020-06-26,1.0,1.0,5.0,0.0,301.0,76.0,0.0,7.0,15568.606013493474,434.0,20733.0,130.0,306.0,1.0,4.181818181818182,1.3636363636363635,3.8181818181818183,4.818181818181818,1.0,1.0909090909090908,1.1818181818181819,1.0,,,,,,,,,,,,,,,,,,,,,,,,,,,,,,,,,,,,,,,,,,,,,,,,,,,,,,,,,,,,,
spinstersubatomiccoyness,2020-06-27,4.0,0.0,17.0,0.0,311.0,55.0,0.0,12.0,15401.7487457585,531.0,9157.0,112.0,250.0,1.0909090909090908,3.5454545454545454,1.2727272727272727,3.5454545454545454,4.363636363636363,1.2727272727272727,1.2727272727272727,1.4545454545454546,1.0,,,,,,,,,,,,,,,,,,,,,,,,,,,,,,,,,,,,,,,,,,,,,,,,,,,,,,,,,,,,,
spinstersubatomiccoyness,2020-06-28,3.0,0.0,4.0,0.0,297.0,86.0,0.0,14.0,10906.683456514334,268.0,19101.0,144.0,129.0,1.0714285714285714,3.2142857142857144,1.6428571428571428,2.9285714285714284,4.357142857142857,1.1428571428571428,1.3571428571428572,1.2142857142857142,1.0714285714285714,,,,,,,,,,,,,,,,,,,,,,,,,,,,,,,,,,,,,,,,,,,,,,,,,,,,,,,,,,,,,
spinstersubatomiccoyness,2020-06-29,11.0,1.0,3.0,0.0,315.0,70.0,0.0,10.0,11659.599831658852,467.0,9761.0,134.0,174.0,3.0,3.0,1.0,3.0,4.0,2.0,3.0,1.0,3.0,,,,,,,,,,3.0,,,,,,,,5.0,,,5.0,,,5.0,,,5.0,,,1.0,2.5,,,,2.4,,4.0,,2.0,,,,,,,,,,,,,,,,,,,,,,
spinstersubatomiccoyness,2020-06-30,2.0,0.0,20.0,0.0,294.0,62.0,0.0,13.0,12870.279372960344,496.0,7700.0,120.0,127.0,3.0,3.0,1.0,3.0,4.0,2.0,3.0,2.0,3.0,,,,,,,,,,3.0,,,1.0,,3.0,,,1.0,,,5.0,,,4.5,,,5.0,5.0,,1.0,1.0,,5.0,5.0,2.5,5.0,3.0,,2.0,,,,,,,,,,,,,,,,,,,,,,
spinstersubatomiccoyness,2020-07-01,0.0,0.0,5.0,0.0,273.0,66.0,0.0,9.0,9631.547887370616,376.0,13782.0,102.0,139.0,2.0,3.0,1.0,3.0,4.0,3.0,2.0,2.0,1.0,,,,,,,,,,3.0,,,1.0,,4.142857142857143,,1.0,5.0,,5.0,5.0,,,,,,5.0,5.0,,,2.5,,5.0,5.0,,,1.0,,1.0,,,,,,,,,,,,,,,,,,,,,,
spinstersubatomiccoyness,2020-07-02,6.0,1.0,14.0,0.0,270.0,60.0,0.0,9.0,13196.537891147014,578.0,10758.0,100.0,132.0,3.0,3.0,2.0,4.0,4.0,2.0,2.0,2.0,1.0,,,,,,,,,,2.7142857142857144,,5.0,,,4.0,,2.4,5.0,3.5,2.5,5.0,,,,,,5.0,,,1.0,2.5,,4.666666666666667,,4.0,5.0,1.0,,2.0,,,,,,,,,,,,,,,,,,,,,,
spinstersubatomiccoyness,2020-07-03,8.0,3.0,4.0,0.0,272.0,74.0,0.0,8.0,12776.878070703597,521.0,11698.0,112.0,92.0,1.0,4.0,1.0,4.0,5.0,1.0,2.0,1.0,1.0,,,,,,,,,,5.0,,5.0,,,,,2.5,,3.0,3.3333333333333335,5.0,,,4.833333333333333,,,5.0,,,1.0,1.0,,5.0,,1.0,,2.0,,1.0,,,,,,,,,,,,,,,,,,,,,,
spinstersubatomiccoyness,2020-07-04,0.0,0.0,16.0,0.0,271.0,61.0,0.0,13.0,16012.56606965558,520.0,16338.0,96.0,155.0,1.0,5.0,2.0,5.0,5.0,1.0,1.0,1.0,1.0,,,,,,,,,,2.0,,5.0,,,5.0,,1.75,,1.0,2.0,5.0,,,4.5,3.0,5.0,,,1.0,1.0,1.0,,,,1.0,,1.0,,4.0,,,,,,,,,,,,,,,,,,,,,,
spinstersubatomiccoyness,2020-07-05,4.0,0.0,2.0,0.0,278.0,69.0,0.0,15.0,7686.01583579134,517.0,11543.0,102.0,155.0,2.0,5.0,2.0,4.0,5.0,1.0,1.0,1.0,1.0,,,,,,,,,,1.0,,5.0,1.5,,5.0,,4.0,,3.0,2.5,4.5,,,5.0,2.0,4.0,3.6666666666666665,4.666666666666667,1.0,1.0,,,5.0,5.0,,,,1.0,,,,,,,,,,,,,,,,,,,,,,,
spinstersubatomiccoyness,2020-07-06,0.0,0.0,3.0,0.0,275.0,61.0,0.0,15.0,11193.295879335885,434.0,22003.0,102.0,156.0,1.0,4.0,1.0,4.0,5.0,1.0,1.0,1.0,1.0,,,,,,,,,,,1.0,5.0,1.0,4.5,,,,,4.0,,5.0,,,4.8,,,3.6666666666666665,,1.0,1.0,,,5.0,4.0,,,,1.0,,,,,,,,,,,,,,,,,,,,,,,
spinstersubatomiccoyness,2020-07-07,9.0,1.0,16.0,0.0,259.0,60.0,0.0,18.0,12456.91368102421,386.0,6577.0,86.0,277.0,2.0,4.0,1.0,3.0,5.0,1.0,1.0,1.0,1.0,,,,,,,,,,,1.0,5.0,1.0,4.4,,,,5.0,1.0,,5.0,,,4.4,2.3333333333333335,,3.75,,1.0,1.0,,,,5.0,2.2,,,,,,,,,,,,,,,,,,,,,,,,,,
spinstersubatomiccoyness,2020-07-08,3.0,1.0,12.0,0.0,263.0,80.0,0.0,16.0,12185.948542818927,494.0,17169.0,108.0,260.0,1.0,4.0,1.0,4.0,5.0,1.0,2.0,1.0,1.0,,,,,,,,,,,,5.0,1.0,4.4,,,,4.166666666666667,,,5.0,,1.0,5.0,2.5,5.0,5.0,5.0,,1.0,,,,5.0,1.0,,,,3.0,,,,,,,,,,,,,,,,,,,,,,
spinstersubatomiccoyness,2020-07-09,2.0,1.0,11.0,0.0,279.0,58.0,0.0,8.0,13530.01141188843,419.0,8923.0,70.0,273.0,1.0,4.0,2.0,4.0,5.0,1.0,1.0,1.0,2.0,,,,,,,,,,,1.0,,1.0,5.0,4.6,1.0,,5.0,4.333333333333333,,5.0,,1.0,,,5.0,,4.5,1.0,1.0,1.0,,5.0,5.0,,5.0,,,2.0,,,,,,,,,,,,,,,,,,,,,,
spinstersubatomiccoyness,2020-07-10,1.0,0.0,3.0,0.0,275.0,65.0,0.0,19.0,8685.413295019342,503.0,12842.0,88.0,329.0,1.0,4.0,3.0,3.0,4.0,1.0,3.0,2.0,2.0,,,,,,,,,,,1.0,,,,4.75,1.0,1.0,,2.1666666666666665,,,1.0,,5.0,,5.0,,4.0,1.0,,1.0,5.0,5.0,5.0,,,1.0,,,,,,,,,,,,,,,,,,,,,,,,
spinstersubatomiccoyness,2020-07-11,1.0,0.0,0.0,0.0,273.0,88.0,0.0,3.0,11985.77985217763,445.0,13421.0,158.0,,1.3333333333333333,2.6666666666666665,1.8333333333333333,2.75,4.25,1.5,2.8333333333333335,1.4166666666666667,2.0,,,,,,,,,,,,,,,,2.3333333333333335,2.0,,2.5,,,1.0,,5.0,,5.0,,,,,,5.0,,5.0,1.0,,1.0,,,,,,,,,,,,,,,,,,,,,,,,
spinstersubatomiccoyness,2020-07-12,88.0,1.0,9.0,0.0,157.0,62.0,0.0,43.0,9130.656933456585,573.0,7268.0,93.0,130.0,1.0,3.4,1.5,3.5,4.3,1.3,1.7,1.7,1.2,,,,,,,,,,,,,,,,,,,,,,,,,,,,,,,,,,,,,,,,,,,,,,,,,,,,,,,,,,,,,
spinstersubatomiccoyness,2020-07-13,24.0,2.0,21.0,0.0,248.0,100.0,0.0,49.0,747.1737586157956,458.0,10455.0,154.0,66.0,1.3333333333333333,3.9166666666666665,1.5,3.75,4.416666666666667,1.0,1.3333333333333333,1.0,1.25,,,,,,,,,,,,,,,,,,,,,,,,,,,,,,,,,,,,,,,,,,,,,,,,,,,,,,,,,,,,,
spinstersubatomiccoyness,2020-07-14,0.0,0.0,8.0,0.0,371.0,77.0,0.0,7.0,12571.755783545492,442.0,12533.0,108.0,73.0,1.0,4.166666666666667,1.0,4.166666666666667,4.916666666666667,1.0,1.3333333333333333,1.0833333333333333,1.5,,,,,,,,,,,,,,,,,,,,,,,,,,,,,,,,,,,,,,,,,,,,,,,,,,,,,,,,,,,,,
spinstersubatomiccoyness,2020-07-15,6.0,0.0,1.0,0.0,390.0,72.0,0.0,4.0,10690.509804811018,418.0,15654.0,128.0,109.0,1.0,5.0,1.0,4.0,5.0,1.0,1.0,2.0,1.0,,,,,,,,,,,1.0,4.75,,,5.0,,,5.0,4.333333333333333,,,1.0,,5.0,,,,,,,1.0,,,,1.0,5.0,,,,,,,,,,,,,,,,,,,,,,,,,
spinstersubatomiccoyness,2020-07-16,0.0,0.0,0.0,0.0,412.0,50.0,0.0,5.0,12673.79450936604,574.0,10208.0,94.0,125.0,1.0,5.0,1.0,5.0,5.0,2.0,2.0,1.0,2.0,,,,,,,,,,,1.0,5.0,2.3333333333333335,,3.2,,,4.666666666666667,1.6,,,1.0,1.0,4.666666666666667,1.0,5.0,,4.5,,1.0,1.0,,,5.0,1.0,,,,1.0,,,,,,,,,,,,,,,,,,,,,,
spinstersubatomiccoyness,2020-07-17,20.0,0.0,6.0,0.0,336.0,68.0,0.0,21.0,14007.493202019705,550.0,13501.0,72.0,120.0,1.0,5.0,1.0,5.0,5.0,1.0,1.0,1.0,1.0,,,,,,,,,,1.0,,5.0,1.0,5.0,4.0,5.0,1.0,5.0,2.5,,5.0,,1.0,,1.0,5.0,,4.0,,1.0,1.0,,,5.0,,,,,1.0,,,,,,,,,,,,,,,,,,,,,,
spinstersubatomiccoyness,2020-07-18,9.0,2.0,1.0,0.0,412.0,55.0,0.0,9.0,12502.55684071272,473.0,9030.0,64.0,160.0,1.0,4.0,1.0,4.0,5.0,1.0,2.0,1.0,2.0,,,,,,,,,,1.0,,5.0,2.0,5.0,,4.5,1.0,4.333333333333333,4.0,5.0,5.0,,1.0,,2.0,5.0,,,1.0,1.0,1.0,,5.0,,1.0,,,,,,,,,,,,,,,,,,,,,,,,,,
spinstersubatomiccoyness,2020-07-19,21.0,0.0,21.0,0.0,312.0,88.0,0.0,35.0,15397.40853918572,311.0,8276.0,120.0,92.0,1.0,4.0,1.0,4.0,5.0,1.0,1.0,1.0,1.0,,,,,,,,,,1.0,,4.8,1.0,,,,1.0,5.0,3.0,1.0,,,,,4.5,5.0,5.0,,1.0,1.0,,,5.0,,1.0,,,1.0,,,,,,,,,,,,,,,,,,,,,,,
spinstersubatomiccoyness,2020-07-20,0.0,0.0,0.0,0.0,371.0,40.0,0.0,3.0,13185.354013680266,596.0,6352.0,56.0,56.0,1.0,5.0,1.0,5.0,5.0,1.0,2.0,1.0,1.0,,,,,,,,,,3.0,1.0,5.0,,,,,1.0,5.0,1.0,4.666666666666667,,1.0,1.0,,2.0,,5.0,,,1.0,,5.0,5.0,5.0,1.0,5.0,,1.0,,,,,,,,,,,,,,,,,,,,,,,
spinstersubatomiccoyness,2020-07-21,0.0,0.0,0.0,0.0,282.0,68.0,0.0,0.0,12973.261774208138,477.0,15156.0,110.0,136.0,1.0,4.0,2.0,5.0,5.0,1.0,2.0,1.0,1.0,,,,,,,,,,,1.0,,,4.0,,,1.75,5.0,,3.3333333333333335,5.0,1.0,1.0,,2.1666666666666665,5.0,5.0,,,1.0,,5.0,,5.0,1.0,,,2.0,,,,,,,,,,,,,,,,,,,,,,,
spinstersubatomiccoyness,2020-07-22,7.0,0.0,2.0,0.0,305.0,53.0,0.0,5.0,14970.187118269188,537.0,9091.0,84.0,144.0,1.0,5.0,1.0,5.0,5.0,1.0,1.0,1.0,2.0,,,,,,,,,,,1.0,,,4.0,,3.0,1.0,4.8,,,5.0,1.0,,,1.6,5.0,,4.5,1.0,1.0,,5.0,,4.75,,,,1.0,2.5,,,,,,,,,,,,,,,,,,,,,,
spinstersubatomiccoyness,2020-07-23,19.0,0.0,0.0,0.0,295.0,42.0,0.0,5.0,11388.771342552034,568.0,8322.0,64.0,117.0,1.0,4.0,2.0,4.0,4.0,1.0,2.0,1.0,1.0,,,,,,,,,,,,5.0,,,,4.666666666666667,,4.75,,5.0,,1.0,,4.666666666666667,2.0,,,4.0,1.0,,,5.0,,5.0,1.0,,,1.0,1.0,,,,,,,,,,,,,,,,,,,,,,
spinstersubatomiccoyness,2020-07-24,41.0,2.0,6.0,0.0,259.0,72.0,0.0,11.0,13440.092731544271,469.0,15680.0,116.0,150.0,1.0,4.0,1.0,4.0,4.0,1.0,2.0,1.0,2.0,,,,,,,,,,5.0,,5.0,1.6,,,5.0,,4.0,,3.3333333333333335,5.0,1.0,,5.0,1.0,,4.5,4.0,1.0,,,4.666666666666667,,,,5.0,1.75,1.0,,,,,,,,,,,,,,,,,,,,,,,
spinstersubatomiccoyness,2020-07-25,147.0,0.0,19.0,0.0,234.0,65.0,0.0,23.0,15925.303522368067,463.0,19212.0,96.0,147.0,1.0,4.0,2.0,4.0,4.0,1.0,2.0,1.0,2.0,,,,,,,,,,5.0,1.0,,1.75,,,2.3333333333333335,1.0,,,4.333333333333333,5.0,,1.0,,,,5.0,,2.0,,2.0,4.0,4.0,,,,1.0,1.0,,,,,,,,,,,,,,,,,,,,,,,
spinstersubatomiccoyness,2020-07-26,0.0,0.0,0.0,0.0,304.0,42.0,0.0,4.0,13173.072831431598,449.0,9071.0,84.0,162.0,1.0,4.0,1.0,4.0,5.0,1.0,2.0,2.0,2.0,,,,,,,,,,5.0,1.0,,,,5.0,4.666666666666667,1.0,,,2.5,5.0,,1.0,,3.0,,5.0,,1.0,1.0,1.0,,5.0,5.0,,,,,,,,,,,,,,,,,,,,,,,,,,,
spinstersubatomiccoyness,2020-07-27,8.0,0.0,0.0,0.0,259.0,81.0,0.0,11.0,11331.822089946132,429.0,13987.0,138.0,146.0,1.0,3.8461538461538463,1.0,3.923076923076923,4.538461538461538,1.0,1.4615384615384615,1.4615384615384615,1.2307692307692308,,,,,,,,,,1.0,,,,,4.333333333333333,,1.0,,,,5.0,,,,2.5,,,,1.0,1.0,4.0,4.0,,5.0,,,,,,,,,,,,,,,,,,,,,,,,,,,
spinstersubatomiccoyness,2020-07-28,2.0,0.0,2.0,0.0,284.0,75.0,0.0,10.0,9999.312136570708,336.0,12240.0,106.0,128.0,1.0,3.8461538461538463,1.1538461538461537,3.769230769230769,4.846153846153846,1.0769230769230769,1.0,1.1538461538461537,1.0,,,,,,,,,,,,,,,,,,,,,,,,,,,,,,,,,,,,,,,,,,,,,,,,,,,,,,,,,,,,,
spinstersubatomiccoyness,2020-07-28,2.0,0.0,2.0,0.0,284.0,75.0,0.0,10.0,2.2395581506878552,336.0,12240.0,106.0,128.0,1.0,3.8461538461538463,1.1538461538461537,3.769230769230769,4.846153846153846,1.0769230769230769,1.0,1.1538461538461537,1.0,,,,,,,,,,,,,,,,,,,,,,,,,,,,,,,,,,,,,,,,,,,,,,,,,,,,,,,,,,,,,
spinstersubatomiccoyness,2020-07-29,16.0,1.0,2.0,0.0,280.0,74.0,0.0,7.0,,503.0,9301.0,96.0,157.0,1.0,3.6666666666666665,1.6666666666666667,3.4166666666666665,4.75,1.0833333333333333,1.1666666666666667,1.25,1.0833333333333333,,,,,,,,,,,,,,,,,,,,,,,,,,,,,,,,,,,,,,,,,,,,,,,,,,,,,,,,,,,,,
spinstersubatomiccoyness,2020-07-30,23.0,0.0,0.0,0.0,270.0,75.0,0.0,5.0,9637.418943629302,504.0,18251.0,134.0,199.0,1.0,4.153846153846154,1.0,4.0,4.846153846153846,1.0769230769230769,1.3076923076923077,1.0,1.0,,,,,,,,,,,,,,,,,,,,,,,,,,,,,,,,,,,,,,,,,,,,,,,,,,,,,,,,,,,,,
spinstersubatomiccoyness,2020-07-31,4.0,0.0,2.0,0.0,292.0,59.0,0.0,3.0,9984.303130453263,463.0,16111.0,78.0,180.0,1.0,4.0,3.0,3.0,4.0,1.0,2.0,1.0,2.0,,,,,,,,,,1.0,,,,,1.0,5.0,2.5,5.0,,,,,1.0,,,,5.0,4.0,,,,,,5.0,1.0,,,,,,,,,,,,,,,,,,,,,,,,,,
spinstersubatomiccoyness,2020-08-01,122.0,1.0,3.0,0.0,158.0,76.0,0.0,44.0,15115.540662384024,347.0,8944.0,133.0,241.0,1.0,4.0,3.0,4.0,4.0,2.0,2.0,2.0,3.0,,,,,,,,,,1.0,,,,,5.0,4.0,4.0,4.8,,,5.0,1.0,1.0,,,,2.0,1.0,4.0,,,2.8333333333333335,,5.0,1.0,,2.2,,2.2,,,,,,,,,,,,,,,,,,,,,,
spinstersubatomiccoyness,2020-08-02,9.0,2.0,24.0,0.0,259.0,64.0,0.0,22.0,21639.50406057555,384.0,6131.0,76.0,207.0,1.0,5.0,3.0,5.0,4.0,1.0,2.0,2.0,1.0,,,,,,,,,,1.0,,,4.0,,,,,3.6666666666666665,3.3333333333333335,,5.0,1.0,1.0,,1.0,,,5.0,1.6,,2.0,1.0,,,,,1.0,,4.0,,,,,,,,,,,,,,,,,,,,,,
spinstersubatomiccoyness,2020-08-03,23.0,1.0,20.0,0.0,219.0,102.0,0.0,65.0,18559.245985890848,428.0,15889.0,144.0,62.0,1.0,5.0,2.0,5.0,4.0,1.0,2.0,2.0,2.0,,,,,,,,,,1.0,,,1.0,4.5,,,,5.0,1.0,4.666666666666667,,1.0,1.375,4.666666666666667,3.3333333333333335,,5.0,,1.0,,,4.0,,,,5.0,,,4.0,,,,,,,,,,,,,,,,,,,,,,
spinstersubatomiccoyness,2020-08-04,44.0,0.0,27.0,0.0,287.0,61.0,0.0,23.0,17670.581237226106,468.0,14484.0,78.0,105.0,1.0,4.0,2.0,5.0,4.0,2.0,2.0,2.0,1.0,,,,,,,,,,3.0,,5.0,,4.666666666666667,,5.0,,5.0,4.25,2.75,,,1.0,5.0,,5.0,5.0,,,1.0,,4.0,,,,,1.0,1.0,,,,,,,,,,,,,,,,,,,,,,,
spinstersubatomiccoyness,2020-08-05,7.0,0.0,5.0,0.0,321.0,58.0,0.0,12.0,12204.10227418953,513.0,7606.0,70.0,156.0,1.0,4.0,3.0,4.0,4.0,2.0,2.0,2.0,1.0,,,,,,,,,,1.0,,5.0,,,,2.3333333333333335,,5.0,4.0,3.0,,,,4.6,2.0,5.0,5.0,,,1.0,1.0,,,5.0,1.0,,1.0,1.0,,,,,,,,,,,,,,,,,,,,,,,
spinstersubatomiccoyness,2020-08-06,24.0,3.0,17.0,0.0,247.0,82.0,0.0,24.0,14471.859737957271,453.0,8688.0,120.0,138.0,1.0,4.083333333333333,1.0833333333333333,3.9166666666666665,4.75,1.25,1.1666666666666667,1.3333333333333333,1.0833333333333333,,,,,,,,,,1.0,,,,,,,,4.666666666666667,,,,,,3.6666666666666665,1.0,,5.0,,,1.0,1.0,,,5.0,1.0,,1.0,,,,,,,,,,,,,,,,,,,,,,,,
spinstersubatomiccoyness,2020-08-07,25.0,1.0,13.0,0.0,307.0,64.0,0.0,29.0,7781.352610619113,498.0,7374.0,106.0,95.0,1.2,3.8,1.0,3.8,4.8,1.1,1.3,1.4,1.3,,,,,,,,,,,,,,,,,,,,,,,,,,,,,,,,,,,,,,,,,,,,,,,,,,,,,,,,,,,,,
spinstersubatomiccoyness,2020-08-08,5.0,0.0,2.0,0.0,278.0,55.0,0.0,19.0,11785.500291920973,500.0,6231.0,86.0,61.0,1.0,4.461538461538462,1.3076923076923077,4.076923076923077,4.923076923076923,1.0,1.0,1.0769230769230769,1.0,,,,,,,,,,,,,,,,,,,,,,,,,,,,,,,,,,,,,,,,,,,,,,,,,,,,,,,,,,,,,
spinstersubatomiccoyness,2020-08-09,0.0,0.0,8.0,0.0,261.0,81.0,0.0,6.0,10520.838622969632,594.0,12880.0,168.0,82.0,1.1538461538461537,3.769230769230769,1.4615384615384615,3.5384615384615383,4.6923076923076925,1.0,1.1538461538461537,1.0,1.0,,,,,,,,,,,,,,,,,,,,,,,,,,,,,,,,,,,,,,,,,,,,,,,,,,,,,,,,,,,,,
spinstersubatomiccoyness,2020-08-10,20.0,1.0,15.0,0.0,251.0,78.0,0.0,22.0,14446.357084372135,392.0,9964.0,108.0,118.0,1.0,5.0,1.0,4.0,4.0,1.0,2.0,1.0,1.0,,,,,,,,,,,,,,,,,,,,,,,,,,,,,,,,,,,,,,,,,,,,,,,,,,,,,,,,,,,,,
spinstersubatomiccoyness,2020-08-11,0.0,0.0,3.0,0.0,296.0,44.0,0.0,10.0,11023.597997002224,442.0,8611.0,102.0,95.0,1.0,4.0,1.0,4.0,4.0,1.0,2.0,1.0,1.0,,,,,,,,,,,1.0,,2.2,,,,,,2.5,4.333333333333333,,,,4.75,2.5,5.0,5.0,,1.0,1.0,1.0,5.0,,5.0,1.0,5.0,,1.0,,,,,,,,,,,,,,,,,,,,,,,
spinstersubatomiccoyness,2020-08-12,3.0,0.0,3.0,0.0,289.0,57.0,0.0,11.0,10054.93083003658,506.0,13030.0,118.0,101.0,1.0,4.0,2.0,3.0,4.0,1.0,2.0,1.0,2.0,,,,,,,,,,,5.0,,1.0,,,,1.0,4.8,,,5.0,,,4.0,1.0,,5.0,,1.0,1.0,1.0,5.0,4.666666666666667,,1.0,5.0,,,,,,,,,,,,,,,,,,,,,,,,,
spinstersubatomiccoyness,2020-08-13,0.0,0.0,9.0,0.0,286.0,49.0,0.0,11.0,10620.635596407315,509.0,10382.0,140.0,129.0,1.0,3.0,2.0,4.0,4.0,1.0,3.0,2.0,2.0,,,,,,,,,,,5.0,,,4.333333333333333,,,2.5,4.75,5.0,,5.0,,,,,5.0,,,1.0,1.0,1.0,5.0,4.833333333333333,,,5.0,,,,,,,,,,,,,,,,,,,,,,,,,
spinstersubatomiccoyness,2020-08-14,,,,,,,,,,,,,141.0,,,,,,,,,,,,,,,,,,,,5.0,,,4.0,,,,5.0,4.0,,,,,,,5.0,,,1.0,,,,5.0,,,,,,,,,,,,,,,,,,,,,,,,,,,,
spinstersubatomiccoyness,2020-08-15,11.0,0.0,11.0,0.0,286.0,34.0,0.0,9.0,8525.990830029572,664.0,9088.0,50.0,153.0,1.0,4.0,2.0,4.0,5.0,1.0,2.0,1.0,1.0,,,,,,,,,,,5.0,,3.3333333333333335,,4.5,,,,4.6,,4.75,,,,1.0,5.0,,,,,,3.0,,,,,4.0,1.0,,,,,,,,,,,,,,,,,,,,,,,
spinstersubatomiccoyness,2020-08-16,1.0,0.0,4.0,0.0,283.0,61.0,0.0,5.0,12987.963225785592,495.0,9119.0,106.0,112.0,1.0,4.0,2.0,4.0,5.0,1.0,1.0,2.0,1.0,,,,,,,,,,,4.0,,2.0,4.75,5.0,,,,2.5,,4.75,,2.5,,2.3333333333333335,5.0,,5.0,1.0,,,5.0,4.8,,,,1.0,1.0,,,,,,,,,,,,,,,,,,,,,,,
spinstersubatomiccoyness,2020-08-17,11.0,0.0,17.0,0.0,262.0,68.0,0.0,10.0,14944.966929341144,411.0,9989.0,114.0,101.0,1.0,4.0,2.0,4.0,5.0,1.0,1.0,1.0,1.0,,,,,,,,,,1.0,,5.0,1.0,4.333333333333333,5.0,,,,3.6666666666666665,,4.75,,1.0,,,5.0,,,1.0,,,5.0,5.0,,,,,,,,,,,,,,,,,,,,,,,,,,,,
spinstersubatomiccoyness,2020-08-18,3.0,1.0,5.0,0.0,285.0,50.0,0.0,4.0,10471.7773094162,635.0,6909.0,84.0,103.0,1.0,4.0,1.0,3.0,4.0,2.0,2.0,1.0,1.0,,,,,,,,,,1.0,,5.0,,4.333333333333333,4.666666666666667,,,,1.0,4.666666666666667,5.0,1.0,1.0,,3.3333333333333335,5.0,,,,1.0,,,5.0,,,,2.5,,,,,,,,,,,,,,,,,,,,,,,,
spinstersubatomiccoyness,2020-08-19,0.0,0.0,16.0,0.0,278.0,55.0,0.0,4.0,14576.65975724911,460.0,7747.0,142.0,106.0,1.0,3.0,2.0,4.0,4.0,2.0,2.0,3.0,1.0,,,,,,,,,,,,5.0,3.0,,,,,5.0,,4.5,5.0,1.0,1.75,,1.6,,,,1.0,1.0,1.0,5.0,4.5,,,,1.0,1.0,,,,,,,,,,,,,,,,,,,,,,,
spinstersubatomiccoyness,2020-08-20,3.0,0.0,0.0,0.0,307.0,39.0,0.0,11.0,9955.497177388486,428.0,14277.0,130.0,82.0,2.0,5.0,2.0,4.0,5.0,2.0,2.0,2.0,1.0,,,,,,,,,,,,,1.375,,,,1.0,5.0,,4.25,,,1.0,,1.0,,,4.0,1.0,1.0,1.0,5.0,,5.0,,,,1.75,,,,,,,,,,,,,,,,,,,,,,,
spinstersubatomiccoyness,2020-08-21,6.0,0.0,2.0,0.0,288.0,50.0,0.0,7.0,8846.978360357554,519.0,7771.0,74.0,74.0,2.0,4.0,2.0,4.0,4.0,2.0,2.0,2.0,1.0,,,,,,,,,,,,,1.0,,,1.0,2.5,5.0,,4.0,,,,4.0,1.0,,5.0,4.0,1.0,1.0,1.0,,,5.0,,,,3.3333333333333335,1.0,,,,,,,,,,,,,,,,,,,,,,
spinstersubatomiccoyness,2020-08-22,6.0,6.0,12.0,0.0,279.0,47.0,0.0,16.0,11680.421171786533,655.0,11055.0,94.0,78.0,1.0,4.166666666666667,1.5,3.8333333333333335,4.833333333333333,1.0833333333333333,1.0833333333333333,1.0833333333333333,1.0833333333333333,,,,,,,,,,,,,1.0,,5.0,1.0,,4.5,,,,,,5.0,,,,,,,,,,4.0,,,,1.0,1.0,,,,,,,,,,,,,,,,,,,,,,
spinstersubatomiccoyness,2020-08-23,29.0,1.0,6.0,0.0,223.0,86.0,0.0,22.0,14547.198434368518,354.0,15465.0,148.0,85.0,1.0,4.066666666666666,1.6666666666666667,3.8,4.666666666666667,1.0666666666666667,1.2,1.0666666666666667,1.0666666666666667,,,,,,,,,,,,,,,,,,,,,,,,,,,,,,,,,,,,,,,,,,,,,,,,,,,,,,,,,,,,,
spinstersubatomiccoyness,2020-08-24,0.0,0.0,13.0,0.0,270.0,63.0,0.0,2.0,10887.177544857694,566.0,12987.0,146.0,157.0,1.0,3.9166666666666665,1.3333333333333333,3.6666666666666665,4.916666666666667,1.0833333333333333,1.0833333333333333,1.25,1.1666666666666667,,,,,,,,,,,,,,,,,,,,,,,,,,,,,,,,,,,,,,,,,,,,,,,,,,,,,,,,,,,,,
spinstersubatomiccoyness,2020-08-25,0.0,0.0,10.0,0.0,272.0,62.0,0.0,8.0,9576.95902814768,564.0,13242.0,114.0,149.0,1.0,4.083333333333333,1.75,3.5833333333333335,4.75,1.0833333333333333,1.0,1.0,1.0,,,,,,,,,,,,,,,,,,,,,,,,,,,,,,,,,,,,,,,,,,,,,,,,,,,,,,,,,,,,,
spinstersubatomiccoyness,2020-08-26,4.0,0.0,16.0,0.0,255.0,72.0,0.0,21.0,13138.498521376649,509.0,7435.0,156.0,135.0,1.0,4.0,1.0,4.0,5.0,1.0,1.0,1.0,1.0,,,,,,,,,,3.0,,,,,4.333333333333333,,,,,4.2,5.0,,,,3.0,,4.5,,,1.0,2.5,,4.75,,,,,,1.75,,,,,,,,,,,,,,,,,,,,,,
spinstersubatomiccoyness,2020-08-27,3.0,0.0,0.0,0.0,298.0,40.0,0.0,5.0,11800.535715393034,527.0,10981.0,118.0,111.0,1.0,4.0,1.0,4.0,5.0,1.0,1.0,2.0,2.0,,,,,,,,,,3.6666666666666665,,,,4.6,4.75,,,,4.25,4.0,5.0,1.0,1.0,,2.3333333333333335,,5.0,4.25,,1.0,1.0,,5.0,,,,1.6,,1.0,,,,,,,,,,,,,,,,,,,,,,
spinstersubatomiccoyness,2020-08-28,15.0,0.0,3.0,0.0,263.0,69.0,0.0,27.0,10841.681261242624,548.0,8126.0,114.0,136.0,1.0,4.0,2.0,4.0,5.0,2.0,1.0,1.0,1.0,,,,,,,,,,4.0,,5.0,,4.0,4.8,,,,1.0,2.5,5.0,1.0,1.0,,,,4.5,,,,,,5.0,5.0,,,1.0,,1.0,,,,,,,,,,,,,,,,,,,,,,
spinstersubatomiccoyness,2020-08-29,8.0,0.0,2.0,0.0,293.0,62.0,0.0,12.0,10639.305441499426,674.0,7970.0,86.0,101.0,,,,,,,,,,,,,,,,,,,3.0,,5.0,,4.5,4.5,1.0,,,,4.75,5.0,5.0,1.75,,,4.75,4.0,,,2.5,,,4.833333333333333,4.0,,,4.0,,1.0,,,,,,,,,,,,,,,,,,,,,,
spinstersubatomiccoyness,2020-08-30,5.0,2.0,8.0,0.0,286.0,52.0,0.0,7.0,11635.863959806606,443.0,9514.0,104.0,68.0,2.0,5.0,1.0,4.0,5.0,1.0,1.0,1.0,1.0,,,,,,,,,,,,5.0,2.0,4.75,4.5,1.0,,,,4.0,5.0,,1.0,,,,4.2,,,1.0,,,5.0,4.5,1.0,,1.0,,1.0,,,,,,,,,,,,,,,,,,,,,,
spinstersubatomiccoyness,2020-08-31,0.0,0.0,10.0,0.0,296.0,41.0,0.0,0.0,10721.909611586983,539.0,6651.0,106.0,112.0,1.0,4.0,2.0,4.0,4.0,1.0,2.0,2.0,1.0,,,,,,,,,,,,,1.0,,3.75,,,,4.333333333333333,,,1.0,,5.0,,,5.0,,,1.0,1.0,,5.0,5.0,1.0,,,,2.3333333333333335,,,,,,,,,,,,,,,,,,,,,,
spinstersubatomiccoyness,2020-09-01,8.0,0.0,0.0,0.0,307.0,35.0,0.0,8.0,12253.737130479396,591.0,4547.0,78.0,102.0,1.0,4.0,2.0,4.0,5.0,1.0,1.0,1.0,2.0,,,,,,,,,,,2.5,5.0,,,5.0,1.0,,,4.0,5.0,5.0,2.5,,4.571428571428571,1.0,,5.0,,,2.5,1.0,,5.0,5.0,,5.0,,,1.0,,,,,,,,,,,,,,,,,,,,,,
spinstersubatomiccoyness,2020-09-02,0.0,0.0,0.0,0.0,298.0,44.0,0.0,3.0,10967.679053795657,576.0,7492.0,98.0,83.0,1.0,4.0,2.0,4.0,4.0,1.0,2.0,2.0,1.0,,,,,,,,,,,4.5,5.0,,,,1.0,2.5,,,5.0,5.0,1.0,,5.0,1.0,,5.0,5.0,,,,,5.0,5.0,,,1.0,1.0,,,,,,,,,,,,,,,,,,,,,,,
spinstersubatomiccoyness,2020-09-03,0.0,0.0,10.0,0.0,288.0,45.0,0.0,4.0,13707.949767721311,573.0,10315.0,116.0,91.0,1.0,4.090909090909091,1.0,3.909090909090909,4.818181818181818,1.0,1.2727272727272727,1.0,1.0,,,,,,,,,,,,,,,,,4.5,,,,,1.0,,2.5,,,,,,,,,,,,,,1.0,,,,,,,,,,,,,,,,,,,,,,,
spinstersubatomiccoyness,2020-09-04,3.0,0.0,3.0,0.0,289.0,54.0,0.0,12.0,11977.661702142526,410.0,10709.0,102.0,92.0,1.0,4.25,1.5,3.75,4.833333333333333,1.0,1.0833333333333333,1.1666666666666667,1.0,,,,,,,,,,,,,,,,,,,,,,,,,,,,,,,,,,,,,,,,,,,,,,,,,,,,,,,,,,,,,
spinstersubatomiccoyness,2020-09-05,4.0,0.0,6.0,0.0,275.0,66.0,0.0,7.0,10936.21299184608,540.0,15646.0,143.0,161.0,1.0,3.6153846153846154,1.9230769230769231,3.230769230769231,4.769230769230769,1.1538461538461537,1.0,1.2307692307692308,1.0769230769230769,,,,,,,,,,,,,,,,,,,,,,,,,,,,,,,,,,,,,,,,,,,,,,,,,,,,,,,,,,,,,
spinstersubatomiccoyness,2020-09-06,21.0,1.0,18.0,0.0,223.0,71.0,0.0,50.0,17357.425713600023,344.0,15478.0,149.0,172.0,1.0,3.933333333333333,2.2666666666666666,3.466666666666667,4.0,1.1333333333333333,1.4,1.0,1.1333333333333333,,,,,,,,,,,,,,,,,,,,,,,,,,,,,,,,,,,,,,,,,,,,,,,,,,,,,,,,,,,,,
spinstersubatomiccoyness,2020-09-07,4.0,0.0,1.0,0.0,298.0,45.0,0.0,7.0,9876.02884535774,435.0,8543.0,82.0,149.0,,,,,,,,,,,,,,,,,,,3.0,,5.0,1.0,5.0,,,2.0,,3.75,4.6,,,,,,,3.3333333333333335,,,,,,5.0,,,,,,2.0,,,,,,,,,,,,,,,,,,,,,,
spinstersubatomiccoyness,2020-09-08,6.0,0.0,5.0,0.0,281.0,41.0,0.0,9.0,9564.85293527099,566.0,10192.0,126.0,59.0,1.0,4.0,2.0,4.0,4.0,2.0,1.0,2.0,1.0,,,,,,,,,,1.0,4.0,5.0,1.0,4.0,4.75,,1.0,,,4.8,5.0,1.0,1.0,4.75,,5.0,1.0,,1.75,,,,5.0,,,,,,4.0,,,,,,,,,,,,,,,,,,,,,,
spinstersubatomiccoyness,2020-09-09,34.0,0.0,7.0,0.0,268.0,63.0,0.0,8.0,8318.913142021134,589.0,10692.0,122.0,95.0,1.0,3.0,3.0,3.0,4.0,3.0,2.0,1.0,3.0,,,,,,,,,,,4.0,5.0,1.0,,,,,,,4.285714285714286,,1.0,,4.0,,5.0,,,1.6,,1.0,,4.75,4.4,,,,2.0,,,,,,,,,,,,,,,,,,,,,,,
spinstersubatomiccoyness,2020-09-10,0.0,0.0,5.0,0.0,299.0,44.0,0.0,3.0,9715.000189413862,543.0,6369.0,92.0,48.0,1.0,4.0,3.0,3.0,4.0,1.0,1.0,1.0,2.0,,,,,,,,,,,,,,4.75,,1.0,2.0,,,4.25,5.0,1.0,,,2.5,,,4.0,1.0,,1.0,,,,,,,,,,,,,,,,,,,,,,,,,,,,,,
spinstersubatomiccoyness,2020-09-11,6.0,0.0,13.0,0.0,275.0,35.0,0.0,12.0,11716.452018949782,532.0,5049.0,52.0,61.0,1.0,4.0,1.0,4.0,5.0,1.0,2.0,1.0,2.0,,,,,,,,,,1.0,,,,4.333333333333333,,1.0,4.0,,,,5.0,,1.0,,1.0,,,4.0,1.0,,1.0,5.0,,5.0,1.0,,,,1.0,,,,,,,,,,,,,,,,,,,,,,
spinstersubatomiccoyness,2020-09-12,3.0,0.0,1.0,0.0,288.0,49.0,0.0,2.0,12837.619879519709,514.0,10544.0,84.0,80.0,1.0,4.0,1.0,4.0,4.0,1.0,2.0,2.0,1.0,,,,,,,,,,1.0,1.0,5.0,,,4.666666666666667,1.0,,,,5.0,4.75,3.6666666666666665,1.0,5.0,2.0,5.0,,,,,1.0,5.0,,5.0,,5.0,1.0,,,,,,,,,,,,,,,,,,,,,,,,
spinstersubatomiccoyness,2020-09-13,0.0,0.0,11.0,0.0,289.0,52.0,0.0,5.0,11419.371544547575,495.0,9128.0,66.0,72.0,1.0,4.0,2.0,4.0,5.0,1.0,1.0,1.0,1.0,,,,,,,,,,,3.25,5.0,,4.666666666666667,4.5,,,,3.3333333333333335,4.0,5.0,,,5.0,1.0,,5.0,,,1.6,,,5.0,5.0,,,,1.0,,,,,,,,,,,,,,,,,,,,,,,
spinstersubatomiccoyness,2020-09-14,2.0,0.0,9.0,0.0,292.0,46.0,0.0,7.0,10997.151298886838,468.0,8654.0,100.0,71.0,1.0,4.0,2.0,3.0,4.0,2.0,3.0,2.0,2.0,,,,,,,,,,,4.0,5.0,,5.0,,,2.0,5.0,3.3333333333333335,,,,,,,,,,1.0,1.0,,5.0,5.0,,,,1.0,1.0,3.3333333333333335,,,,,,,,,,,,,,,,,,,,,,
spinstersubatomiccoyness,2020-09-15,0.0,0.0,3.0,0.0,334.0,50.0,0.0,3.0,9736.222724988642,485.0,8304.0,101.0,59.0,1.0,4.0,1.0,4.0,4.0,1.0,2.0,1.0,1.0,,,,,,,,,,,4.0,5.0,,5.0,,,1.75,4.0,4.0,,5.0,,,,2.5,,5.0,,1.0,1.0,,5.0,,,,,1.0,1.0,4.0,,,,,,,,,,,,,,,,,,,,,,
spinstersubatomiccoyness,2020-09-16,6.0,4.0,0.0,0.0,371.0,77.0,0.0,10.0,11245.640738273158,444.0,7698.0,116.0,46.0,,,,,,,,,,,,,,,,,,,3.0,4.0,5.0,,4.5,4.666666666666667,,1.0,,3.0,4.4,5.0,1.0,,4.75,3.0,,5.0,,,1.0,,,,,,,2.0,1.0,,,,,,,,,,,,,,,,,,,,,,,
spinstersubatomiccoyness,2020-09-17,1.0,0.0,15.0,0.0,373.0,65.0,0.0,10.0,10209.292838807283,607.0,8316.0,124.0,85.0,1.0,4.0,1.75,3.5833333333333335,4.5,1.0833333333333333,1.25,1.1666666666666667,1.1666666666666667,,,,,,,,,,3.0,,5.0,,4.5,4.0,,,,1.0,4.0,,1.0,,4.0,,,,,,,,,,,,,1.0,,,,,,,,,,,,,,,,,,,,,,,,
spinstersubatomiccoyness,2020-09-18,8.0,0.0,5.0,0.0,348.0,89.0,0.0,19.0,11564.603372513611,491.0,10261.0,124.0,56.0,1.0,4.2,1.1,4.0,4.9,1.1,1.3,1.3,1.2,,,,,,,,,,,,,,,,,,,,,,,,,,,,,,,,,,,,,,,,,,,,,,,,,,,,,,,,,,,,,
spinstersubatomiccoyness,2020-09-19,6.0,6.0,4.0,0.0,371.0,89.0,0.0,19.0,15124.865265128905,481.0,9696.0,103.0,134.0,1.0,3.9166666666666665,1.0833333333333333,3.9166666666666665,4.416666666666667,1.1666666666666667,1.3333333333333333,1.0833333333333333,1.0833333333333333,,,,,,,,,,,,,,,,,,,,,,,,,,,,,,,,,,,,,,,,,,,,,,,,,,,,,,,,,,,,,
spinstersubatomiccoyness,2020-09-20,1.0,0.0,1.0,0.0,393.0,60.0,0.0,9.0,7174.0807402519,260.0,11950.0,114.0,147.0,1.0,3.6153846153846154,1.9230769230769231,3.3076923076923075,4.769230769230769,1.0,1.2307692307692308,1.1538461538461537,1.0,,,,,,,,,,,,,,,,,,,,,,,,,,,,,,,,,,,,,,,,,,,,,,,,,,,,,,,,,,,,,
spinstersubatomiccoyness,2020-09-20,1.0,0.0,1.0,0.0,393.0,60.0,0.0,9.0,0.0,260.0,11950.0,114.0,147.0,1.0,3.6153846153846154,1.9230769230769231,3.3076923076923075,4.769230769230769,1.0,1.2307692307692308,1.1538461538461537,1.0,,,,,,,,,,,,,,,,,,,,,,,,,,,,,,,,,,,,,,,,,,,,,,,,,,,,,,,,,,,,,
spinstersubatomiccoyness,2020-09-21,4.0,0.0,11.0,0.0,393.0,53.0,0.0,9.0,,529.0,7149.0,90.0,66.0,1.0,4.0,2.0,3.0,5.0,1.0,2.0,2.0,1.0,,,,,,,,,,,4.0,,4.0,,2.5,,,,,4.0,,,1.0,4.8,,,,3.0,,,,5.0,,5.0,1.0,,,,,,,,,,,,,,,,,,,,,,,,,,
spinstersubatomiccoyness,2020-09-22,9.0,0.0,7.0,0.0,383.0,59.0,0.0,9.0,10032.068670202822,513.0,10680.0,120.0,63.0,1.0,4.0,1.0,4.0,5.0,1.0,1.0,1.0,1.0,,,,,,,,,,,1.0,5.0,1.0,,4.0,1.0,1.0,,,3.75,,,1.0,5.0,,,,5.0,1.0,,,5.0,,5.0,1.0,,1.0,,,,,,,,,,,,,,,,,,,,,,,,
spinstersubatomiccoyness,2020-09-23,0.0,0.0,0.0,0.0,409.0,54.0,0.0,0.0,7760.38935662018,453.0,6102.0,112.0,91.0,1.0,4.0,3.0,4.0,4.0,1.0,3.0,2.0,1.0,,,,,,,,,,4.0,,5.0,,4.0,3.2,1.0,1.0,,3.6666666666666665,,,,1.0,5.0,,,5.0,,1.0,1.0,,5.0,5.0,5.0,,,,,,,,,,,,,,,,,,,,,,,,,,,
spinstersubatomiccoyness,2020-09-24,5.0,0.0,4.0,0.0,383.0,62.0,0.0,7.0,11829.66877692688,474.0,7658.0,134.0,56.0,1.0,5.0,1.0,4.0,5.0,1.0,2.0,1.0,1.0,,,,,,,,,,1.0,,5.0,,,,,1.0,,,,5.0,2.5,1.0,4.166666666666667,,,5.0,5.0,,1.0,,,4.0,5.0,,5.0,,,,,,,,,,,,,,,,,,,,,,,,,
spinstersubatomiccoyness,2020-09-25,7.0,0.0,5.0,0.0,381.0,47.0,0.0,13.0,15844.7589688824,522.0,8005.0,88.0,60.0,1.0,5.0,1.0,5.0,4.0,1.0,2.0,1.0,1.0,,,,,,,,,3.75,,,,,5.0,,1.0,2.5,5.0,,4.5,5.0,1.0,1.0,5.0,,5.0,,,,1.0,,5.0,,5.0,,,,1.0,1.0,,,,,,,,,,,,,,,,,,,,,,
spinstersubatomiccoyness,2020-09-26,5.0,0.0,5.0,0.0,363.0,77.0,0.0,16.0,12789.931972908777,374.0,17661.0,142.0,182.0,1.0,5.0,1.0,5.0,4.0,1.0,2.0,2.0,1.0,,,,,,,,,2.3333333333333335,,,,2.3333333333333335,5.0,,1.0,,,,4.75,,,,5.0,2.5,5.0,,,,1.0,1.0,5.0,,5.0,,,1.0,1.0,1.0,,,,,,,,,,,,,,,,,,,,,,
spinstersubatomiccoyness,2020-09-27,0.0,0.0,0.0,0.0,400.0,61.0,0.0,2.0,5558.017208446861,511.0,10201.0,118.0,114.0,1.0,4.0,2.0,4.0,5.0,1.0,2.0,1.0,1.0,,,,,,,,5.0,4.333333333333333,,2.5,5.0,1.0,,3.3333333333333335,1.0,,,,4.5,5.0,,,5.0,1.8,5.0,,,,,1.0,,,4.333333333333333,,,,,,,,,,,,,,,,,,,,,,,,,,,
spinstersubatomiccoyness,2020-09-28,6.0,0.0,4.0,0.0,397.0,70.0,0.0,2.0,12911.317460332904,346.0,7956.0,120.0,69.0,1.0,5.0,1.0,4.0,5.0,1.0,2.0,1.0,1.0,,,,,,,,5.0,4.2727272727272725,1.0,1.0,5.0,,5.0,4.6,1.0,1.0,,3.0,5.0,5.0,,1.0,5.0,1.0,5.0,,,,,1.0,,,,,,,1.0,,,,,,,,,,,,,,,,,,,,,,,
spinstersubatomiccoyness,2020-09-29,6.0,0.0,0.0,0.0,402.0,67.0,0.0,9.0,8074.525716562098,611.0,9835.0,125.0,81.0,1.0,4.0,3.0,4.0,5.0,1.0,2.0,1.0,1.0,,,,,,,,5.0,1.0,1.0,1.0,,,5.0,4.0,,1.0,,2.0,,4.6,,1.0,,1.0,5.0,,,,,,5.0,,,1.0,,,1.0,,,,,,,,,,,,,,,,,,,,,,,
spinstersubatomiccoyness,2020-09-30,0.0,0.0,2.0,0.0,340.0,41.0,0.0,1.0,11532.356877909784,489.0,15963.0,104.0,61.0,1.0,4.0,2.0,3.0,5.0,1.0,2.0,2.0,1.0,,,,,,,,5.0,5.0,3.0,4.0,,,,5.0,,3.0,5.0,5.0,,,,1.75,5.0,4.0,5.0,,5.0,,1.6,,5.0,,,1.0,,,,,,,,,,,,,,,,,,,,,,,,,,
spinstersubatomiccoyness,2020-10-01,1.0,0.0,7.0,0.0,238.0,72.0,0.0,8.0,13281.75274741098,321.0,43592.0,168.0,107.0,1.0,4.0,1.1666666666666667,3.6666666666666665,4.583333333333333,1.1666666666666667,1.75,1.1666666666666667,1.0,,,,,,,,,3.6666666666666665,,,,,,,,2.5,5.0,,,,,1.0,4.0,,,,,,1.0,,5.0,,,1.0,,,,,,,,,,,,,,,,,,,,,,,,,,
spinstersubatomiccoyness,2020-10-02,3.0,0.0,9.0,0.0,391.0,56.0,0.0,11.0,8756.396492319016,496.0,10711.0,147.0,126.0,1.0,3.857142857142857,1.1428571428571428,3.9285714285714284,4.142857142857143,1.2857142857142858,2.142857142857143,1.2142857142857142,1.3571428571428572,,,,,,,,,,,,,,,,,,,,,,,,,,,,,,,,,,,,,,,,,,,,,,,,,,,,,,,,,,,,,
spinstersubatomiccoyness,2020-10-03,16.0,0.0,29.0,0.0,254.0,69.0,0.0,55.0,19440.86971816136,309.0,6890.0,103.0,78.0,1.0,3.230769230769231,2.923076923076923,2.4615384615384617,3.076923076923077,1.3076923076923077,1.8461538461538463,1.6923076923076923,1.3076923076923077,,,,,,,,,,,,,,,,,,,,,,,,,,,,,,,,,,,,,,,,,,,,,,,,,,,,,,,,,,,,,
spinstersubatomiccoyness,2020-10-04,5.0,0.0,0.0,0.0,385.0,71.0,0.0,11.0,2246.5863468327225,407.0,13362.0,94.0,75.0,1.0,3.857142857142857,1.2857142857142858,3.5714285714285716,4.571428571428571,1.1428571428571428,1.5714285714285714,1.2142857142857142,1.0,,,,,,,,,,,,,,,,,,,,,,,,,,,,,,,,,,,,,,,,,,,,,,,,,,,,,,,,,,,,,
spinstersubatomiccoyness,2020-10-05,9.0,0.0,17.0,0.0,356.0,73.0,0.0,6.0,219.509305458002,0.0,12706.0,108.0,136.0,1.0,3.0,1.0,4.0,4.0,3.0,3.0,2.0,2.0,,,,,,,,4.0,,,,,3.3333333333333335,,,,,,,4.5,4.5,1.0,,2.75,,,,4.666666666666667,2.5,,1.0,,,,,5.0,,,,,,,,,,,,,,,,,,,,,,,,,
spinstersubatomiccoyness,2020-10-06,0.0,0.0,9.0,0.0,356.0,55.0,0.0,8.0,4325.190044382524,315.0,12131.0,94.0,124.0,1.0,5.0,2.0,5.0,5.0,1.0,2.0,2.0,1.0,,,,,,,,,4.0,,1.0,,1.0,,,1.0,2.0,,,5.0,5.0,,1.0,5.0,,5.0,,,,,1.0,5.0,,,,,2.5,,,,,,,,,,,,,,,,,,,,,,,,
spinstersubatomiccoyness,2020-10-07,6.0,0.0,14.0,0.0,257.0,70.0,0.0,18.0,883.8090472927403,0.0,12902.0,107.0,148.0,1.0,5.0,1.0,5.0,4.0,1.0,2.0,1.0,2.0,,,,,,,,,,4.0,1.0,5.0,,4.5,,1.0,1.0,5.0,,4.5,5.0,1.75,1.0,4.5,,,,,,,2.5,5.0,5.0,,1.0,5.0,,,,,,,,,,,,,,,,,,,,,,,,,
spinstersubatomiccoyness,2020-10-08,3.0,0.0,1.0,0.0,293.0,51.0,0.0,6.0,109.81845982285462,0.0,6944.0,106.0,128.0,1.0,5.0,1.0,4.0,4.0,1.0,2.0,2.0,2.0,,,,,,,,,,,,,,4.0,,,,4.0,,,,,,,,,,,,,,,4.0,,1.0,,,,,,,,,,,,,,,,,,,,,,,,,,
spinstersubatomiccoyness,2020-10-09,8.0,0.0,10.0,0.0,268.0,61.0,0.0,6.0,492.7372899144213,0.0,9395.0,118.0,64.0,1.0,4.0,1.0,5.0,4.0,1.0,2.0,1.0,1.0,,,,,,,,,,,,5.0,,,,1.0,,,,,5.0,,1.0,,,,,,,,,,5.0,,,,,,,,,,,,,,,,,,,,,,,,,,,,
spinstersubatomiccoyness,2020-10-10,9.0,1.0,3.0,0.0,305.0,51.0,0.0,8.0,1658.4527862299492,0.0,6356.0,78.0,120.0,1.0,4.0,1.0,4.0,5.0,1.0,1.0,1.0,1.0,,,,,,,,,,,1.0,,,,,,,5.0,,,,,1.0,4.0,,,,,,,,,,5.0,1.0,,,,,,,,,,,,,,,,,,,,,,,,,,
spinstersubatomiccoyness,2020-10-11,33.0,0.0,8.0,0.0,248.0,52.0,0.0,13.0,956.3351155762972,0.0,13566.0,72.0,55.0,1.0,4.0,2.0,3.0,4.0,1.0,2.0,2.0,2.0,,,,,,,,5.0,,,1.0,,1.0,,,,,,,,5.0,,,,1.0,5.0,5.0,,,,,,,,,,,1.0,,,,,,,,,,,,,,,,,,,,,,,
spinstersubatomiccoyness,2020-10-12,4.0,0.0,14.0,0.0,274.0,53.0,0.0,9.0,1587.3545619370627,0.0,10351.0,122.0,99.0,1.0,4.0,1.0,5.0,5.0,1.0,2.0,1.0,1.0,,,,,,,,,5.0,1.0,,,,,,,,,1.0,,5.0,1.0,,,1.0,,,,,,,,,,,,,,,,,,,,,,,,,,,,,,,,,,,,
spinstersubatomiccoyness,2020-10-13,5.0,0.0,0.0,0.0,291.0,49.0,0.0,7.0,193.4243681419533,0.0,8729.0,92.0,111.0,1.0,4.0,2.0,4.0,5.0,1.0,1.0,2.0,1.0,,,,,,,,,,,,,,,,,,,,5.0,,,,,1.0,,,,,,,,,,,,,,,,,,,,,,,,,,,,,,,,,,,,
spinstersubatomiccoyness,2020-10-14,6.0,0.0,5.0,0.0,292.0,50.0,0.0,9.0,,,11577.0,90.0,73.0,1.0,4.0,1.0,4.0,5.0,1.0,2.0,1.0,1.0,,,,,,,,,,,,,,,,,,,,,5.0,,,,,,,,,,,,,,1.0,,,,,,,,,,,,,,,,,,,,,,,,,,
spinstersubatomiccoyness,2020-10-15,0.0,0.0,9.0,0.0,292.0,34.0,0.0,17.0,,,7006.0,106.0,124.0,1.0,5.0,2.0,4.0,4.0,1.0,2.0,1.0,1.0,,,,,,,,,,,,,,,,,,5.0,,,,,,,,,,5.0,1.0,,,,5.0,,,,,,,,,,,,,,,,,,,,,,,,,,,,
spinstersubatomiccoyness,2020-10-16,16.0,9.0,7.0,0.0,263.0,59.0,0.0,29.0,,,9990.0,90.0,98.0,1.0,4.153846153846154,1.3846153846153846,3.8461538461538463,4.461538461538462,1.0769230769230769,1.6923076923076923,1.3846153846153846,1.1538461538461537,,,,,,,,,,,,,,,5.0,1.0,1.0,5.0,,,,,1.0,,,,,,,,,,,5.0,,,,,,,,,,,,,,,,,,,,,,,,,,,
spinstersubatomiccoyness,2020-10-17,4.0,0.0,0.0,0.0,279.0,54.0,0.0,4.0,787.6396911726565,0.0,7159.0,78.0,86.0,1.0,4.2727272727272725,1.4545454545454546,3.727272727272727,4.7272727272727275,1.0909090909090908,1.2727272727272727,1.0909090909090908,1.0,,,,,,,,,,,,,,,,,,,,,,,,,,,,,,,,,,,,,,,,,,,,,,,,,,,,,,,,,,,,,
spinstersubatomiccoyness,2020-10-18,4.0,0.0,1.0,0.0,279.0,71.0,0.0,8.0,,,12539.0,136.0,88.0,1.0,4.153846153846154,1.2307692307692308,3.769230769230769,4.846153846153846,1.0,1.0769230769230769,1.1538461538461537,1.0,,,,,,,,,,,,,,,,,,,,,,,,,,,,,,,,,,,,,,,,,,,,,,,,,,,,,,,,,,,,,
spinstersubatomiccoyness,2020-10-19,0.0,0.0,9.0,0.0,297.0,47.0,0.0,6.0,2238.125425822857,0.0,8023.0,144.0,108.0,1.0,3.6363636363636362,1.2727272727272727,3.4545454545454546,3.909090909090909,1.5454545454545454,2.1818181818181817,1.3636363636363635,1.0,,,,,,,,,,,,,,,,,,,,,,,,,,,,,,,,,,,,,,,,,,,,,,,,,,,,,,,,,,,,,
spinstersubatomiccoyness,2020-10-20,1.0,0.0,5.0,0.0,286.0,42.0,0.0,14.0,11777.99982897663,480.0,9996.0,116.0,86.0,1.0,4.0,3.0,4.0,5.0,1.0,2.0,1.0,1.0,,,,,,,,5.0,4.0,1.0,,,,,5.0,,,,,5.0,5.0,,,,,,5.0,,1.0,1.0,,5.0,,,1.0,5.0,,,,,,,,,,,,,,,,,,,,,,,,,
spinstersubatomiccoyness,2020-10-21,5.0,0.0,1.0,0.0,299.0,48.0,0.0,8.0,786.0688027982533,439.0,6431.0,96.0,49.0,2.0,3.0,2.0,3.0,5.0,1.0,2.0,1.0,1.0,,,,,,,,5.0,,1.0,,,1.0,,,,,,,4.5,5.0,,,,3.3333333333333335,,5.0,,,1.0,,5.0,,4.666666666666667,1.0,,1.0,1.0,1.0,,,,,,,,,,,,,,,,,,,,,,
spinstersubatomiccoyness,2020-10-22,4.0,0.0,12.0,0.0,271.0,66.0,0.0,7.0,,,9964.0,118.0,45.0,1.0,4.0,1.0,4.0,5.0,1.0,2.0,1.0,1.0,,,,,,,,,,2.0,1.0,,1.0,,,,,,4.75,,4.0,,,5.0,2.5,5.0,,,1.0,2.0,1.0,5.0,,5.0,1.0,,1.0,1.0,4.0,,,,,,,,,,,,,,,,,,,,,,
spinstersubatomiccoyness,2020-10-23,15.0,0.0,16.0,0.0,261.0,64.0,0.0,22.0,,,9071.0,124.0,70.0,1.0,5.0,2.0,5.0,5.0,1.0,2.0,2.0,1.0,,,,,,,,,,1.0,1.0,,,,,,,,5.0,,,,,5.0,,5.0,,,1.0,,1.0,,,5.0,,,,1.0,,,,,,,,,,,,,,,,,,,,,,,
spinstersubatomiccoyness,2020-10-24,16.0,0.0,4.0,0.0,250.0,46.0,0.0,30.0,,,8749.0,88.0,44.0,2.0,3.0,2.0,3.0,4.0,2.0,2.0,3.0,1.0,,,,,,,,,,,,,,,,,,,,,,,,,,,,,,,,,,,,,,,,,,,,,,,,,,,,,,,,,,,,,
spinstersubatomiccoyness,2020-10-25,0.0,0.0,0.0,0.0,304.0,37.0,0.0,3.0,,,6211.0,112.0,30.0,1.0,4.0,1.0,4.0,5.0,2.0,2.0,2.0,1.0,,,,,,,,,,,,,,,,,,,,,,,,,,,,,,,,,,,,,,,,,,,,,,,,,,,,,,,,,,,,,
spinstersubatomiccoyness,2020-10-26,0.0,0.0,12.0,0.0,282.0,50.0,0.0,4.0,,,10901.0,136.0,71.0,1.0,4.0,1.0,4.0,5.0,1.0,2.0,1.0,1.0,,,,,,,,,,,,,,,,,,,,,,,,,,,,,,,,,,,,,,,,,,,,,,,,,,,,,,,,,,,,,
spinstersubatomiccoyness,2020-10-27,4.0,0.0,7.0,0.0,293.0,53.0,0.0,5.0,,,7531.0,86.0,85.0,1.0,4.0,2.0,3.0,5.0,1.0,1.0,1.0,1.0,,,,,,,,,,,,,,5.0,1.0,1.0,3.0,4.0,5.0,,,1.0,1.75,,,5.0,,4.0,,1.0,,,5.0,5.0,,,,,2.3333333333333335,,,,,,,,,,,,,,,,,,,,,,
spinstersubatomiccoyness,2020-10-28,0.0,0.0,1.0,0.0,289.0,51.0,0.0,5.0,,,8778.0,100.0,79.0,1.0,4.0,2.0,4.0,5.0,1.0,1.0,1.0,1.0,,,,,,,,,,,,5.0,1.0,,,1.0,1.0,4.0,4.0,,5.0,,1.0,,,,,5.0,,1.0,1.0,,5.0,,,5.0,1.0,1.0,2.0,,,,,,,,,,,,,,,,,,,,,,
spinstersubatomiccoyness,2020-10-29,5.0,0.0,8.0,0.0,296.0,43.0,0.0,1.0,,,9261.0,74.0,55.0,1.0,4.0,1.0,4.0,4.0,1.0,2.0,1.0,1.0,,,,,,,,,,,,5.0,,,5.0,1.0,,,,4.0,5.0,,1.0,5.0,,5.0,,,,1.0,1.0,,,5.0,,,1.0,1.0,1.0,,,,,,,,,,,,,,,,,,,,,,
spinstersubatomiccoyness,2020-10-30,3.0,0.0,4.0,0.0,300.0,50.0,0.0,8.0,,,10362.0,70.0,80.0,1.0,4.0,1.0,4.0,4.0,1.0,1.0,3.0,1.0,,,,,,,,,,5.0,,5.0,,4.5,4.0,,,,3.3333333333333335,,,,1.0,5.0,,4.0,5.0,,,1.0,,5.0,5.0,5.0,,,,,1.6,,,,,,,,,,,,,,,,,,,,,,
spinstersubatomiccoyness,2020-10-31,4.0,0.0,7.0,0.0,245.0,88.0,0.0,21.0,,,39603.0,101.0,48.0,1.0,4.25,1.0,4.083333333333333,4.583333333333333,1.0,1.4166666666666667,1.1666666666666667,1.0,,,,,,,,,,,,,,,,,,,,,,,,,,,,,,,,,,,,,,,,,,,,,,,,,,,,,,,,,,,,,
spinstersubatomiccoyness,2020-11-01,0.0,0.0,6.0,0.0,259.0,70.0,0.0,5.0,,,14164.0,92.0,87.0,1.0,3.5833333333333335,2.3333333333333335,3.1666666666666665,4.333333333333333,1.1666666666666667,1.5833333333333333,1.4166666666666667,1.0,,,,,,,,,,,,,,,,,,,,,,,,,,,,,,,,,,,,,,,,,,,,,,,,,,,,,,,,,,,,,
spinstersubatomiccoyness,2020-11-02,0.0,0.0,5.0,0.0,242.0,57.0,0.0,3.0,,,11480.0,168.0,112.0,1.0,3.769230769230769,1.1538461538461537,3.8461538461538463,4.3076923076923075,1.4615384615384615,2.3076923076923075,1.5384615384615385,1.0769230769230769,,,,,,,,,,,,,,,,,,,,,,,,,,,,,,,,,,,,,,,,,,,,,,,,,,,,,,,,,,,,,
spinstersubatomiccoyness,2020-11-03,2.0,0.0,18.0,0.0,285.0,50.0,0.0,3.0,,,13442.0,100.0,74.0,1.0,3.6363636363636362,1.2727272727272727,3.727272727272727,4.2727272727272725,1.2727272727272727,1.8181818181818181,1.3636363636363635,1.0909090909090908,,,,,,,,,,,,,,,,,,,,,,,,,,,,,,,,,,,,,,,,,,,,,,,,,,,,,,,,,,,,,
spinstersubatomiccoyness,2020-11-04,0.0,0.0,5.0,0.0,297.0,46.0,0.0,3.0,,,9483.0,90.0,71.0,1.0,4.0,2.0,3.0,4.0,1.0,2.0,2.0,1.0,,,,,,,,,,,,,,,,,,,,,,,,,,,,,,,,,,,,,,,,,,,,,,,,,,,,,,,,,,,,,
spinstersubatomiccoyness,2020-11-05,5.0,1.0,9.0,0.0,279.0,55.0,0.0,5.0,,,8074.0,124.0,66.0,1.0,5.0,1.0,4.0,4.0,1.0,2.0,2.0,1.0,,,,,,,,,,,,,,,,,,,,,,,,,,,,,,,,,,,,,,,,,,,,,,,,,,,,,,,,,,,,,
spinstersubatomiccoyness,2020-11-06,0.0,0.0,1.0,0.0,309.0,37.0,0.0,4.0,,,4512.0,78.0,87.0,1.0,4.0,2.0,3.0,3.0,2.0,3.0,2.0,1.0,,,,,,,,,,,,,,,,,,,,,,,,,,,,,,,,,,,,,,,,,,,,,,,,,,,,,,,,,,,,,
spinstersubatomiccoyness,2020-11-07,3.0,0.0,4.0,0.0,310.0,30.0,0.0,8.0,,,4384.0,52.0,63.0,1.0,4.0,1.0,4.0,4.0,1.0,4.0,1.0,2.0,,,,,,,,,,,,,,,,,,,,,,,,,,,,,,,,,,,,,,,,,,,,,,,,,,,,,,,,,,,,,
spinstersubatomiccoyness,2020-11-08,0.0,0.0,0.0,0.0,296.0,52.0,0.0,0.0,,,8762.0,102.0,70.0,1.0,4.0,1.0,4.0,5.0,1.0,1.0,1.0,1.0,,,,,,,,,,,,,,,,,,,,,,,,,,,,,,,,,,,,,,,,,,,,,,,,,,,,,,,,,,,,,
spinstersubatomiccoyness,2020-11-09,0.0,0.0,0.0,0.0,114.0,1.0,0.0,0.0,,,11708.0,105.0,,1.0,4.0,1.0,4.0,4.0,1.0,1.0,2.0,1.0,,,,,,,,,,,,,,,,,,,,,,,,,,,,,,,,,,,,,,,,,,,,,,,,,,,,,,,,,,,,,
spinstersubatomiccoyness,2020-11-10,,,,,,,,,,,6666.0,116.0,,1.0,5.0,1.0,5.0,5.0,1.0,2.0,1.0,1.0,,,,,,,,,,,,,,,,,,,,,,,,,,,,,,,,,,,,,,,,,,,,,,,,,,,,,,,,,,,,,
spinstersubatomiccoyness,2020-11-11,,,,,,,,,,,11458.0,118.0,54.0,1.0,4.0,1.0,5.0,4.0,2.0,4.0,2.0,1.0,,,,,,,,,,,,,,,,,,,,,,,,,,,,,,,,,,,,,,,,,,,,,,,,,,,,,,,,,,,,,
spinstersubatomiccoyness,2020-11-12,,,,,,,,,,,8318.0,108.0,92.0,1.0,4.0,1.0,4.0,5.0,1.0,2.0,2.0,1.0,,,,,,,,,,,,,,,,,,,,,,,,,,,,,,,,,,,,,,,,,,,,,,,,,,,,,,,,,,,,,
spinstersubatomiccoyness,2020-11-13,,,,,,,,,,,35199.0,100.0,75.0,1.0,3.75,1.0833333333333333,3.5833333333333335,4.25,1.4166666666666667,1.6666666666666667,1.4166666666666667,1.0,,,,,,,,,,,,,,,,,,,,,,,,,,,,,,,,,,,,,,,,,,,,,,,,,,,,,,,,,,,,,
spinstersubatomiccoyness,2020-11-14,,,,,,,,,3382.4400902717143,38.0,12448.0,106.0,51.0,1.5,2.75,1.0,3.1666666666666665,4.0,1.5833333333333333,2.0,2.0,1.1666666666666667,,,,,,,,,,,,,,,,,,,,,,,,,,,,,,,,,,,,,,,,,,,,,,,,,,,,,,,,,,,,,
spinstersubatomiccoyness,2020-11-15,,,,,,,,,11928.663067573496,594.0,9935.0,108.0,89.0,1.0,4.166666666666667,1.5,3.9166666666666665,4.666666666666667,1.0833333333333333,1.5,1.1666666666666667,1.3333333333333333,,,,,,,,,,,,,,,,,,,,,,,,,,,,,,,,,,,,,,,,,,,,,,,,,,,,,,,,,,,,,
spinstersubatomiccoyness,2020-11-16,,,,,,,,,8220.260436173568,628.0,10554.0,188.0,83.0,1.0,4.75,1.0,4.75,3.9166666666666665,1.25,1.8333333333333333,1.0,2.272727272727273,,,,,,,,,,,,,,,,,,,,,,,,,,,,,,,,,,,,,,,,,,,,,,,,,,,,,,,,,,,,,
spinstersubatomiccoyness,2020-11-17,,,,,,,,,9539.283552244606,516.0,7410.0,126.0,88.0,1.0,5.0,1.0,4.0,5.0,1.0,1.0,1.0,1.0,,,,,,,,5.0,2.3333333333333335,,,,5.0,5.0,,,1.0,,5.0,,,1.0,,,1.0,5.0,,,,,,,,,,,1.0,,,,,,,,,,,,,,,,,,,,,,,,
spinstersubatomiccoyness,2020-11-18,,,,,,,,,8282.139238154186,398.0,7435.0,72.0,70.0,1.0,5.0,2.0,4.0,5.0,1.0,1.0,1.0,1.0,,,,,,,,5.0,4.333333333333333,1.0,,,1.0,,4.666666666666667,,1.0,,1.0,5.0,,1.0,,,,5.0,5.0,,,,1.0,5.0,,5.0,1.0,,,,4.0,,,,,,,,,,,,,,,,,,,,,,
spinstersubatomiccoyness,2020-11-19,,,,,,,,,12282.38691839644,519.0,9974.0,100.0,72.0,2.0,4.0,2.0,4.0,5.0,1.0,2.0,1.0,2.0,,,,,,,,5.0,4.2,3.6666666666666665,,,1.0,,4.0,,4.0,5.0,5.0,5.0,,1.0,1.0,5.0,,,5.0,5.0,3.0,,1.0,5.0,,5.0,1.0,5.0,,,1.0,,,,,,,,,,,,,,,,,,,,,,
spinstersubatomiccoyness,2020-11-20,,,,,,,,,13073.932315057147,497.0,5374.0,90.0,83.0,1.0,4.0,1.0,4.0,4.0,2.0,2.0,2.0,1.0,,,,,,,,5.0,4.0,1.0,1.0,5.0,,,,1.0,5.0,5.0,1.0,,5.0,1.0,,4.333333333333333,,,,5.0,,,,5.0,,4.666666666666667,,5.0,,1.0,1.0,,,,,,,,,,,,,,,,,,,,,,
spinstersubatomiccoyness,2020-11-21,,,,,,,,,15178.312128432312,530.0,10265.0,78.0,37.0,1.0,5.0,1.0,5.0,5.0,1.0,1.0,1.0,1.0,,,,,,,,5.0,4.416666666666667,,,5.0,1.0,,5.0,,,,2.5,,5.0,1.0,,4.666666666666667,,5.0,,,,,,5.0,,,1.0,,,1.0,,,,,,,,,,,,,,,,,,,,,,,
spinstersubatomiccoyness,2020-11-22,,,,,,,,,9418.923210214762,622.0,8702.0,80.0,,1.0,5.0,1.0,5.0,5.0,1.0,1.0,2.0,1.0,,,,,,,,5.0,3.375,1.0,,,1.0,,,,1.0,4.5,1.0,4.75,5.0,1.0,,,4.5,5.0,5.0,,,,1.0,5.0,,,1.0,,,1.0,,,,,,,,,,,,,,,,,,,,,,,
spinstersubatomiccoyness,2020-11-23,,,,,,,,,9147.338402645317,499.0,11194.0,114.0,31.0,1.0,5.0,1.0,5.0,4.0,1.0,1.0,1.0,2.0,,,,,,,,5.0,4.642857142857143,1.0,1.0,,,4.75,4.8,,1.0,5.0,,4.666666666666667,5.0,1.0,1.0,,1.0,,4.8,,,,1.0,,,,,,,1.5,,,,,,,,,,,,,,,,,,,,,,,
spinstersubatomiccoyness,2020-11-24,,,,,,,,,12199.184660131054,548.0,4351.0,52.0,61.0,,,,,,,,,,,,,,,,,,4.0,,,,,5.0,,,,,,4.0,5.0,1.0,1.0,,,,5.0,,,,1.0,,,,,,,1.0,,,,,,,,,,,,,,,,,,,,,,,
spinstersubatomiccoyness,2020-11-25,,,,,,,,,9571.468684983169,600.0,5519.0,66.0,33.0,,,,,,,,,,,,,,,,,,,,,,,,,,,,,,,,,,,,,,,,,,5.0,,,,,,,,,,,,,,,,,,,,,,,,,,,,
spinstersubatomiccoyness,2020-11-26,,,,,,,,,12957.379626072612,514.0,11110.0,70.0,56.0,,,,,,,,,,,,,,,,,,,,,,,,,,,,1.0,,,,,,,,,,,,,,,,,,,,,,,,,,,,,,,,,,,,,,,,,,
spinstersubatomiccoyness,2020-11-27,,,,,,,,,8721.975653424564,536.0,10920.0,54.0,70.0,,,,,,,,,,,,,,,,,,,,,,,,,,,,,,,,,,,,,,,,,,,,,,,,,,,,,,,,,,,,,,,,,,,,,,
spinstersubatomiccoyness,2020-11-28,,,,,,,,,12165.404577853224,554.0,11884.0,98.0,45.0,,,,,,,,,,,,,,,,,,,,,,,,4.0,,,,,,,,,,,,,,,,,,,,,,,,,,,,,,,,,,,,,,,,,,,,,,
spinstersubatomiccoyness,2020-11-29,,,,,,,,,8579.55056109465,740.0,49639.0,77.0,45.0,1.0,4.166666666666667,1.5833333333333333,3.4166666666666665,4.833333333333333,1.0,1.0,1.0,1.0,,,,,,,,,,,,,,,,,,,,,,,,,,,,,,,,,,,,,,,,,,,,,,,,,,,,,,,,,,,,,
spinstersubatomiccoyness,2020-11-30,,,,,,,,,11319.399177454328,495.0,17941.0,69.0,54.0,1.0,4.6923076923076925,1.1538461538461537,4.0,4.923076923076923,1.0769230769230769,1.0769230769230769,1.2307692307692308,1.0,,,,,,,,,,,,,,,,,,,,,,,,,,,,,,,,,,,,,,,,,,,,,,,,,,,,,,,,,,,,,
spinstersubatomiccoyness,2020-12-01,,,,,,,,,9628.450282542615,631.0,10084.0,103.0,67.0,1.0,4.333333333333333,1.5833333333333333,3.8333333333333335,4.833333333333333,1.0,1.0833333333333333,1.25,1.0,,,,,,,,,,,,,,,,,,,,,,,,,,,,,,,,,,,,,,,,,,,,,,,,,,,,,,,,,,,,,
spinstersubatomiccoyness,2020-12-02,,,,,,,,,11978.414709301423,481.0,16110.0,66.0,115.0,1.0,5.0,1.0,5.0,5.0,1.0,1.0,1.0,1.0,,,,,,,,5.0,5.0,,,,1.0,,,5.0,,,,5.0,,,,,4.0,5.0,,5.0,,,,,4.5,,,,1.0,,,,,,,,,,,,,,,,,,,,,,,,
spinstersubatomiccoyness,2020-12-03,,,,,,,,,10707.471769530086,404.0,9812.0,56.0,98.0,1.0,5.0,1.0,4.0,5.0,1.0,1.0,1.0,1.0,,,,,,,,5.0,3.6666666666666665,,1.0,,,5.0,,5.0,,,3.3333333333333335,,,,1.0,5.0,1.0,,,5.0,,,1.0,,5.0,5.0,,,1.0,,,,,,,,,,,,,,,,,,,,,,,,
spinstersubatomiccoyness,2020-12-04,,,,,,,,,12225.572879984962,479.0,11103.0,68.0,69.0,1.0,5.0,1.0,5.0,5.0,1.0,1.0,1.0,1.0,,,,,,,,5.0,3.8,,,,1.0,4.5,,5.0,1.0,5.0,1.0,,,1.0,1.0,5.0,,,5.0,,,,1.0,4.0,5.0,5.0,,5.0,,,,,,,,,,,,,,,,,,,,,,,,,
spinstersubatomiccoyness,2020-12-05,,,,,,,,,11346.020949209626,453.0,12944.0,66.0,98.0,1.0,5.0,1.0,5.0,5.0,1.0,1.0,1.0,1.0,,,,,,,,5.0,4.166666666666667,,1.0,,1.0,,5.0,5.0,1.0,4.833333333333333,,,5.0,1.0,1.0,,1.0,5.0,5.0,,1.0,,1.0,4.5,,5.0,,4.0,,,,,,,,,,,,,,,,,,,,,,,,,
spinstersubatomiccoyness,2020-12-06,,,,,,,,,9234.220643220457,636.0,9360.0,42.0,88.0,1.0,5.0,2.0,4.0,5.0,1.0,1.0,1.0,1.0,,,,,,,,5.0,3.0,,1.0,,,,,5.0,1.0,4.333333333333333,,,5.0,1.0,1.0,,1.0,5.0,,,1.0,,1.0,5.0,,,,,,,,,,,,,,,,,,,,,,,,,,,,,
spinstersubatomiccoyness,2020-12-07,,,,,,,,,10918.85970822142,572.0,20971.0,94.0,58.0,1.0,4.0,2.0,4.0,4.0,1.0,1.0,1.0,1.0,,,,,,,,5.0,3.75,,1.0,,,,5.0,5.0,1.0,5.0,,,,1.0,,5.0,1.0,5.0,,,,,,5.0,,5.0,,,1.0,,,,,,,,,,,,,,,,,,,,,,,,
spinstersubatomiccoyness,2020-12-08,,,,,,,,,13409.98748446919,536.0,17254.0,107.0,64.0,1.0,5.0,1.0,5.0,5.0,1.0,2.0,1.0,1.0,,,,,,,,5.0,3.7,,1.0,,,,5.0,,2.0,5.0,5.0,5.0,,2.0,,4.666666666666667,1.0,5.0,,5.0,,,,4.333333333333333,,5.0,,,1.0,,,,,,,,,,,,,,,,,,,,,,,,
spinstersubatomiccoyness,2020-12-09,,,,,,,,,10418.711499608313,505.0,15593.0,114.0,175.0,1.0,4.0,2.0,4.0,4.0,2.0,2.0,2.0,1.0,,,,,,,,5.0,3.6666666666666665,3.0,1.0,,,4.75,,,1.0,,,2.75,,,,,1.0,5.0,,3.5,,1.0,,,,5.0,,,1.0,1.0,,,,,,,,,,,,,,,,,,,,,,,
spinstersubatomiccoyness,2020-12-10,,,,,,,,,13218.080796895203,414.0,12960.0,84.0,276.0,1.0,5.0,1.0,4.0,5.0,1.0,1.0,1.0,1.0,,,,,,,,5.0,3.25,3.0,,,1.0,5.0,,,1.0,5.0,3.0,,,3.6666666666666665,,,1.0,5.0,,4.0,1.0,,1.0,5.0,,,1.0,5.0,1.0,1.0,,,,,,,,,,,,,,,,,,,,,,,
spinstersubatomiccoyness,2020-12-11,,,,,,,,,6183.882169792692,522.0,11124.0,78.0,220.0,1.0,5.0,1.0,5.0,5.0,1.0,2.0,1.0,1.0,,,,,,,,5.0,3.0,,,,1.0,,,5.0,,4.75,1.0,,5.0,1.0,1.0,,1.0,5.0,,,1.0,,1.0,3.3333333333333335,,,1.0,5.0,1.5,,,,,,,,,,,,,,,,,,,,,,,,
spinstersubatomiccoyness,2020-12-12,,,,,,,,,2412.1934873198,0.0,17643.0,106.0,184.0,1.0,4.0,1.5384615384615385,3.6923076923076925,4.6923076923076925,1.0,1.0,1.1538461538461537,1.0769230769230769,,,,,,,,,3.0,,,,,,,5.0,,4.5,,,,,1.0,,1.0,5.0,,,,,,4.0,,,,,1.0,,,,,,,,,,,,,,,,,,,,,,,,
spinstersubatomiccoyness,2020-12-13,,,,,,,,,,,13803.0,92.0,206.0,1.0,4.230769230769231,1.0,4.230769230769231,4.769230769230769,1.0769230769230769,1.3076923076923077,1.3846153846153846,1.0,,,,,,,,,,,,,,,,,,,,,,,,,,,,,,,,,,,,,,,,,,,,,,,,,,,,,,,,,,,,,
spinstersubatomiccoyness,2020-12-14,,,,,,,,,0.0,137.0,19723.0,163.0,212.0,1.0909090909090908,3.909090909090909,1.0909090909090908,3.8181818181818183,4.181818181818182,1.3636363636363635,1.6363636363636365,1.4545454545454546,1.1818181818181819,,,,,,,,,,,,,,,,,,,,,,,,,,,,,,,,,,,,,,,,,,,,,,,,,,,,,,,,,,,,,
spinstersubatomiccoyness,2020-12-15,,,,,,,,,,,16316.0,110.0,207.0,1.0,4.0,1.0769230769230769,3.8461538461538463,4.538461538461538,1.1538461538461537,1.1538461538461537,1.3846153846153846,1.0,,,,,,,,,,,,,,,,,,,,,,,,,,,,,,,,,,,,,,,,,,,,,,,,,,,,,,,,,,,,,
spinstersubatomiccoyness,2020-12-16,,,,,,,,,521.3434119335444,0.0,18576.0,106.0,231.0,1.0,4.0,3.0,3.0,4.0,1.0,1.0,2.0,2.0,,,,,,,,5.0,3.642857142857143,,,,,4.0,,,1.0,,,4.0,,1.0,,,,5.0,,4.0,,1.0,,,,4.25,,,1.0,,1.5,,,,,,,,,,,,,,,,,,,,,,
spinstersubatomiccoyness,2020-12-17,,,,,,,,,,,7994.0,82.0,151.0,1.0,5.0,1.0,4.0,4.0,1.0,2.0,2.0,1.0,,,,,,,,5.0,2.1666666666666665,1.0,1.0,,,2.5,3.0,,1.0,,,3.1818181818181817,,1.0,,,,5.0,,3.3333333333333335,,,,4.333333333333333,,4.666666666666667,,,1.0,,2.4545454545454546,,,,,,,,,,,,,,,,,,,,,,
spinstersubatomiccoyness,2020-12-18,,,,,,,,,,,19395.0,90.0,173.0,1.0,5.0,1.0,5.0,5.0,1.0,1.0,1.0,1.0,,,,,,,,5.0,3.5,2.8333333333333335,5.0,,,2.5,4.8,,,,,3.6666666666666665,,,,,,,,2.5,1.0,1.0,1.0,4.0,,5.0,1.0,5.0,1.0,,1.0,,,,,,,,,,,,,,,,,,,,,,
spinstersubatomiccoyness,2020-12-19,,,,,,,,,1971.0585129390688,0.0,13968.0,89.0,196.0,1.0,5.0,1.0,5.0,4.0,1.0,1.0,2.0,1.0,,,,,,,,,1.0,1.0,,5.0,,5.0,4.333333333333333,,,5.0,,4.0,,,,,,,,,1.0,1.0,1.0,,,,,,,,,,,,,,,,,,,,,,,,,,,,,,
spinstersubatomiccoyness,2020-12-20,,,,,,,,,,,10286.0,68.0,165.0,1.0,5.0,1.0,5.0,5.0,1.0,1.0,1.0,1.0,,,,,,,,5.0,,,,,,,4.0,,,,,,5.0,,,5.0,,,,5.0,,,,,,,,,,,,,,,,,,,,,,,,,,,,,,,,,
spinstersubatomiccoyness,2020-12-21,,,,,,,,,2618.06896210946,0.0,13351.0,91.0,121.0,1.0,5.0,1.0,5.0,5.0,2.0,1.0,1.0,2.0,,,,,,,,5.0,,,,,,,,,,,,5.0,,,,5.0,,,,5.0,,,,,,,,,,,,,,,,,,,,,,,,,,,,,,,,,
spinstersubatomiccoyness,2020-12-22,,,,,,,,,,,17743.0,56.0,214.0,1.0,5.0,1.0,5.0,5.0,1.0,1.0,1.0,1.0,,,,,,,,5.0,,,,5.0,,,,,,,,,5.0,,,,,,,,1.0,,,,,,,,,,,,,,,,,,,,,,,,,,,,,,,,
spinstersubatomiccoyness,2020-12-23,,,,,,,,,1291.6634009192844,48.0,14064.0,102.0,244.0,1.0,5.0,1.0,4.0,5.0,1.0,1.0,1.0,1.0,,,,,,,,5.0,,,1.0,,,,,,,,,,,1.0,,,,5.0,5.0,,,,,,,5.0,,,1.0,,1.0,,,,,,,,,,,,,,,,,,,,,,
spinstersubatomiccoyness,2020-12-24,,,,,,,,,0.0,180.0,13294.0,84.0,161.0,1.0,4.0,2.0,4.0,5.0,1.0,1.0,1.0,1.0,,,,,,,,5.0,1.0,2.5,,,1.0,,,,,,2.5,,,,,,,5.0,,,,,,,,,,,1.0,,,,,,,,,,,,,,,,,,,,,,,,
spinstersubatomiccoyness,2020-12-25,,,,,,,,,1923.146361682431,0.0,9875.0,116.0,81.0,1.0,4.769230769230769,1.0769230769230769,4.3076923076923075,4.846153846153846,1.0,1.0769230769230769,1.3076923076923077,1.0,,,,,,,,,,2.0,,,1.0,,4.0,,,,1.0,,5.0,,,,,5.0,,,,,1.0,,,,1.0,,1.0,,,,,,,,,,,,,,,,,,,,,,,,
spinstersubatomiccoyness,2020-12-26,,,,,,,,,1645.1484027865272,188.0,14581.0,96.0,67.0,1.0,4.538461538461538,1.0769230769230769,3.8461538461538463,4.846153846153846,1.0,1.0,1.3846153846153846,1.0,,,,,,,,,,,,,,,,,,,,,,,,,,,,,,,,,,,,,,,,,,,,,,,,,,,,,,,,,,,,,
spinstersubatomiccoyness,2020-12-27,,,,,,,,,,,14383.0,54.0,94.0,1.1538461538461537,4.076923076923077,1.3076923076923077,3.6153846153846154,4.769230769230769,1.2307692307692308,1.2307692307692308,1.3076923076923077,1.0,,,,,,,,,,,,,,,,,,,,,,,,,,,,,,,,,,,,,,,,,,,,,,,,,,,,,,,,,,,,,
spinstersubatomiccoyness,2020-12-28,,,,,,,,,2415.664813522681,0.0,41698.0,110.0,46.0,1.0,4.384615384615385,1.0769230769230769,4.076923076923077,4.846153846153846,1.1538461538461537,1.1538461538461537,1.3076923076923077,1.1538461538461537,,,,,,,,,,,,,,,,,,,,,,,,,,,,,,,,,,,,,,,,,,,,,,,,,,,,,,,,,,,,,
spinstersubatomiccoyness,2020-12-29,,,,,,,,,,,13067.0,66.0,64.0,2.0,4.0,1.0,4.0,5.0,2.0,2.0,2.0,1.0,,,,,,,,,,,,,,,,,,,,,,,,,,,,,,,,,,,,,,,,,,,,,,,,,,,,,,,,,,,,,
spinstersubatomiccoyness,2020-12-30,,,,,,,,,0.0,174.0,8996.0,58.0,81.0,1.0,4.0,1.0,4.0,5.0,1.0,1.0,1.0,1.0,,,,,,,,5.0,3.25,,,,1.0,,4.666666666666667,,,5.0,,,,,,,5.0,5.0,5.0,,,,,,,5.0,,1.0,1.0,,,,,,,,,,,,,,,,,,,,,,,,
spinstersubatomiccoyness,2020-12-31,,,,,,,,,,,12052.0,118.0,,1.0,5.0,1.0,5.0,5.0,1.0,1.0,1.0,1.0,,,,,,,,,4.0,,,5.0,1.0,,,,,5.0,,,,,,,3.0,5.0,,,,,,,,5.0,,,1.0,,,,,,,,,,,,,,,,,,,,,,,,
spinstersubatomiccoyness,2021-01-01,,,,,,,,,,,16763.0,83.0,101.0,2.0,3.0,2.0,3.0,5.0,1.0,1.0,3.0,1.0,,,,,,,,,,2.0,,5.0,1.8,,,,,,,,,,,,2.5,,,,,,,,,5.0,,,1.0,,,,,,,,,,,,,,,,,,,,,,,,
spinstersubatomiccoyness,2021-01-02,,,,,,,,,,,15264.0,66.0,69.0,1.0,4.0,1.0,4.0,5.0,1.0,1.0,2.0,1.0,,,,,,,,,,,,,,,,,,,,,,,,,,,,,,,,,,,,,,,,,,,,,,,,,,,,,,,,,,,,,
spinstersubatomiccoyness,2021-01-03,,,,,,,,,1199.691251410275,0.0,7442.0,87.0,80.0,1.0,4.0,1.0,4.0,5.0,1.0,1.0,2.0,1.0,,,,,,,,5.0,4.75,,,,2.0,,,5.0,,5.0,5.0,,,,,,,5.0,,5.0,1.0,,,,,,,,,,1.0,,,,,,,,,,,,,,,,,,,,,,
spinstersubatomiccoyness,2021-01-04,,,,,,,,,,,17611.0,103.0,39.0,2.0,4.0,2.0,4.0,5.0,1.0,2.0,2.0,1.0,,,,,,,,5.0,,,,,1.0,,,5.0,1.0,4.5,3.0,,,,,,,5.0,,4.5,1.0,,,,,,,,,1.0,1.0,,,,,,,,,,,,,,,,,,,,,,
spinstersubatomiccoyness,2021-01-05,,,,,,,,,,,9763.0,102.0,86.0,1.0,4.0,1.0,4.0,5.0,1.0,2.0,2.0,1.0,,,,,,,,,,,,,,,,,,,,,,,,,,,,,,,,,,,,,,,,,,,,,,,,,,,,,,,,,,,,,
spinstersubatomiccoyness,2021-01-06,,,,,,,,,,,9537.0,90.0,71.0,2.0,4.0,1.0,4.0,4.0,1.0,2.0,2.0,2.0,,,,,,,,,,1.0,,5.0,4.0,,5.0,5.0,1.0,4.75,4.0,5.0,,,3.0,,2.3333333333333335,,,,1.0,1.0,,,,,,,,4.0,1.0,,,,,,,,,,,,,,,,,,,,,,
spinstersubatomiccoyness,2021-01-07,,,,,,,,,,,5596.0,74.0,25.0,1.0,4.2,1.5,3.6,4.7,1.1,1.2,1.2,1.2,,,,,,,,,,1.0,,5.0,,,5.0,,,,,5.0,,,1.0,,2.5,5.0,,,,1.0,,,,,,,,,1.0,,,,,,,,,,,,,,,,,,,,,,
spinstersubatomiccoyness,2021-01-08,,,,,,,,,,,11463.0,76.0,18.0,1.0,4.75,1.0,4.166666666666667,4.75,1.0,1.0,1.0833333333333333,1.0,,,,,,,,,,,,,,,,,,,,,,,,,,,,,,,,,,,,,,,,,,,,,,,,,,,,,,,,,,,,,
spinstersubatomiccoyness,2021-01-09,,,,,,,,,,,7572.0,124.0,48.0,1.0,4.545454545454546,1.3636363636363635,3.8181818181818183,4.7272727272727275,1.0,1.1818181818181819,1.0,1.0,,,,,,,,,,,,,,,,,,,,,,,,,,,,,,,,,,,,,,,,,,,,,,,,,,,,,,,,,,,,,
spinstersubatomiccoyness,2021-01-10,,,,,,,,,,,10844.0,129.0,66.0,1.0,4.153846153846154,1.2307692307692308,3.6153846153846154,4.461538461538462,1.2307692307692308,1.1538461538461537,1.6153846153846154,1.0,,,,,,,,,,,,,,,,,,,,,,,,,,,,,,,,,,,,,,,,,,,,,,,,,,,,,,,,,,,,,
spinstersubatomiccoyness,2021-01-11,,,,,,,,,,,5312.0,58.0,50.0,1.0,4.0,2.0,3.0,4.0,1.0,2.0,2.0,2.0,,,,,,,,,,1.0,,,,2.5,,,,,,,,1.0,,,,,,,1.0,,1.0,5.0,,,,5.0,1.0,,,,,,,,,,,,,,,,,,,,,,,,
spinstersubatomiccoyness,2021-01-12,,,,,,,,,,,7431.0,73.0,31.0,1.0,4.0,1.0,4.0,5.0,1.0,2.0,1.0,1.0,,,,,,,,,,5.0,,5.0,,4.333333333333333,,,,,,3.6666666666666665,5.0,1.0,1.0,,,,,,1.0,1.0,1.0,5.0,,,1.0,,1.0,1.0,,,,,,,,,,,,,,,,,,,,,,,
spinstersubatomiccoyness,2021-01-13,,,,,,,,,,,7847.0,52.0,24.0,1.0,5.0,1.0,5.0,5.0,1.0,1.0,1.0,1.0,,,,,,,,4.0,4.642857142857143,,4.333333333333333,5.0,,,2.3333333333333335,1.0,,,3.3333333333333335,5.0,,,1.0,4.0,,,5.0,,,1.0,,5.0,,5.0,1.0,5.0,2.5,1.0,,,,,,,,,,,,,,,,,,,,,,,
spinstersubatomiccoyness,2021-01-14,,,,,,,,,,,3647.0,52.0,24.0,1.0,4.0,2.0,4.0,4.0,1.0,1.0,1.0,1.0,,,,,,,,,,,4.0,5.0,2.0,4.666666666666667,,,,,4.666666666666667,5.0,,,2.0,4.0,,,5.0,,1.0,,,,,5.0,,,,1.0,,,,,,,,,,,,,,,,,,,,,,,
spinstersubatomiccoyness,2021-01-15,,,,,,,,,,,5044.0,58.0,22.0,1.0,5.0,1.0,4.0,4.0,1.0,2.0,1.0,1.0,,,,,,,,,,,,5.0,,5.0,,,,,,,,,,,,,,,1.0,,,,,,,,,,,,,,,,,,,,,,,,,,,,,,,,
spinstersubatomiccoyness,2021-01-16,,,,,,,,,,,6442.0,58.0,39.0,1.0,5.0,1.0,4.0,5.0,1.0,1.0,1.0,1.0,,,,,,,,,5.0,,1.0,5.0,5.0,4.333333333333333,,,,,4.333333333333333,5.0,,,2.0,,,,4.5,,1.0,,,,,,,,,1.0,,,,,,,,,,,,,,,,,,,,,,,
spinstersubatomiccoyness,2021-01-17,,,,,,,,,,,10571.0,64.0,26.0,1.0,5.0,1.0,5.0,5.0,1.0,1.0,1.0,1.0,,,,,,,,,,,,5.0,1.0,4.666666666666667,,,1.0,,4.0,4.0,,,1.0,5.0,,,5.0,,1.0,,,,,,,,,1.0,,,,,,,,,,,,,,,,,,,,,,,
spinstersubatomiccoyness,2021-01-18,,,,,,,,,,,9210.0,56.0,13.0,1.0,3.0,2.0,3.0,4.0,1.0,1.0,2.0,1.0,,,,,,,,,,,1.0,,,5.0,4.25,1.0,1.0,5.0,1.0,,5.0,,,4.5,3.0,5.0,5.0,,,1.0,,,5.0,,,,,,,,,,,,,,,,,,,,,,,,,,,,
spinstersubatomiccoyness,2021-01-19,,,,,,,,,,,8233.0,72.0,41.0,1.0,4.0,1.0,4.0,5.0,1.0,1.0,2.0,1.0,,,,,,,,5.0,4.5,3.0,,,,,4.0,1.0,1.0,5.0,,,5.0,,,,1.0,5.0,4.5,,,1.0,1.0,5.0,5.0,,,,1.0,,1.0,,,,,,,,,,,,,,,,,,,,,,
spinstersubatomiccoyness,2021-01-20,,,,,,,,,,,6783.0,52.0,37.0,1.0,4.0,2.0,4.0,5.0,1.0,1.0,1.0,1.0,,,,,,,,,,1.0,,,,,5.0,,1.0,,,,,,,,,,,,,,1.0,5.0,,,,,,,,,,,,,,,,,,,,,,,,,,,,,
spinstersubatomiccoyness,2021-01-21,,,,,,,,,,,10597.0,83.0,57.0,1.0,5.0,1.0,4.0,4.0,1.0,1.0,1.0,2.0,,,,,,,,,1.0,,,,,,,1.0,1.0,5.0,,,5.0,,,,,,,,,,1.0,,,,,,1.0,,,,,,,,,,,,,,,,,,,,,,,,
spinstersubatomiccoyness,2021-01-22,,,,,,,,,,,14385.0,90.0,110.0,1.0,3.7,1.9,3.4,4.3,1.1,1.3,1.2,1.0,,,,,,,,,,,,,,,,,,,,,,,,,,,,,,,,,,,,,,,,,,,,,,,,,,,,,,,,,,,,,
spinstersubatomiccoyness,2021-01-23,,,,,,,,,,,11450.0,83.0,169.0,1.0,4.6,1.8,3.5,4.8,1.1,1.2,1.0,1.0,,,,,,,,,,,,,,,,,,,,,,,,,,,,,,,,,,,,,,,,,,,,,,,,,,,,,,,,,,,,,
spinstersubatomiccoyness,2021-01-24,,,,,,,,,,,11132.0,98.0,108.0,1.0,4.3076923076923075,1.4615384615384615,3.5384615384615383,4.615384615384615,1.1538461538461537,1.4615384615384615,1.3076923076923077,1.0769230769230769,,,,,,,,,,,,,,,,,,,,,,,,,,,,,,,,,,,,,,,,,,,,,,,,,,,,,,,,,,,,,
spinstersubatomiccoyness,2021-01-25,,,,,,,,,,,9877.0,96.0,39.0,1.0,4.222222222222222,1.1111111111111112,3.6666666666666665,4.666666666666667,1.0,1.2222222222222223,1.0,1.0,,,,,,,,,,,,,,,,,,,,,,,,,,,,,,,,,,,,,,,,,,,,,,,,,,,,,,,,,,,,,
spinstersubatomiccoyness,2021-01-26,,,,,,,,,,,7877.0,68.0,36.0,1.0,5.0,1.0,4.0,5.0,1.0,2.0,1.0,1.0,,,,,,,,5.0,,,,,,,,,,,,5.0,4.5,1.0,1.0,,,,5.0,,1.0,1.0,2.0,,,,,5.0,,,1.0,,,,,,,,,,,,,,,,,,,,,,
spinstersubatomiccoyness,2021-01-27,,,,,,,,,,,12405.0,64.0,62.0,,,,,,,,,,,,,,,,,,,,,5.0,4.666666666666667,,4.666666666666667,,,,4.8,,5.0,,1.0,,2.0,,,,,1.0,1.0,,,5.0,1.0,,,,,,,,,,,,,,,,,,,,,,,,,,
spinstersubatomiccoyness,2021-01-28,,,,,,,,,,,9100.0,59.0,45.0,1.0,4.0,1.0,4.0,5.0,1.0,1.0,1.0,1.0,,,,,,,,,,,1.0,5.0,1.0,,1.0,,,,4.0,5.0,,,2.0,4.6,4.0,5.0,,5.0,,1.0,,,4.666666666666667,5.0,1.0,5.0,,,,,,,,,,,,,,,,,,,,,,,,,
spinstersubatomiccoyness,2021-01-29,,,,,,,,,,,7783.0,77.0,51.0,1.0,5.0,1.0,5.0,5.0,1.0,1.0,1.0,1.0,,,,,,,,,,1.0,1.0,,4.666666666666667,4.0,,,,5.0,,5.0,5.0,,1.0,5.0,,5.0,,,,1.0,1.0,,5.0,4.666666666666667,2.0,,1.0,,,,,,,,,,,,,,,,,,,,,,,,
spinstersubatomiccoyness,2021-01-30,,,,,,,,,,,19029.0,98.0,131.0,1.0,3.0,1.0,4.0,4.0,1.0,2.0,3.0,2.0,,,,,,,,,,1.0,1.0,4.0,2.0,4.0,,,,5.0,4.25,,5.0,,1.0,5.0,4.5,5.0,4.5,,,,1.0,,,4.5,,4.5,2.5,,,,,,,,,,,,,,,,,,,,,,,,
spinstersubatomiccoyness,2021-01-31,,,,,,,,,,,9200.0,113.0,264.0,1.0,4.0,1.0,4.0,5.0,1.0,1.0,2.0,1.0,,,,,,,,,,,4.0,,,,,,,,,,,,,5.0,,,,,,,,,,,,,,,,,,,,,,,,,,,,,,,,,,,,,
spinstersubatomiccoyness,2021-02-01,,,,,,,,,,,5153.0,48.0,181.0,1.0,4.0,2.0,4.0,4.0,1.0,1.0,2.0,1.0,,,,,,,,,1.0,,4.0,5.0,1.0,,,,,,1.0,,,,,,4.0,,5.0,,,,,,,5.0,,,1.0,,,,,,,,,,,,,,,,,,,,,,,,
spinstersubatomiccoyness,2021-02-02,,,,,,,,,,,5953.0,44.0,48.0,1.0,4.0,3.0,3.0,4.0,1.0,2.0,1.0,1.0,,,,,,,,,,,,,,,,,,,,,,,,,,,,,,,,,,,,,,,,,,,,,,,,,,,,,,,,,,,,,
spinstersubatomiccoyness,2021-02-03,,,,,,,,,,,4009.0,38.0,44.0,1.0,4.0,1.0,4.0,4.0,1.0,2.0,2.0,1.0,,,,,,,,,,,,,,,,,,,,,,,,,,,,,,,,,,,,,,,,,,,,,,,,,,,,,,,,,,,,,
spinstersubatomiccoyness,2021-02-04,,,,,,,,,,,6882.0,36.0,18.0,1.0,5.0,1.0,5.0,5.0,1.0,1.0,1.0,1.0,,,,,,,,,,,,,,,,,,,,,,,,,,,,,,,,,,,,,,,,,,,,,,,,,,,,,,,,,,,,,
spinstersubatomiccoyness,2021-02-05,,,,,,,,,,,16848.0,122.0,30.0,1.0,5.0,1.0,5.0,5.0,1.0,1.0,1.0,1.0,,,,,,,,,,,,,,,,,,,,,,,,,,,,,,,,,,,,,,,,,,,,,,,,,,,,,,,,,,,,,
spinstersubatomiccoyness,2021-02-06,,,,,,,,,,,18793.0,88.0,101.0,1.0,4.5,1.8333333333333333,3.5,4.833333333333333,1.0,1.25,1.0,1.0,,,,,,,,,,,,,,,,,,,,,,,,,,,,,,,,,,,,,,,,,,,,,,,,,,,,,,,,,,,,,
spinstersubatomiccoyness,2021-02-07,,,,,,,,,,,42606.0,77.0,221.0,1.0,4.666666666666667,1.5,4.083333333333333,4.5,1.1666666666666667,1.0833333333333333,1.0833333333333333,1.0833333333333333,,,,,,,,,,,,,,,,,,,,,,,,,,,,,,,,,,,,,,,,,,,,,,,,,,,,,,,,,,,,,
spinstersubatomiccoyness,2021-02-08,,,,,,,,,,,9774.0,67.0,74.0,1.0,4.5,1.25,3.9166666666666665,4.75,1.0,1.25,1.0833333333333333,1.0,,,,,,,,,,,,,,,,,,,,,,,,,,,,,,,,,,,,,,,,,,,,,,,,,,,,,,,,,,,,,
spinstersubatomiccoyness,2021-02-09,,,,,,,,,,,7700.0,93.0,55.0,1.0,4.090909090909091,1.8181818181818181,3.8181818181818183,4.636363636363637,1.0909090909090908,1.0,1.1818181818181819,1.0,,,,,,,,,,,,,,,,,,,,,,,,,,,,,,,,,,,,,,,,,,,,,,,,,,,,,,,,,,,,,
spinstersubatomiccoyness,2021-02-10,,,,,,,,,,,7510.0,66.0,34.0,1.0,5.0,2.0,5.0,5.0,1.0,1.0,2.0,1.0,,,,,,,,,,,,,,,,,,,,,,,,,,,,,,,,,,,,,,,,,,,,,,,,,,,,,,,,,,,,,
spinstersubatomiccoyness,2021-02-11,,,,,,,,,,,12484.0,118.0,51.0,1.0,4.0,1.0,5.0,5.0,1.0,1.0,1.0,1.0,,,,,,,,,,,,,,,,,,,,,,,,,,,,,,,,,,,,,,,,,,,,,,,,,,,,,,,,,,,,,
spinstersubatomiccoyness,2021-02-12,,,,,,,,,,,14628.0,62.0,72.0,,,,,,,,,,,,,,,,,,,,,,,,,,,,,,,,,,,,,,,,,,,,,,,,,,,,,,,,,,,,,,,,,,,,,,
spinstersubatomiccoyness,2021-02-13,,,,,,,,,,,39913.0,85.0,139.0,1.0,5.0,1.0,5.0,5.0,1.0,1.0,1.0,1.0,,,,,,,,,,,,,,,,,,,,,,,,,,,,,,,,,,,,,,,,,,,,,,,,,,,,,,,,,,,,,
spinstersubatomiccoyness,2021-02-14,,,,,,,,,,,12410.0,86.0,122.0,1.0,5.0,1.0,5.0,5.0,1.0,1.0,1.0,1.0,,,,,,,,,,,,,,,,,,,,,,,,,,,,,,,,,,,,,,,,,,,,,,,,,,,,,,,,,,,,,
spinstersubatomiccoyness,2021-02-15,,,,,,,,,,,6085.0,60.0,93.0,1.0,5.0,1.0,5.0,4.0,1.0,2.0,2.0,1.0,,,,,,,,,,,,,,,,,,,,,,,,,,,,,,,,,,,,,,,,,,,,,,,,,,,,,,,,,,,,,
spinstersubatomiccoyness,2021-02-16,,,,,,,,,629.8900920277254,46.0,12779.0,122.0,109.0,1.0,5.0,2.0,5.0,4.0,2.0,2.0,2.0,1.0,,,,,,,,,,,,,,,,,,,,,,,,,,,,,,,,,,,,,,,,,,,,,,,,,,,,,,,,,,,,,
spinstersubatomiccoyness,2021-02-17,,,,,,,,,4794.635577404892,466.0,15506.0,76.0,95.0,1.0,5.0,1.0,4.0,5.0,1.0,2.0,2.0,1.0,,,,,,,,5.0,3.75,,,,4.0,,4.333333333333333,,,5.0,,,,1.0,2.5,,,,,4.0,,,1.0,,,5.0,,5.0,,1.0,,,,,,,,,,,,,,,,,,,,,,,
spinstersubatomiccoyness,2021-02-18,,,,,,,,,8525.54870452379,214.0,11846.0,128.0,103.0,1.0,5.0,2.0,5.0,4.0,1.0,2.0,1.0,2.0,,,,,,,,5.0,3.75,3.4,,5.0,1.0,,4.5,,1.0,4.5,,,5.0,1.0,1.0,,,,,4.0,2.5,,1.0,5.0,,5.0,,,,1.0,1.75,,,,,,,,,,,,,,,,,,,,,,
spinstersubatomiccoyness,2021-02-19,,,,,,,,,5067.399086781183,512.0,16774.0,93.0,208.0,1.0,4.0,5.0,3.0,4.0,1.0,1.0,1.0,1.0,,,,,,,,5.0,4.333333333333333,,1.0,,1.75,,,,4.0,5.0,1.0,,3.0,,,,2.5,4.75,,,4.0,,,5.0,,,1.0,,1.0,,3.25,,,,,,,,,,,,,,,,,,,,,,
spinstersubatomiccoyness,2021-02-20,,,,,,,,,9458.26171020571,466.0,17351.0,101.0,196.0,1.1818181818181819,3.3636363636363638,1.2727272727272727,3.4545454545454546,4.181818181818182,1.0909090909090908,1.0909090909090908,1.5454545454545454,1.0,,,,,,,,,,,1.0,,1.0,,,,,,1.0,,,,,,1.0,,,,,,,,,,,,1.0,,5.0,,,,,,,,,,,,,,,,,,,,,,
spinstersubatomiccoyness,2021-02-21,,,,,,,,,11558.717444789854,401.0,16852.0,118.0,212.0,1.0,4.7272727272727275,1.1818181818181819,4.2727272727272725,4.818181818181818,1.0,1.5454545454545454,1.0,1.0,,,,,,,,,,,,,,,,,,,,,,,,,,,,,,,,,,,,,,,,,,,,,,,,,,,,,,,,,,,,,
spinstersubatomiccoyness,2021-02-22,,,,,,,,,3976.504862590747,500.0,10030.0,86.0,132.0,1.0,4.375,1.25,3.875,4.875,1.0,1.125,1.25,1.0,,,,,,,,,,,,,,,,,,,,,,,,,,,,,,,,,,,,,,,,,,,,,,,,,,,,,,,,,,,,,
spinstersubatomiccoyness,2021-02-23,,,,,,,,,9622.858584249556,622.0,9765.0,88.0,73.0,1.0,4.545454545454546,1.2727272727272727,4.181818181818182,4.818181818181818,1.0,1.0909090909090908,1.0909090909090908,1.1818181818181819,,,,,,,,,,,,,,,,,,,,,,,,,,,,,,,,,,,,,,,,,,,,,,,,,,,,,,,,,,,,,
spinstersubatomiccoyness,2021-02-24,,,,,,,,,5240.132542677017,627.0,14215.0,80.0,100.0,1.0,5.0,1.0,5.0,5.0,1.0,1.0,1.0,1.0,,,,,,,,5.0,3.3333333333333335,3.6666666666666665,,,,,,,1.0,5.0,5.0,,,,1.0,5.0,,5.0,,5.0,1.0,1.0,,,,,,,,,,,,,,,,,,,,,,,,,,,,,,,
spinstersubatomiccoyness,2021-02-25,,,,,,,,,9414.78337056024,650.0,9665.0,108.0,196.0,1.0,5.0,1.0,5.0,5.0,1.0,1.0,1.0,1.0,,,,,,,,5.0,4.0,1.0,,,,,,,1.0,4.75,3.6666666666666665,,5.0,1.0,1.0,5.0,1.0,5.0,,5.0,,1.0,1.0,,5.0,,1.0,,,,,,,,,,,,,,,,,,,,,,,,,,
spinstersubatomiccoyness,2021-02-26,,,,,,,,,9610.285450187645,579.0,14534.0,104.0,131.0,1.0,5.0,1.0,5.0,5.0,1.0,1.0,1.0,1.0,,,,,,,,4.5,4.555555555555555,,,5.0,5.0,5.0,,1.0,,,2.5,5.0,5.0,1.0,,5.0,,,,,,1.0,1.0,5.0,,5.0,,5.0,,1.0,,,,,,,,,,,,,,,,,,,,,,,
spinstersubatomiccoyness,2021-02-27,,,,,,,,,12968.725929507851,519.0,9708.0,92.0,168.0,1.0,5.0,1.0,5.0,5.0,1.0,1.0,1.0,1.0,,,,,,,,5.0,3.857142857142857,,1.0,,,5.0,4.5,,,5.0,5.0,,,,,,1.0,5.0,,4.0,,2.5,,,,,,5.0,1.0,,1.0,,,,,,,,,,,,,,,,,,,,,,
spinstersubatomiccoyness,2021-02-28,,,,,,,,,9038.364442544424,574.0,10586.0,99.0,105.0,1.0,5.0,1.0,5.0,5.0,1.0,1.0,1.0,1.0,,,,,,,,5.0,3.857142857142857,,1.0,5.0,,,5.0,,,5.0,2.0,,5.0,,,,3.3333333333333335,5.0,,4.333333333333333,,1.0,,5.0,,,,,1.0,,2.0,,,,,,,,,,,,,,,,,,,,,,
spinstersubatomiccoyness,2021-03-01,,,,,,,,,8210.86631003883,365.0,16917.0,78.0,122.0,1.0,5.0,1.0,5.0,5.0,1.0,1.0,1.0,1.0,,,,,,,,5.0,3.0,,1.0,5.0,,,5.0,,,4.666666666666667,,,5.0,,,,1.0,,,,1.0,1.0,,4.0,5.0,,,,,,2.5,,,,,,,,,,,,,,,,,,,,,,
spinstersubatomiccoyness,2021-03-02,,,,,,,,,12542.163561151625,329.0,12047.0,108.0,144.0,1.0,5.0,1.0,5.0,5.0,1.0,2.0,2.0,1.0,,,,,,,,5.0,4.222222222222222,3.0,1.0,,3.0,,,,1.0,4.0,2.5,,5.0,,1.0,,1.0,5.0,5.0,,1.5,1.0,,,5.0,5.0,,,,,2.5,,,,,,,,,,,,,,,,,,,,,,
spinstersubatomiccoyness,2021-03-03,,,,,,,,,9794.509128040154,552.0,13240.0,89.0,135.0,2.0,5.0,2.0,4.0,5.0,1.0,2.0,1.0,1.0,,,,,,,,5.0,3.6666666666666665,,,,2.3333333333333335,5.0,,1.0,2.5,,,,,,,5.0,1.0,5.0,5.0,,,,,,5.0,5.0,1.0,,,,,,,,,,,,,,,,,,,,,,,,,,
spinstersubatomiccoyness,2021-03-04,,,,,,,,,4994.728085293831,538.0,11529.0,124.0,195.0,1.0,5.0,2.0,4.0,5.0,1.0,1.0,1.0,1.0,,,,,,,,5.0,3.3333333333333335,,1.0,,2.5,2.5,4.0,1.0,3.1666666666666665,4.666666666666667,,3.0,,,1.0,4.666666666666667,,5.0,4.666666666666667,,,1.0,,5.0,,5.0,1.0,,,,1.0,,,,,,,,,,,,,,,,,,,,,,
spinstersubatomiccoyness,2021-03-05,,,,,,,,,16037.476840130272,494.0,9517.0,94.0,165.0,1.0,5.0,1.0,5.0,5.0,1.0,1.0,1.0,1.0,,,,,,,,5.0,3.2,,1.0,5.0,,,3.3333333333333335,1.0,1.0,,,5.0,,1.0,1.0,5.0,,5.0,2.5,,,1.0,,5.0,5.0,5.0,,,,1.0,3.3333333333333335,,,,,,,,,,,,,,,,,,,,,,
spinstersubatomiccoyness,2021-03-06,,,,,,,,,8093.347246485001,359.0,33499.0,167.0,76.0,1.1111111111111112,3.7777777777777777,1.2222222222222223,3.2222222222222223,3.888888888888889,1.4444444444444444,1.2222222222222223,1.1111111111111112,1.4444444444444444,,,,,,,,5.0,4.2,,,5.0,,,,1.0,,,,5.0,,5.0,,5.0,,5.0,,,,,,,,5.0,,,,1.0,1.0,,,,,,,,,,,,,,,,,,,,,,
spinstersubatomiccoyness,2021-03-07,,,,,,,,,13588.55300380504,359.0,21586.0,98.0,119.0,1.0,4.384615384615385,1.4615384615384615,3.923076923076923,4.076923076923077,1.0,1.0769230769230769,1.1538461538461537,1.0769230769230769,,,,,,,,,,,,,,,,,,,,,,,,,,,,,,,,,,,,,,,,,,,,,,,,,,,,,,,,,,,,,
spinstersubatomiccoyness,2021-03-08,,,,,,,,,5126.765803709897,313.0,11578.0,88.0,133.0,1.0,4.363636363636363,1.0909090909090908,4.0,4.545454545454546,1.0909090909090908,1.0909090909090908,1.0909090909090908,1.0,,,,,,,,,,,,,,,,,,,,,,,,,,,,,,,,,,,,,,,,,,,,,,,,,,,,,,,,,,,,,
spinstersubatomiccoyness,2021-03-09,,,,,,,,,8552.508057903204,332.0,14775.0,88.0,139.0,1.0,3.8333333333333335,1.5833333333333333,3.1666666666666665,4.666666666666667,1.0833333333333333,1.0833333333333333,1.0,1.0,,,,,,,,,,,,,,,,,,,,,,,,,,,,,,,,,,,,,,,,,,,,,,,,,,,,,,,,,,,,,
spinstersubatomiccoyness,2021-03-10,,,,,,,,,3617.5431754895794,169.0,14293.0,134.0,,3.0,5.0,1.0,4.0,5.0,2.0,1.0,1.0,1.0,,,,,,,,,4.2,,1.0,4.0,,4.333333333333333,,,,,4.5,,5.0,1.0,1.0,,,5.0,,,,,,,,,,5.0,,1.0,,,,,,,,,,,,,,,,,,,,,,,
spinstersubatomiccoyness,2021-03-11,,,,,,,,,10729.10078286174,491.0,11647.0,93.0,163.0,2.0,4.0,1.0,5.0,4.0,2.0,1.0,1.0,2.0,,,,,,,,5.0,3.0,,1.0,5.0,,,,,1.0,,1.8,,5.0,1.0,1.0,,,5.0,,,,,1.0,,5.0,,4.0,,,1.0,,,,,,,,,,,,,,,,,,,,,,,
spinstersubatomiccoyness,2021-03-12,,,,,,,,,4693.794763638617,405.0,17301.0,68.0,108.0,3.0,4.0,1.0,4.0,4.0,2.0,1.0,1.0,2.0,,,,,,,,5.0,3.25,,1.0,,1.0,,,,1.6,5.0,2.5,,5.0,1.0,1.0,,,4.0,1.0,,,,1.0,,4.333333333333333,,2.142857142857143,,,1.75,,,,,,,,,,,,,,,,,,,,,,,
spinstersubatomiccoyness,2021-03-13,,,,,,,,,4544.381178953254,415.0,39499.0,45.0,,2.0,4.0,1.0,4.0,4.0,2.0,2.0,2.0,1.0,,,,,,,,5.0,3.3333333333333335,,1.0,,1.0,4.0,,5.0,1.0,5.0,2.5,,,,1.0,,,5.0,1.0,,,,1.0,4.0,,3.0,4.5,,,1.0,1.0,,,,,,,,,,,,,,,,,,,,,,
spinstersubatomiccoyness,2021-03-14,,,,,,,,,5854.439702274179,464.0,13143.0,183.0,132.0,4.0,4.0,1.0,4.0,3.0,2.0,3.0,2.0,2.0,,,,,,,,,2.5,,2.3333333333333335,,,,,5.0,,,,5.0,,,,,1.0,5.0,,1.0,1.0,,,,,4.6,1.0,,,,1.0,,,,,,,,,,,,,,,,,,,,,,
spinstersubatomiccoyness,2021-03-15,,,,,,,,,10229.378462627374,238.0,11664.0,135.0,98.0,3.0,3.0,2.0,3.0,4.0,3.0,3.0,2.0,1.0,,,,,,,,4.2,4.0,,4.2,,3.0,5.0,,1.0,4.0,5.0,,5.0,,,,,1.0,5.0,4.5,4.0,4.0,,,4.0,3.0,1.0,2.0,,,,3.0,,,,,,,,,,,,,,,,,,,,,,
spinstersubatomiccoyness,2021-03-16,,,,,,,,,6368.436290281609,397.0,11114.0,68.0,104.0,2.0,4.0,1.0,3.0,4.0,1.0,2.0,1.0,1.0,,,,,,,,5.0,5.0,,5.0,5.0,2.0,4.75,,1.0,2.5,4.666666666666667,,5.0,5.0,,,,1.6,5.0,,,,,,4.0,4.666666666666667,4.5,1.0,,,,2.5,,,,,,,,,,,,,,,,,,,,,,
spinstersubatomiccoyness,2021-03-17,,,,,,,,,5902.389421807691,280.0,15342.0,95.0,118.0,2.0,4.0,1.0,4.0,5.0,1.0,1.0,1.0,2.0,,,,,,,,5.0,5.0,,4.5,5.0,5.0,4.0,4.5,1.0,,,4.5,,5.0,1.0,,,1.0,5.0,,,,,1.0,5.0,,4.5,1.0,,1.0,,1.8571428571428572,,,,,,,,,,,,,,,,,,,,,,
spinstersubatomiccoyness,2021-03-18,,,,,,,,,9828.865217140308,408.0,11636.0,76.0,84.0,1.0,4.0,2.0,3.0,5.0,1.0,1.0,1.0,1.0,,,,,,,,5.0,4.5,,1.0,5.0,4.0,,3.75,,,,1.0,4.5,5.0,1.0,4.0,,1.75,,,,,,2.5,5.0,5.0,,,,1.0,,4.0,,,,,,,,,,,,,,,,,,,,,,
spinstersubatomiccoyness,2021-03-19,,,,,,,,,11259.945494604786,395.0,15359.0,112.0,113.0,1.0,4.0,2.0,4.0,5.0,1.0,1.0,1.0,1.0,,,,,,,,5.0,4.666666666666667,,1.0,5.0,,4.666666666666667,,1.0,,5.0,4.5,,,,,,,,,4.666666666666667,,1.0,1.0,3.6666666666666665,4.8,,,,2.0,2.5,,,,,,,,,,,,,,,,,,,,,,,
spinstersubatomiccoyness,2021-03-20,,,,,,,,,10569.1002784203,606.0,10613.0,58.0,77.0,1.0,4.0,2.0,3.0,5.0,1.0,1.0,2.0,1.0,,,,,,,,5.0,3.5,,,,,4.666666666666667,,1.0,,5.0,1.0,,,2.0,,,3.75,5.0,,5.0,,1.0,2.5,5.0,5.0,4.0,,5.0,2.0,1.0,2.3333333333333335,,,,,,,,,,,,,,,,,,,,,,
spinstersubatomiccoyness,2021-03-21,,,,,,,,,12447.091353955811,546.0,41593.0,64.0,85.0,1.0,5.0,1.0,4.0,5.0,1.0,2.0,2.0,1.0,,,,,,,,5.0,4.111111111111111,,1.0,5.0,,2.2,,1.6666666666666667,,,1.0,5.0,,1.0,,5.0,2.75,5.0,,,,,1.0,,,4.6,,5.0,,2.0,2.0,,,,,,,,,,,,,,,,,,,,,,
spinstersubatomiccoyness,2021-03-22,,,,,,,,,7043.321700727187,471.0,13751.0,102.0,98.0,1.0,4.181818181818182,1.6363636363636365,3.1818181818181817,4.636363636363637,1.0909090909090908,1.2727272727272727,1.0,1.0,,,,,,,,5.0,4.5,,1.0,5.0,,,,1.0,,,,,,,,5.0,2.5,,,,,,1.0,,,5.0,,,,1.0,,,,,,,,,,,,,,,,,,,,,,,
spinstersubatomiccoyness,2021-03-23,,,,,,,,,5017.992340327257,570.0,36175.0,79.0,110.0,1.0,3.6363636363636362,2.0,3.0,4.636363636363637,1.0,1.2727272727272727,1.0,1.0,,,,,,,,,,,,,,,,,,,,,,,,,,,,,,,,,,,,,,,,,,,,,,,,,,,,,,,,,,,,,
spinstersubatomiccoyness,2021-03-24,,,,,,,,,6427.697574029726,174.0,14123.0,116.0,66.0,1.0,4.1,1.1,3.7,4.5,1.0,1.1,1.0,1.1,,,,,,,,,,,,,,,,,,,,,,,,,,,,,,,,,,,,,,,,,,,,,,,,,,,,,,,,,,,,,
spinstersubatomiccoyness,2021-03-25,,,,,,,,,7493.1315844316305,342.0,8868.0,94.0,120.0,1.0,4.0,1.3636363636363635,3.727272727272727,4.181818181818182,1.3636363636363635,1.1818181818181819,1.0,1.0909090909090908,,,,,,,,,,,,,,,,,,,,,,,,,,,,,,,,,,,,,,,,,,,,,,,,,,,,,,,,,,,,,
spinstersubatomiccoyness,2021-03-26,,,,,,,,,6010.7946398584645,336.0,11382.0,91.0,60.0,1.0,4.0,2.0,3.0,5.0,1.0,1.0,1.0,1.0,,,,,,,,5.0,5.0,,1.0,,,,,,,,4.0,,,1.0,1.0,,,,5.0,,,,1.0,,,5.0,1.0,5.0,,,1.75,,,,,,,,,,,,,,,,,,,,,,
spinstersubatomiccoyness,2021-03-27,,,,,,,,,8146.666315161299,444.0,19777.0,98.0,115.0,1.0,4.0,2.0,4.0,5.0,1.0,1.0,1.0,1.0,,,,,,,,5.0,4.0,,1.0,,,,4.666666666666667,,,5.0,1.0,,5.0,1.0,1.0,,,,5.0,,,,1.0,,,4.5,1.0,,,,2.0,,,,,,,,,,,,,,,,,,,,,,
spinstersubatomiccoyness,2021-03-28,,,,,,,,,11167.13703759688,513.0,17949.0,105.0,119.0,1.0,4.0,2.0,4.0,5.0,1.0,1.0,1.0,2.0,,,,,,,,,4.285714285714286,,,,,,5.0,,1.0,5.0,,,5.0,1.0,,,3.0,,,5.0,,1.0,1.0,,5.0,,1.0,4.0,,1.0,,,,,,,,,,,,,,,,,,,,,,,
spinstersubatomiccoyness,2021-03-29,,,,,,,,,10504.168726269629,436.0,40450.0,92.0,76.0,1.0,4.0,1.0,4.0,5.0,1.0,1.0,1.0,1.0,,,,,,,,5.0,4.5,3.6666666666666665,,5.0,,4.666666666666667,,,2.0,5.0,,3.5,,1.0,1.0,,2.5,5.0,,5.0,,1.0,,,,5.0,1.0,1.0,,,,,,,,,,,,,,,,,,,,,,,,,
spinstersubatomiccoyness,2021-03-30,,,,,,,,,7649.170375701416,465.0,12045.0,134.0,80.0,2.0,4.0,1.0,4.0,3.0,2.0,2.0,3.0,1.0,,,,,,,,5.0,4.818181818181818,5.0,,5.0,,5.0,,1.0,,5.0,,5.0,5.0,,1.0,,,5.0,5.0,4.0,,1.0,,,,5.0,1.0,5.0,1.0,,,,,,,,,,,,,,,,,,,,,,,,
spinstersubatomiccoyness,2021-03-31,,,,,,,,,3957.718440764695,385.0,14784.0,138.0,63.0,1.0,4.0,1.0,4.0,4.0,1.0,2.0,1.0,2.0,,,,,,,,5.0,4.333333333333333,,,5.0,4.5,,,1.0,,4.666666666666667,,,5.0,,,,,5.0,5.0,3.0,,1.0,,,,5.0,1.0,5.0,1.75,,1.0,,,,,,,,,,,,,,,,,,,,,,
spinstersubatomiccoyness,2021-04-01,,,,,,,,,6662.384866410486,576.0,15196.0,118.0,85.0,1.0,4.0,2.0,4.0,4.0,1.0,2.0,1.0,2.0,,,,,,,,5.0,3.8,,,,1.75,4.5,,1.0,,,,2.75,,,,,,,,4.2,,1.0,,4.5,4.666666666666667,5.0,1.0,,1.0,,2.75,,,,,,,,,,,,,,,,,,,,,,
spinstersubatomiccoyness,2021-04-02,,,,,,,,,19124.26767344841,554.0,10607.0,89.0,181.0,1.0,5.0,1.0,5.0,5.0,1.0,2.0,1.0,1.0,,,,,,,,5.0,3.3333333333333335,,1.0,4.5,,,,1.0,1.0,,4.0,1.0,5.0,2.3333333333333335,,,,5.0,,,,,,5.0,4.5,,1.0,,1.4285714285714286,1.0,,,,,,,,,,,,,,,,,,,,,,,
spinstersubatomiccoyness,2021-04-03,,,,,,,,,9034.219426020409,407.0,15609.0,65.0,49.0,1.0,5.0,2.0,4.0,5.0,1.0,1.0,1.0,1.0,,,,,,,,5.0,4.888888888888889,,1.0,5.0,1.0,,,2.5,2.5,,3.25,4.0,5.0,5.0,,5.0,,5.0,,,,,,,,,1.0,,1.0,1.0,,,,,,,,,,,,,,,,,,,,,,,
spinstersubatomiccoyness,2021-04-04,,,,,,,,,12469.505123470684,511.0,19927.0,135.0,224.0,1.0,5.0,2.0,5.0,4.0,1.0,1.0,1.0,1.0,,,,,,,,5.0,4.1,,1.0,5.0,4.0,,,1.0,,,2.3333333333333335,4.0,,,1.0,4.0,,5.0,5.0,5.0,,1.0,,,,,1.0,,,,1.0,,,,,,,,,,,,,,,,,,,,,,
spinstersubatomiccoyness,2021-04-05,,,,,,,,,8063.575630013389,507.0,11095.0,115.0,260.0,1.0,4.454545454545454,1.7272727272727273,3.5454545454545454,4.818181818181818,1.0,1.2727272727272727,1.0,1.0,,,,,,,,4.5,4.5,,1.0,,,,,,,,2.5,4.0,,,1.0,,,,5.0,,,1.0,,,,,4.0,,1.0,,3.0,,,,,,,,,,,,,,,,,,,,,,
spinstersubatomiccoyness,2021-04-06,,,,,,,,,6124.06893697844,379.0,13980.0,69.0,113.0,1.0769230769230769,4.153846153846154,2.076923076923077,3.076923076923077,4.384615384615385,1.0,1.6153846153846154,1.0769230769230769,1.1538461538461537,,,,,,,,,,,,,,,,,,,,,,,,,,,,,,,,,,,,,,,,,,,,,,,,,,,,,,,,,,,,,
spinstersubatomiccoyness,2021-04-07,,,,,,,,,10134.227783611674,419.0,10098.0,93.0,182.0,1.0,4.833333333333333,1.0,4.5,4.75,1.0,1.25,1.0,1.0833333333333333,,,,,,,,,,,,,,,,,,,,,,,,,,,,,,,,,,,,,,,,,,,,,,,,,,,,,,,,,,,,,
spinstersubatomiccoyness,2021-04-08,,,,,,,,,10095.471734522103,432.0,11479.0,134.0,50.0,1.0,4.4,1.0,4.1,4.7,1.1,1.4,1.0,1.2,,,,,,,,,,,,,,,,,,,,,,,,,,,,,,,,,,,,,,,,,,,,,,,,,,,,,,,,,,,,,
spinstersubatomiccoyness,2021-04-09,,,,,,,,,8824.652121019906,485.0,34867.0,79.0,84.0,1.0,5.0,1.0,4.0,5.0,1.0,1.0,1.0,2.0,,,,,,,,5.0,3.0,,1.0,,4.333333333333333,,,,,,,5.0,5.0,,,5.0,2.0,5.0,,5.0,,,,,5.0,,,,,,1.75,,,,,,,,,,,,,,,,,,,,,,
spinstersubatomiccoyness,2021-04-10,,,,,,,,,15726.974520079217,222.0,7916.0,86.0,55.0,1.0,4.0,2.0,2.0,4.0,1.0,1.0,2.0,1.0,,,,,,,,,4.777777777777778,,1.0,,1.0,5.0,,,,5.0,4.0,,5.0,,1.0,5.0,,,,5.0,,,1.0,4.5,,,1.0,,,,,,,,,,,,,,,,,,,,,,,,,,
spinstersubatomiccoyness,2021-04-11,,,,,,,,,4850.827879506893,494.0,9843.0,88.0,39.0,2.0,4.0,4.0,3.0,4.0,1.0,2.0,2.0,1.0,,,,,,,,5.0,3.0,1.0,1.0,,4.333333333333333,1.0,4.0,,,5.0,,,5.0,,,4.666666666666667,1.0,,2.0,,,,1.0,,,5.0,1.0,,,,,,,,,,,,,,,,,,,,,,,,,,
spinstersubatomiccoyness,2021-04-12,,,,,,,,,9363.457172246175,460.0,11718.0,108.0,59.0,1.0,5.0,1.0,5.0,5.0,1.0,2.0,1.0,1.0,,,,,,,,5.0,2.1666666666666665,,1.0,,3.4,,5.0,,,,4.333333333333333,,5.0,,1.0,5.0,5.0,,4.2,4.75,,,1.0,,,,1.0,5.0,,1.0,,,,,,,,,,,,,,,,,,,,,,,
spinstersubatomiccoyness,2021-04-13,,,,,,,,,6751.911526876769,500.0,14461.0,116.0,79.0,1.0,5.0,1.0,5.0,5.0,1.0,2.0,2.0,1.0,,,,,,,,5.0,5.0,,1.0,,3.0,4.5,4.333333333333333,,,,1.0,5.0,5.0,,1.0,,1.0,,5.0,5.0,1.0,1.0,,,5.0,,,,,1.0,,,,,,,,,,,,,,,,,,,,,,,
spinstersubatomiccoyness,2021-04-14,,,,,,,,,8552.688208745974,440.0,10943.0,88.0,103.0,1.0,5.0,1.0,4.0,5.0,1.0,1.0,1.0,1.0,,,,,,,,5.0,3.6666666666666665,,,5.0,2.5,5.0,,,,,4.5,5.0,5.0,1.0,,5.0,2.0,5.0,,4.666666666666667,1.0,1.0,,,5.0,,,4.0,3.0,,,,,,,,,,,,,,,,,,,,,,,,
spinstersubatomiccoyness,2021-04-15,,,,,,,,,6203.51129496891,412.0,8363.0,107.0,91.0,1.0,5.0,1.0,4.0,5.0,1.0,1.0,1.0,1.0,,,,,,,,5.0,2.3333333333333335,,2.5,5.0,4.0,,,,,,4.2,5.0,,1.0,,5.0,,5.0,,4.5,,2.0,1.0,,4.5,,1.0,5.0,1.0,,1.0,,,,,,,,,,,,,,,,,,,,,,
spinstersubatomiccoyness,2021-04-16,,,,,,,,,8894.402613750983,396.0,10582.0,96.0,64.0,1.0,5.0,1.0,4.0,5.0,1.0,2.0,1.0,1.0,,,,,,,,5.0,3.7,4.0,1.0,,1.0,3.3333333333333335,,,,5.0,2.5,3.6,,1.0,,,,5.0,,,1.0,,1.0,5.0,5.0,,1.0,1.0,,1.0,,,,,,,,,,,,,,,,,,,,,,,
spinstersubatomiccoyness,2021-04-17,,,,,,,,,8995.787584232268,498.0,7001.0,88.0,79.0,2.0,5.0,1.0,4.0,5.0,1.0,1.0,1.0,1.0,,,,,,,,5.0,2.7777777777777777,1.0,,5.0,,4.5,4.5,1.0,,5.0,,1.0,,1.0,1.0,,,5.0,,,1.0,1.0,1.0,5.0,,1.0,,,,1.0,1.0,,,,,,,,,,,,,,,,,,,,,,
spinstersubatomiccoyness,2021-04-18,,,,,,,,,10316.78678325965,520.0,8263.0,117.0,124.0,1.0,5.0,1.0,5.0,5.0,1.0,2.0,1.0,2.0,,,,,,,,5.0,3.5714285714285716,,,5.0,,5.0,,1.75,1.0,5.0,,4.0,,2.3333333333333335,1.0,,2.5,5.0,5.0,,,1.0,1.0,,,4.0,,4.0,,1.0,1.0,,,,,,,,,,,,,,,,,,,,,,
spinstersubatomiccoyness,2021-04-19,,,,,,,,,9904.43644650754,553.0,10925.0,85.0,85.0,1.0,4.545454545454546,1.0909090909090908,4.090909090909091,4.636363636363637,1.0,1.0,1.0,1.0,,,,,,,,,,,,,,,,1.0,1.0,5.0,,,,1.0,,,,,4.0,,,,,,,,,,,1.0,,,,,,,,,,,,,,,,,,,,,,,
spinstersubatomiccoyness,2021-04-20,,,,,,,,,6307.458879142561,419.0,38833.0,134.0,69.0,1.0,4.333333333333333,1.0,4.111111111111111,4.222222222222222,1.4444444444444444,1.7777777777777777,1.1111111111111112,1.1111111111111112,,,,,,,,,,,,,,,,,,,,,,,,,,,,,,,,,,,,,,,,,,,,,,,,,,,,,,,,,,,,,
spinstersubatomiccoyness,2021-04-21,,,,,,,,,6577.067480469025,303.0,44204.0,106.0,84.0,1.0,4.363636363636363,1.0909090909090908,3.909090909090909,4.2727272727272725,1.3636363636363635,1.2727272727272727,1.0909090909090908,1.0909090909090908,,,,,,,,,,,,,,,,,,,,,,,,,,,,,,,,,,,,,,,,,,,,,,,,,,,,,,,,,,,,,
spinstersubatomiccoyness,2021-04-22,,,,,,,,,9934.168762518137,567.0,14548.0,108.0,74.0,1.0833333333333333,4.166666666666667,1.0833333333333333,3.5833333333333335,4.166666666666667,1.25,1.6666666666666667,1.1666666666666667,1.0,,,,,,,,,,,,,,,,,,,,,,,,,,,,,,,,,,,,,,,,,,,,,,,,,,,,,,,,,,,,,
spinstersubatomiccoyness,2021-04-23,,,,,,,,,7024.921361313531,556.0,12149.0,100.0,52.0,2.0,3.0,2.0,3.0,4.0,3.0,2.0,2.0,1.0,,,,,,,,,3.2,,,,5.0,,,,,5.0,,,,,1.0,,,,,,,,1.0,,,4.75,1.0,,,1.0,1.0,,,,,,,,,,,,,,,,,,,,,,
spinstersubatomiccoyness,2021-04-24,,,,,,,,,15675.99691063043,332.0,10196.0,102.0,82.0,1.0,5.0,1.0,5.0,4.0,1.0,1.0,1.0,1.0,,,,,,,,,3.5,,1.0,5.0,4.0,,,,,3.6666666666666665,,,5.0,,2.5,5.0,,,,5.0,,2.0,1.0,,,4.8,1.0,,,1.6,1.0,,,,,,,,,,,,,,,,,,,,,,
spinstersubatomiccoyness,2021-04-24,,,,,,,,,0.0,332.0,10196.0,102.0,82.0,1.0,5.0,1.0,5.0,4.0,1.0,1.0,1.0,1.0,,,,,,,,,3.5,,1.0,5.0,4.0,,,,,3.6666666666666665,,,5.0,,2.5,5.0,,,,5.0,,2.0,1.0,,,4.8,1.0,,,1.6,1.0,,,,,,,,,,,,,,,,,,,,,,
spinstersubatomiccoyness,2021-04-25,,,,,,,,,,494.0,13292.0,90.0,98.0,1.0,4.0,3.0,3.0,5.0,1.0,2.0,1.0,1.0,,,,,,,,5.0,4.166666666666667,,1.0,5.0,5.0,,,,,,,,5.0,,,5.0,1.0,,1.0,5.0,,1.75,,,5.0,4.5,1.0,4.0,,1.0,,,,,,,,,,,,,,,,,,,,,,,
spinstersubatomiccoyness,2021-04-26,,,,,,,,,7738.498322701436,347.0,12251.0,79.0,151.0,2.0,3.0,2.0,3.0,4.0,2.0,3.0,2.0,1.0,,,,,,,,5.0,4.6,3.6666666666666665,,4.75,2.3333333333333335,,,,,5.0,4.0,,,1.0,,4.75,1.0,,1.0,,1.75,1.0,,,5.0,5.0,,,1.75,,1.0,,,,,,,,,,,,,,,,,,,,,,
spinstersubatomiccoyness,2021-04-27,,,,,,,,,10601.768032319596,341.0,43803.0,89.0,159.0,1.0,4.0,1.0,4.0,4.0,1.0,2.0,1.0,2.0,,,,,,,,5.0,4.75,5.0,,5.0,4.666666666666667,,,,,5.0,,,,,,5.0,,,,,1.0,,,5.0,,,1.0,5.0,,1.0,,,,,,,,,,,,,,,,,,,,,,,
spinstersubatomiccoyness,2021-04-28,,,,,,,,,8522.865090471361,467.0,21006.0,68.0,151.0,1.0,5.0,1.0,5.0,4.0,1.0,3.0,1.0,1.0,,,,,,,,5.0,5.0,5.0,,5.0,1.0,5.0,,1.0,,,1.0,1.0,,,,,,,5.0,,1.0,,,5.0,4.5,5.0,1.0,,,1.0,,,,,,,,,,,,,,,,,,,,,,,
spinstersubatomiccoyness,2021-04-29,,,,,,,,,9696.127428310538,340.0,15751.0,111.0,157.0,1.0,5.0,1.0,5.0,4.0,1.0,2.0,1.0,3.0,,,,,,,,5.0,3.0,3.0,,5.0,1.0,4.5,1.0,1.0,,,3.75,5.0,,,1.0,,,5.0,,,,,,,4.666666666666667,5.0,,5.0,4.0,1.0,,,,,,,,,,,,,,,,,,,,,,,
spinstersubatomiccoyness,2021-04-30,,,,,,,,,11729.380798400653,378.0,11285.0,69.0,251.0,1.0,5.0,1.0,5.0,5.0,1.0,2.0,1.0,1.0,,,,,,,,5.0,3.0,1.0,,5.0,1.0,5.0,4.333333333333333,1.0,,,2.6666666666666665,1.0,5.0,1.0,2.0,,,5.0,,,,,1.0,,5.0,,1.0,,1.0,,1.0,,,,,,,,,,,,,,,,,,,,,,
spinstersubatomiccoyness,2021-05-01,,,,,,,,,11093.971378970022,389.0,9758.0,75.0,228.0,1.0,4.0,2.0,4.0,4.0,2.0,1.0,2.0,2.0,,,,,,,,5.0,3.4,1.0,,5.0,,4.666666666666667,,,,,2.0,,5.0,5.0,1.0,5.0,,,,4.0,,,1.0,,,,1.0,5.0,,,1.0,,,,,,,,,,,,,,,,,,,,,,
spinstersubatomiccoyness,2021-05-02,,,,,,,,,6354.450417641644,471.0,12283.0,88.0,66.0,1.0,4.75,1.625,3.875,4.5,1.125,1.25,1.0,1.375,,,,,,,,5.0,3.857142857142857,1.0,,,1.0,,,,,,1.0,,,,,5.0,,,5.0,,,,,,,1.0,,,,,,,,,,,,,,,,,,,,,,,,,,,
spinstersubatomiccoyness,2021-05-03,,,,,,,,,13342.822270120138,427.0,18557.0,89.0,112.0,1.0,4.2727272727272725,1.3636363636363635,3.6363636363636362,4.545454545454546,1.0,1.2727272727272727,1.2727272727272727,1.0,,,,,,,,,,,,,,,,,,,,,,,,,,,,,,,,,,,,,,,,,,,,,,,,,,,,,,,,,,,,,
spinstersubatomiccoyness,2021-05-04,,,,,,,,,10788.879094082477,492.0,27085.0,100.0,108.0,1.0,4.5,1.1,4.0,4.7,1.0,1.1,1.1,1.0,,,,,,,,,,,,,,,,,,,,,,,,,,,,,,,,,,,,,,,,,,,,,,,,,,,,,,,,,,,,,
spinstersubatomiccoyness,2021-05-05,,,,,,,,,11360.436349129332,599.0,45849.0,143.0,94.0,1.0,4.5,1.3333333333333333,4.0,4.416666666666667,1.0,1.0833333333333333,1.0833333333333333,1.0,,,,,,,,,,,,,,,,,,,,,,,,,,,,,,,,,,,,,,,,,,,,,,,,,,,,,,,,,,,,,
spinstersubatomiccoyness,2021-05-06,,,,,,,,,12054.5305582675,399.0,16716.0,77.0,101.0,1.0,4.0,2.0,4.0,5.0,1.0,2.0,1.0,1.0,,,,,,,,5.0,4.857142857142857,,1.0,,,,,,,5.0,,,,,1.0,,,,5.0,,,,,5.0,5.0,,,,,,,,,,,,,,,,,,,,,,,,,,,,
spinstersubatomiccoyness,2021-05-07,,,,,,,,,7383.59727761164,44.0,13900.0,99.0,97.0,1.0,5.0,1.0,5.0,5.0,1.0,1.0,1.0,1.0,,,,,,,,,5.0,,,5.0,,5.0,4.5,,,5.0,,,5.0,3.0,1.0,,,,5.0,,1.0,1.0,,5.0,5.0,5.0,,,1.0,1.0,,,,,,,,,,,,,,,,,,,,,,,
spinstersubatomiccoyness,2021-05-08,,,,,,,,,7082.2933224956005,440.0,12468.0,64.0,109.0,1.0,4.0,3.0,3.0,5.0,1.0,2.0,1.0,1.0,,,,,,,,5.0,4.2,,,5.0,,,5.0,1.0,,4.666666666666667,,,5.0,1.0,1.0,,,,,1.0,1.0,1.0,,,4.5,5.0,1.0,,1.0,,,,,,,,,,,,,,,,,,,,,,,,
spinstersubatomiccoyness,2021-05-09,,,,,,,,,11553.671679589635,550.0,44792.0,106.0,139.0,1.0,4.0,2.0,3.0,5.0,1.0,1.0,1.0,1.0,,,,,,,,5.0,4.0,,,5.0,3.3333333333333335,,,1.5,,5.0,5.0,,4.333333333333333,,,,,,,,,4.0,,4.0,5.0,,,,,1.0,2.75,,,,,,,,,,,,,,,,,,,,,,
spinstersubatomiccoyness,2021-05-10,,,,,,,,,,,7500.0,52.0,155.0,,,,,,,,,,,,,,,,,5.0,5.0,,,5.0,2.5,,,1.0,,,3.3333333333333335,1.0,5.0,,,,1.0,,,,1.0,,1.0,5.0,5.0,,1.0,,,1.0,2.0,,,,,,,,,,,,,,,,,,,,,,
