id,date,IN_VEHICLE,ON_BIKE,ON_FOOT,RUNNING,STILL,TILTING,WALKING,UNKNOWN,MIMS_SUM_WEAR,SLEEP_MINUTES,SCREEN_ON_SECONDS,UNLOCK_EVENTS_NUM,USAGE_DURATION_MIN,Q1_SAD,Q2_HAPP,Q3_FATIG,Q4_EN,Q5_REL,Q6_TEN,Q7_STRESS,Q8_FRUST,Q9_NERV,activity_0,activity_2,alone_0,burden_1,control_1,demands_1,energy_9,excite_14,family_1,fatigue_13,feel_eat_1,feel_exer_1,feel_sit_1,focus_3,friend_1,frust_12,happy_8,hunger_0,int_eat_1,int_exer_3,int_sed_1,nervous_4,pain_0,proc_4,prod_0,relax_10,routine_0,sad_7,sleep_0,stress_2,tense_11,tired_1
subtitlegrievousbazooka,2020-11-29,0.0,0.0,0.0,0.0,4.0,2.0,0.0,0.0,,,81090,5,,,,,,,,,,,,,,,,,,,,,,,,,,,,,,,,,,,,,,,,,,
subtitlegrievousbazooka,2020-11-30,0.0,0.0,0.0,0.0,0.0,1.0,0.0,0.0,,,39574,3,,,,,,,,,,,,,,,,,,,,,,,,,,,,,,,,,,,,,,,,,,
subtitlegrievousbazooka,2020-12-01,0.0,0.0,0.0,0.0,6.0,1.0,0.0,1.0,,,39698,23,,,,,,,,,,,,,,,,,,,,,,,,,,,,,,,,,,,,,,,,,,
subtitlegrievousbazooka,2020-12-02,,,,,,,,,,,74493,6,,1.0,4.0,3.0,3.0,3.0,2.0,2.0,2.0,1.0,,,,,,,,,,,,,,,,,,,,,,,,,,,,,,,,
subtitlegrievousbazooka,2020-12-03,0.0,0.0,0.0,0.0,5.0,2.0,0.0,1.0,,,20396,41,47.0,1.0,4.0,2.3636363636363638,3.5454545454545454,2.727272727272727,1.5454545454545454,1.2727272727272727,1.1818181818181819,1.0909090909090908,,,,,,,,,,,,,,,,,,,,,,,,,,,,,,,,
subtitlegrievousbazooka,2020-12-04,0.0,0.0,0.0,0.0,5.0,2.0,0.0,0.0,,,46812,22,,1.0,3.4285714285714284,1.7142857142857142,2.857142857142857,3.0,1.0,1.1428571428571428,1.1428571428571428,1.0,,,,,,,,,,,,,,,,,,,,,,,,,,,,,,,,
subtitlegrievousbazooka,2020-12-05,0.0,0.0,0.0,0.0,1.0,1.0,0.0,0.0,,,44369,10,,1.0,3.3333333333333335,1.3333333333333333,2.6666666666666665,3.6666666666666665,1.0,1.0,1.0,1.0,,,,,,,,,,,,,,,,,,,,,,,,,,,,,,,,
subtitlegrievousbazooka,2020-12-06,0.0,0.0,0.0,0.0,4.0,7.0,0.0,2.0,,,54220,13,,1.0,3.0,2.0,2.5,4.5,1.0,1.0,1.0,1.0,,,,,,,,,,,,,,,,,,,,,,,,,,,,,,,,
subtitlegrievousbazooka,2020-12-07,0.0,0.0,0.0,0.0,0.0,1.0,0.0,0.0,,,41545,6,,,,,,,,,,,,,,,,,,,,,,,,,,,,,,,,,,,,,,,,,,
subtitlegrievousbazooka,2020-12-08,,,,,,,,,,,73928,8,,1.0,3.0,3.0,2.0,4.0,1.0,2.0,1.0,2.0,,,,,,,,,,,,,,,,,,,,,,,,,,,,,,,,
subtitlegrievousbazooka,2020-12-09,0.0,0.0,0.0,0.0,24.0,8.0,0.0,9.0,,,36154,25,62.0,2.0,3.0,4.0,2.0,3.0,1.0,1.0,1.0,1.0,,,,,,,,,,,,,,,,,,,,,,,,,,,,,,,,
subtitlegrievousbazooka,2020-12-10,0.0,0.0,0.0,0.0,10.0,5.0,0.0,3.0,,,38826,24,38.0,1.0,3.0,2.0,2.0,3.0,1.0,1.0,1.0,2.0,,,,,,,,,,,,,,,,,,,,,,,,,,,,,,,,
subtitlegrievousbazooka,2020-12-11,1.0,0.0,0.0,0.0,35.0,9.0,0.0,3.0,,,26619,28,77.0,1.0,3.0,2.0,2.0,3.0,1.0,1.0,1.0,1.0,,,,,,,,,,,,,,,,,,,,,,,,,,,,,,,,
subtitlegrievousbazooka,2020-12-12,0.0,0.0,0.0,0.0,44.0,9.0,0.0,3.0,,,53609,31,69.0,1.0,4.0,2.0,2.0,4.0,1.0,1.0,1.0,1.0,,,,,,,,,,,,,,,,,,,,,,,,,,,,,,,,
subtitlegrievousbazooka,2020-12-13,1.0,0.0,0.0,0.0,55.0,11.0,0.0,4.0,,,25504,29,36.0,1.0,3.0,1.0,2.0,3.0,1.0,1.0,1.0,1.0,,,,,,,,,,,,,,,,,,,,,,,,,,,,,,,,
subtitlegrievousbazooka,2020-12-14,2.0,0.0,0.0,0.0,36.0,21.0,0.0,2.0,,,43614,39,30.0,1.0,3.0,1.0,3.0,3.0,1.0,1.0,1.0,1.0,,,,,,,,,,,,,,,,,,,,,,,,,,,,,,,,
subtitlegrievousbazooka,2020-12-15,0.0,0.0,0.0,0.0,15.0,13.0,0.0,3.0,,,26801,26,,,,,,,,,,,,,,,,,,,,,,,,,,,,,,,,,,,,,,,,,,
subtitlegrievousbazooka,2020-12-16,1.0,0.0,0.0,0.0,51.0,9.0,0.0,9.0,,,22400,28,50.0,1.0,3.0,1.0,2.0,2.0,1.0,2.0,2.0,1.0,,,,,,,,,,,,,,,,,,,,,,,,,,,,,,,,
subtitlegrievousbazooka,2020-12-17,0.0,0.0,0.0,0.0,49.0,9.0,0.0,3.0,,,15383,24,41.0,2.0,3.0,2.0,3.0,2.0,1.0,1.0,2.0,1.0,,,,,,,,,,,,,,,,,,,,,,,,,,,,,,,,
subtitlegrievousbazooka,2020-12-18,0.0,0.0,0.0,0.0,43.0,4.0,0.0,3.0,,,34765,33,40.0,1.0,2.8333333333333335,1.5833333333333333,2.0,1.8333333333333333,1.0833333333333333,1.0833333333333333,1.0,1.0833333333333333,,,,,,,,,,,,,,,,,,,,,,,,,,,,,,,,
subtitlegrievousbazooka,2020-12-19,1.0,0.0,0.0,0.0,38.0,4.0,0.0,6.0,,,28336,25,45.0,1.0,3.0,1.9285714285714286,2.2142857142857144,2.7142857142857144,1.0,1.0,1.0,1.0,,,,,,,,,,,,,,,,,,,,,,,,,,,,,,,,
subtitlegrievousbazooka,2020-12-20,1.0,0.0,0.0,0.0,40.0,9.0,0.0,8.0,,,35559,32,45.0,1.0,3.111111111111111,1.8888888888888888,2.3333333333333335,2.7777777777777777,1.1111111111111112,1.1111111111111112,1.0,1.1111111111111112,,,,,,,,,,,,,,,,,,,,,,,,,,,,,,,,
subtitlegrievousbazooka,2020-12-21,1.0,0.0,0.0,0.0,17.0,18.0,0.0,5.0,,,30353,69,46.0,1.0769230769230769,2.6923076923076925,2.5384615384615383,1.9230769230769231,2.4615384615384617,1.0,1.1538461538461537,1.0,1.0,,,,,,,,,,,,,,,,,,,,,,,,,,,,,,,,
subtitlegrievousbazooka,2020-12-22,0.0,0.0,0.0,0.0,33.0,9.0,0.0,5.0,,,38988,21,44.0,1.0,4.0,2.0,2.0,2.0,1.0,1.0,1.0,1.0,,,,,,,,,,,,,,,,,,,,,,,,,,,,,,,,
subtitlegrievousbazooka,2020-12-23,0.0,0.0,0.0,0.0,49.0,8.0,0.0,6.0,,,36366,38,40.0,1.0,3.0,2.0,2.0,2.0,1.0,1.0,1.0,1.0,,,,,,,,,,,,,,,,,,,,,,,,,,,,,,,,
subtitlegrievousbazooka,2020-12-24,0.0,0.0,0.0,0.0,24.0,11.0,0.0,3.0,,,37729,28,27.0,1.0,3.0,2.0,1.0,2.0,1.0,1.0,1.0,1.0,,,,,,,,,,,,,,,,,,,,,,,,,,,,,,,,
subtitlegrievousbazooka,2020-12-25,4.0,0.0,0.0,0.0,34.0,12.0,0.0,12.0,,,31745,30,20.0,,,,,,,,,,,,,,,,,,,,,,,,,,,,,,,,,,,,,,,,,
subtitlegrievousbazooka,2020-12-26,0.0,0.0,1.0,0.0,35.0,9.0,0.0,28.0,,,21312,25,22.0,1.0,3.0,3.5,2.0,3.0,1.0,1.0,1.0,1.0,,,,,,,,,,,,,,,,,,,,,,,,,,,,,,,,
subtitlegrievousbazooka,2020-12-27,1.0,1.0,0.0,0.0,44.0,10.0,0.0,17.0,,,27730,17,33.0,,,,,,,,,,,,,,,,,,,,,,,,,,,,,,,,,,,,,,,,,
subtitlegrievousbazooka,2020-12-28,0.0,0.0,1.0,0.0,20.0,9.0,0.0,4.0,,,49939,36,21.0,1.0,3.0,3.0,2.0,3.0,1.5,1.5,1.0,1.5,,,,,,,,,,,,,,,,,,,,,,,,,,,,,,,,
subtitlegrievousbazooka,2020-12-29,0.0,0.0,0.0,0.0,37.0,13.0,0.0,7.0,,,46699,21,19.0,1.0,3.0,3.0,3.0,2.0,1.0,1.0,1.0,1.0,,,,,,,,,,,,,,,,,,,,,,,,,,,,,,,,
subtitlegrievousbazooka,2020-12-30,0.0,0.0,0.0,0.0,53.0,10.0,0.0,3.0,,,24835,26,27.0,1.0,3.0,3.0,3.0,2.0,1.0,2.0,1.0,1.0,,,,,,,,,,,,,,,,,,,,,,,,,,,,,,,,
subtitlegrievousbazooka,2020-12-31,4.0,0.0,1.0,0.0,20.0,13.0,0.0,7.0,,,43021,18,22.0,2.0,3.0,3.0,2.0,3.0,2.0,2.0,2.0,2.0,,,,,,,,,,,,,,,,,,,,,,,,,,,,,,,,
subtitlegrievousbazooka,2021-01-01,2.0,0.0,0.0,0.0,43.0,15.0,0.0,8.0,,,46770,34,22.0,3.0,3.0,3.0,2.0,2.0,2.0,2.0,2.0,2.0,,,,,,,,,,,,,,,,,,,,,,,,,,,,,,,,
subtitlegrievousbazooka,2021-01-02,3.0,0.0,0.0,0.0,41.0,9.0,0.0,3.0,,,24208,19,6.0,1.0,3.0,2.0,2.0,3.0,1.0,1.0,2.0,1.0,,,,,,,,,,,,,,,,,,,,,,,,,,,,,,,,
subtitlegrievousbazooka,2021-01-03,0.0,1.0,0.0,0.0,26.0,13.0,0.0,3.0,,,33351,19,10.0,3.0,2.0,3.0,2.0,2.0,2.0,3.0,2.0,2.0,,,,,,,,,,,,,,,,,,,,,,,,,,,,,,,,
subtitlegrievousbazooka,2021-01-04,3.0,0.0,1.0,0.0,36.0,19.0,0.0,19.0,,,31324,27,58.0,1.8,3.1,2.2,2.4,2.3,1.5,1.6,1.3,1.9,,,,,,,,,,,,,,,,,,,,,,,,,,,,,,,,
subtitlegrievousbazooka,2021-01-05,3.0,0.0,1.0,0.0,62.0,41.0,0.0,17.0,,,28942,37,64.0,1.1818181818181819,3.0,2.3636363636363638,2.272727272727273,2.6363636363636362,1.2727272727272727,1.1818181818181819,1.2727272727272727,2.0,,,,,,,,,,,,,,,,,,,,,,,,,,,,,,,,
subtitlegrievousbazooka,2021-01-06,0.0,0.0,0.0,0.0,38.0,8.0,0.0,3.0,,,35004,24,36.0,1.0714285714285714,3.0,2.642857142857143,2.2142857142857144,2.2857142857142856,1.0,1.1428571428571428,1.0714285714285714,1.1428571428571428,,,,,,,,,,,,,,,,,,,,,,,,,,,,,,,,
subtitlegrievousbazooka,2021-01-07,2.0,0.0,0.0,0.0,31.0,8.0,0.0,6.0,,,32284,25,36.0,1.0,2.923076923076923,2.4615384615384617,2.0,2.6153846153846154,1.0,1.0,1.0,1.0,,,,,,,,,,,,,,,,,,,,,,,,,,,,,,,,
subtitlegrievousbazooka,2021-01-08,0.0,0.0,0.0,0.0,58.0,19.0,0.0,5.0,3184.178424682868,0.0,55386,42,71.0,1.0,3.0,3.0,2.0,3.0,1.0,1.0,1.0,1.0,,,,,,,,,1.0,,,4.0,,,,,,,,,5.0,1.0,1.0,,5.0,4.666666666666667,,,,,,4.0
subtitlegrievousbazooka,2021-01-09,0.0,0.0,0.0,0.0,45.0,9.0,0.0,3.0,3821.991349114924,526.0,26231,21,52.0,1.0,3.0,3.0,3.0,3.0,1.0,2.0,1.0,1.0,4.714285714285714,,5.0,,5.0,,,2.5,1.0,5.0,,2.5,5.0,,,1.0,5.0,,,,5.0,1.0,1.0,,5.0,5.0,5.0,,,2.5,,4.5
subtitlegrievousbazooka,2021-01-10,0.0,0.0,0.0,0.0,34.0,4.0,0.0,3.0,2939.0699752463124,251.0,31830,23,13.0,1.0,3.0,2.0,2.0,3.0,1.0,1.0,1.0,1.0,3.3333333333333335,,5.0,,5.0,5.0,,5.0,,4.8,,,5.0,,1.0,2.5,5.0,4.0,,,,4.0,1.0,1.0,5.0,,4.857142857142857,,,1.0,,
subtitlegrievousbazooka,2021-01-11,1.0,0.0,2.0,0.0,20.0,11.0,0.0,6.0,6366.34711530533,294.0,32033,30,21.0,1.0,3.0,3.0,2.0,2.0,1.0,1.0,1.0,1.0,1.8,,,1.0,5.0,5.0,4.0,,,4.0,5.0,,4.8,,3.5,,,4.5,,,,1.0,,1.0,4.333333333333333,,5.0,,4.0,1.0,,
subtitlegrievousbazooka,2021-01-12,0.0,0.0,0.0,0.0,34.0,5.0,0.0,7.0,3137.9831284505226,558.0,31821,19,28.0,1.0,3.0,2.0,1.0,2.0,1.0,1.0,1.0,1.0,3.8,,5.0,1.0,5.0,,1.75,4.0,,,5.0,,4.5,,2.3333333333333335,,,5.0,,,,1.75,,1.0,5.0,,,,,2.0,,
subtitlegrievousbazooka,2021-01-13,2.0,0.0,0.0,0.0,40.0,20.0,0.0,4.0,2384.420155285767,691.0,20631,27,27.0,,,,,,,,,,3.0,,5.0,,5.0,5.0,3.0,3.0,,,5.0,,5.0,,4.0,2.5,4.0,2.0,5.0,,,,,1.0,,,5.0,,,1.0,2.75,
subtitlegrievousbazooka,2021-01-14,2.0,0.0,0.0,0.0,25.0,4.0,0.0,6.0,3068.025107938719,445.0,48443,22,28.0,1.0,3.0,2.5,1.5,3.0,1.0,1.0,1.0,1.0,2.9,5.0,,2.0,5.0,2.75,,,,,5.0,,4.142857142857143,,1.0,1.0,4.5,4.75,5.0,,,,1.0,,,,5.0,1.0,,4.0,,4.5
subtitlegrievousbazooka,2021-01-15,0.0,0.0,0.0,0.0,50.0,5.0,0.0,10.0,3986.9447904975727,528.0,42881,18,15.0,1.0,3.0,2.0,2.0,3.0,2.0,1.0,1.0,1.0,3.6,5.0,,,5.0,,,,,4.0,5.0,,4.5,5.0,2.2857142857142856,1.0,4.0,,,5.0,5.0,,1.0,,,4.0,,1.0,5.0,,,3.5
subtitlegrievousbazooka,2021-01-16,0.0,0.0,0.0,0.0,25.0,4.0,0.0,0.0,4195.390056602769,346.0,36980,27,29.0,1.0,3.0,3.0,2.0,3.0,1.0,1.0,1.0,1.0,5.0,,,,5.0,,,,,4.5,,,4.75,5.0,4.0,,,,,5.0,,,1.0,,,4.5,,1.0,,,,
subtitlegrievousbazooka,2021-01-17,0.0,0.0,0.0,0.0,37.0,8.0,0.0,4.0,3228.350118863214,637.0,23991,27,53.0,1.0,3.0,3.0833333333333335,2.1666666666666665,3.1666666666666665,1.0833333333333333,1.0,1.0,1.0,,,,,,,,,,,,,,,,,,,,,,,,,,,,,,,,
subtitlegrievousbazooka,2021-01-18,0.0,1.0,0.0,0.0,68.0,9.0,0.0,2.0,3338.992491443867,441.0,21808,39,59.0,1.0,2.923076923076923,2.6153846153846154,2.076923076923077,3.0,1.2307692307692308,1.2307692307692308,1.0769230769230769,1.3076923076923077,,,,,,,,,,,,,,,,,,,,,,,,,,,,,,,,
subtitlegrievousbazooka,2021-01-19,0.0,0.0,0.0,0.0,28.0,8.0,0.0,1.0,4053.243533867988,470.0,28017,40,68.0,1.1428571428571428,2.7857142857142856,2.5,2.0,2.7857142857142856,1.1428571428571428,1.1428571428571428,1.2142857142857142,1.3571428571428572,,,,,,,,,,,,,,,,,,,,,,,,,,,,,,,,
subtitlegrievousbazooka,2021-01-20,0.0,0.0,0.0,0.0,44.0,3.0,0.0,1.0,4281.026848087151,459.0,20260,25,50.0,1.0,3.0,3.0,2.0,4.0,1.0,2.0,1.0,2.0,4.5,4.0,,,,,,4.5,,,,4.0,,,2.5,1.0,,,,,5.0,,1.0,,5.0,5.0,5.0,,,1.0,,
subtitlegrievousbazooka,2021-01-21,0.0,0.0,1.0,0.0,51.0,9.0,0.0,1.0,2886.544650534719,509.0,19861,40,37.0,1.0,1.0,3.0,2.0,3.0,1.0,2.0,1.0,2.0,3.5,,,5.0,,4.0,1.0,2.0,,5.0,,4.0,4.25,,4.0,1.0,,,,,4.333333333333333,1.0,1.0,,5.0,5.0,5.0,,,1.0,,
subtitlegrievousbazooka,2021-01-22,1.0,0.0,0.0,0.0,44.0,7.0,0.0,3.0,3967.99461254941,436.0,23417,28,26.0,1.0,3.0,3.0,2.0,3.0,1.0,1.0,1.0,1.0,3.2857142857142856,,,5.0,4.666666666666667,4.666666666666667,2.5,,,5.0,5.0,4.5,5.0,,1.0,,5.0,5.0,,,4.75,3.0,,,5.0,,,,,,3.0,
subtitlegrievousbazooka,2021-01-23,0.0,0.0,0.0,0.0,27.0,16.0,0.0,10.0,3386.119855680792,236.0,42110,24,26.0,1.0,3.0,3.0,2.0,3.0,1.0,1.0,1.0,2.0,3.0,,,,5.0,4.5,5.0,,1.0,5.0,5.0,5.0,5.0,,2.0,,4.0,2.0,,5.0,5.0,,,,5.0,,,1.0,5.0,,1.0,
subtitlegrievousbazooka,2021-01-24,0.0,0.0,0.0,0.0,28.0,11.0,0.0,14.0,4344.544914580631,345.0,39152,21,22.0,1.0,3.0,3.0,2.0,3.0,1.0,1.0,1.0,2.0,4.166666666666667,5.0,5.0,4.0,5.0,,,,1.0,,5.0,,5.0,5.0,2.0,1.0,,3.3333333333333335,,5.0,,,,,5.0,,,2.0,5.0,1.0,1.0,
subtitlegrievousbazooka,2021-01-25,0.0,0.0,0.0,0.0,37.0,8.0,0.0,4.0,4080.2064121573367,372.0,23231,38,13.0,1.0,3.0,3.0,2.0,3.0,1.0,1.0,1.0,1.0,4.833333333333333,,4.0,4.6,5.0,,,,,,4.5,,5.0,5.0,,1.0,,3.8,,,5.0,,,4.5,5.0,5.0,,1.0,,1.0,,
subtitlegrievousbazooka,2021-01-26,0.0,0.0,0.0,0.0,45.0,7.0,0.0,7.0,5253.007550731184,300.0,43276,25,22.0,1.0,3.0,4.0,2.0,3.0,1.0,1.0,1.0,1.0,4.444444444444445,,4.285714285714286,,,,,1.0,,,5.0,,3.0,5.0,5.0,2.5,,2.75,,5.0,5.0,,1.0,2.5,,5.0,5.0,1.0,5.0,,1.0,
subtitlegrievousbazooka,2021-01-27,0.0,0.0,1.0,0.0,23.0,7.0,0.0,2.0,4116.546780980557,420.0,23136,19,18.0,1.0,3.0,3.0,2.0,3.0,1.0,3.0,1.0,1.0,5.0,,5.0,,,,5.0,,1.0,,,,5.0,5.0,,1.0,,,5.0,5.0,,,1.0,,5.0,5.0,5.0,1.0,5.0,,1.0,5.0
subtitlegrievousbazooka,2021-01-28,9.0,0.0,0.0,0.0,35.0,6.0,0.0,16.0,,,45054,18,17.0,,,,,,,,,,5.0,5.0,5.0,5.0,5.0,,2.75,1.0,1.0,,5.0,,5.0,5.0,,,,5.0,,,5.0,,,,5.0,5.0,5.0,1.0,,,,5.0
subtitlegrievousbazooka,2021-01-29,2.0,0.0,0.0,0.0,45.0,7.0,0.0,7.0,4439.151403302233,370.0,58498,40,20.0,1.0,3.0,2.9166666666666665,1.9166666666666667,2.6666666666666665,1.0,1.1666666666666667,1.0,1.0833333333333333,5.0,,4.666666666666667,5.0,5.0,,,3.0,,,5.0,,,,,,,4.666666666666667,,,5.0,,,,,,5.0,1.0,,,,4.5
subtitlegrievousbazooka,2021-01-30,7.0,0.0,1.0,0.0,44.0,19.0,0.0,9.0,4957.804187363793,515.0,38653,43,21.0,1.0,3.0,3.0,2.0,3.076923076923077,1.0,1.0,1.0769230769230769,1.0769230769230769,,,,,,,,,,,,,,,,,,,,,,,,,,,,,,,,
subtitlegrievousbazooka,2021-01-31,0.0,0.0,0.0,0.0,39.0,4.0,0.0,11.0,3792.080533656391,344.0,30615,51,9.0,1.0,2.9285714285714284,2.9285714285714284,2.0,2.9285714285714284,1.1428571428571428,1.0714285714285714,1.0714285714285714,1.0714285714285714,,,,,,,,,,,,,,,,,,,,,,,,,,,,,,,,
subtitlegrievousbazooka,2021-02-01,2.0,0.0,0.0,0.0,52.0,11.0,0.0,3.0,4044.504515459632,384.0,20168,45,28.0,1.0,3.0,3.2142857142857144,2.0,3.0,1.0,1.0714285714285714,1.1428571428571428,1.0,,,,,,,,,,,,,,,,,,,,,,,,,,,,,,,,
subtitlegrievousbazooka,2021-02-02,1.0,0.0,0.0,0.0,64.0,12.0,0.0,4.0,3914.480992766667,304.0,35373,45,39.0,1.0,3.0,3.0,2.0,3.0,1.0,1.0,1.0,1.0,5.0,,,,,,,,,,,4.5,5.0,,4.0,,4.666666666666667,,5.0,,,,1.0,2.5,,5.0,,,5.0,,1.0,
subtitlegrievousbazooka,2021-02-03,0.0,0.0,1.0,0.0,46.0,8.0,0.0,6.0,3696.9105794261454,462.0,18222,38,20.0,1.0,3.0,4.0,2.0,3.0,1.0,1.0,1.0,1.0,5.0,,,4.0,,,1.0,,,5.0,,4.0,4.333333333333333,,2.5,,4.5,,5.0,,,,1.0,1.0,,5.0,5.0,1.0,,,2.5,
subtitlegrievousbazooka,2021-02-04,0.0,0.0,0.0,0.0,55.0,7.0,0.0,7.0,3901.4478559942113,407.0,34393,34,35.0,1.0,3.0,3.0,2.0,2.0,1.0,1.0,1.0,1.0,4.888888888888889,4.0,,4.5,,,2.0,3.0,1.0,4.8,5.0,4.0,4.0,,,,3.5,,5.0,4.5,,3.0,1.0,1.0,5.0,,5.0,1.0,,,1.0,4.666666666666667
subtitlegrievousbazooka,2021-02-05,2.0,0.0,1.0,0.0,47.0,27.0,0.0,14.0,5127.6241925086015,470.0,30136,44,36.0,1.0,3.0,3.0,2.0,3.0,1.0,1.0,1.0,1.0,3.6666666666666665,4.5,5.0,4.5,,,,4.0,2.3333333333333335,5.0,5.0,4.5,5.0,5.0,,,5.0,,,5.0,,2.5,,,5.0,,,1.0,5.0,,1.0,5.0
subtitlegrievousbazooka,2021-02-06,1.0,0.0,0.0,0.0,30.0,10.0,0.0,3.0,3660.441501891763,458.0,34015,35,35.0,1.0,4.0,3.0,1.0,4.0,1.0,1.0,2.0,1.0,4.6,,5.0,,,,,,1.0,4.833333333333333,,4.0,5.0,5.0,4.0,,5.0,,,5.0,5.0,,1.0,,5.0,5.0,,1.0,,1.0,,
subtitlegrievousbazooka,2021-02-07,0.0,0.0,0.0,0.0,24.0,2.0,0.0,1.0,3796.293098322588,434.0,17709,31,28.0,1.0,3.0,3.0,2.0,4.0,1.0,1.0,1.0,1.0,4.875,,,,,,4.0,,,5.0,,4.0,5.0,5.0,3.25,,,,5.0,,5.0,,1.0,,5.0,5.0,,1.0,,3.0,,
subtitlegrievousbazooka,2021-02-08,0.0,0.0,0.0,0.0,44.0,11.0,0.0,3.0,4583.80580197878,397.0,12600,32,44.0,1.0,3.0,3.0,2.0,3.0,1.0,1.0,1.0,1.0,4.333333333333333,,,,,4.0,4.25,,2.5,5.0,,,4.833333333333333,5.0,4.0,,,5.0,5.0,,5.0,1.0,,,5.0,,,1.0,,,,
subtitlegrievousbazooka,2021-02-09,0.0,0.0,0.0,0.0,49.0,6.0,0.0,5.0,4228.026392264164,431.0,11659,39,30.0,1.0,3.0,4.0,2.0,2.0,1.0,2.0,1.0,1.0,4.666666666666667,1.0,5.0,,,,,1.0,1.0,4.875,5.0,,5.0,5.0,2.7142857142857144,,,4.666666666666667,,,5.0,1.75,,,5.0,,,1.0,4.0,,,
subtitlegrievousbazooka,2021-02-10,1.0,0.0,0.0,0.0,28.0,15.0,0.0,6.0,3891.4206637974553,292.0,25241,31,35.0,1.0,3.0,3.0,2.0,3.0,1.0,2.0,1.0,1.0,5.0,4.0,4.5,,,,4.25,4.0,1.0,4.75,5.0,,5.0,5.0,3.6666666666666665,,,,5.0,,5.0,1.0,,1.75,5.0,4.5,,2.5,,,,5.0
subtitlegrievousbazooka,2021-02-11,1.0,0.0,0.0,0.0,18.0,4.0,0.0,9.0,3291.050233232275,316.0,34390,30,34.0,1.0,3.0,2.0,2.0,3.0,1.0,1.0,1.0,1.0,4.545454545454546,,,4.333333333333333,,,4.0,,4.0,,5.0,,4.75,5.0,2.5,1.0,,,5.0,,5.0,1.6666666666666667,,2.5,,5.0,,,,,,3.4
subtitlegrievousbazooka,2021-02-12,0.0,0.0,0.0,0.0,40.0,2.0,0.0,7.0,3256.1130543170552,575.0,46964,15,27.0,1.0,3.0,3.0,2.0,3.0,1.0,1.0,1.0,1.0,4.8,,4.5,4.0,5.0,4.0,,,,4.666666666666667,5.0,5.0,4.0,4.0,,5.0,3.0,4.0,5.0,,5.0,2.0,1.0,,5.0,4.6,,1.0,,2.5,,
subtitlegrievousbazooka,2021-02-13,2.0,0.0,1.0,0.0,39.0,10.0,0.0,6.0,3906.035323794842,492.0,44938,36,20.0,1.0,3.0,2.933333333333333,2.1333333333333333,3.066666666666667,1.0,1.0,1.0,1.1333333333333333,4.666666666666667,,4.0,,5.0,,,4.333333333333333,,,,4.0,5.0,,,,4.0,,,,,,1.0,,5.0,4.5,,,,3.0,,
subtitlegrievousbazooka,2021-02-14,0.0,0.0,1.0,0.0,25.0,4.0,0.0,2.0,2714.0251564005403,537.0,33364,26,8.0,1.0,3.0,3.076923076923077,2.1538461538461537,2.5384615384615383,1.0769230769230769,1.4615384615384615,1.3076923076923077,1.0,,,,,,,,,,,,,,,,,,,,,,,,,,,,,,,,
subtitlegrievousbazooka,2021-02-15,1.0,0.0,0.0,0.0,35.0,2.0,0.0,3.0,2878.0684813562502,327.0,27099,44,11.0,1.0,3.2,3.0,2.2,3.0,1.0,1.0,1.0,1.0666666666666667,,,,,,,,,,,,,,,,,,,,,,,,,,,,,,,,
subtitlegrievousbazooka,2021-02-16,0.0,0.0,0.0,0.0,57.0,12.0,0.0,2.0,2735.8119833445453,294.0,20978,52,29.0,1.0,2.875,2.9375,2.0625,2.9375,1.0625,1.0625,1.0625,1.0625,,,,,,,,,,,,,,,,,,,,,,,,,,,,,,,,
subtitlegrievousbazooka,2021-02-17,0.0,0.0,0.0,0.0,33.0,9.0,0.0,3.0,3588.593805130197,337.0,16352,41,37.0,1.0,3.0,3.0,2.0,3.0,1.0,1.0,1.0,1.0,2.3333333333333335,,4.0,,,,,,,4.5,,,,5.0,,2.0,,,,4.0,,,1.0,,5.0,,5.0,1.0,,2.0,,
subtitlegrievousbazooka,2021-02-18,0.0,0.0,0.0,0.0,48.0,5.0,0.0,4.0,3920.036108820738,441.0,30977,30,23.0,1.0,3.0,3.0,2.0,2.0,1.0,1.0,1.0,1.0,3.8333333333333335,,5.0,,5.0,,1.0,3.0,,4.0,,4.5,,5.0,1.0,1.0,4.333333333333333,,5.0,4.0,,,1.0,,5.0,,5.0,1.0,,1.75,,
subtitlegrievousbazooka,2021-02-19,0.0,0.0,0.0,0.0,19.0,8.0,0.0,0.0,4674.768852320315,214.0,35856,41,32.0,1.0,3.0,2.0,2.0,3.0,1.0,1.0,1.0,1.0,4.333333333333333,,4.0,,5.0,,4.0,2.5,,5.0,,4.0,4.0,5.0,3.3333333333333335,,4.0,5.0,5.0,,4.333333333333333,,1.0,1.0,,,,1.0,,1.0,,
subtitlegrievousbazooka,2021-02-20,0.0,0.0,0.0,0.0,22.0,3.0,0.0,3.0,4761.394753910698,388.0,15946,23,26.0,1.0,3.0,3.0,2.0,3.0,1.0,1.0,1.0,1.0,3.5714285714285716,3.0,3.25,4.0,,,,,,5.0,,5.0,4.5,5.0,2.5,,,4.333333333333333,,5.0,5.0,1.0,1.0,2.5,,,,1.0,,2.5,,4.5
subtitlegrievousbazooka,2021-02-21,0.0,0.0,0.0,0.0,44.0,9.0,0.0,3.0,5071.842958807349,404.0,20796,35,54.0,1.0,3.0,3.0,3.0,2.0,1.0,1.0,1.0,1.0,4.428571428571429,,,4.8,,,,,1.0,5.0,,5.0,,5.0,,1.0,5.0,4.25,,5.0,5.0,2.4,1.0,1.0,,,5.0,1.0,,1.0,,5.0
subtitlegrievousbazooka,2021-02-22,0.0,0.0,0.0,0.0,43.0,9.0,0.0,5.0,3760.2316087753625,459.0,20053,33,74.0,1.0,3.0,3.0,2.0,2.0,1.0,2.0,2.0,1.0,4.285714285714286,,,,5.0,,,,1.0,,,5.0,4.0,5.0,1.0,1.0,5.0,5.0,,,5.0,,1.0,1.0,,,5.0,1.0,5.0,1.0,1.0,
subtitlegrievousbazooka,2021-02-23,2.0,0.0,1.0,0.0,28.0,11.0,0.0,5.0,4202.0486659787,460.0,22211,28,46.0,1.0,3.0,3.0,1.0,3.0,1.0,1.0,1.0,1.0,5.0,5.0,,,5.0,,,,,,,,5.0,5.0,1.0,1.0,4.5,4.833333333333333,,,,2.5,1.0,1.0,5.0,,5.0,,,,1.0,
subtitlegrievousbazooka,2021-02-24,1.0,0.0,0.0,0.0,23.0,9.0,0.0,8.0,5301.27811226716,521.0,27785,55,49.0,1.0,3.0,2.0,2.0,2.0,1.0,1.0,1.0,1.0,4.909090909090909,5.0,4.333333333333333,,5.0,,,4.0,4.0,,,4.25,,4.8,4.0,,4.25,4.5,,,,1.0,1.0,2.5,5.0,,,1.0,5.0,,,4.0
subtitlegrievousbazooka,2021-02-25,1.0,0.0,0.0,0.0,32.0,8.0,0.0,15.0,4044.850937836664,469.0,37480,28,39.0,1.0,3.0,3.0,2.0,3.0,1.0,2.0,1.0,1.0,5.0,4.5,3.75,,5.0,,,,1.0,,,4.25,,5.0,1.0,1.0,4.333333333333333,2.5,,,,,,2.5,5.0,,5.0,1.0,5.0,,,
subtitlegrievousbazooka,2021-02-26,0.0,0.0,0.0,0.0,32.0,6.0,0.0,3.0,3930.14808998918,527.0,29041,32,20.0,1.0714285714285714,3.0,2.857142857142857,2.0714285714285716,3.142857142857143,1.0,1.0,1.0714285714285714,1.0714285714285714,5.0,,5.0,,5.0,,,,,,,4.0,,,2.5,1.0,,4.0,,,,,,,5.0,,5.0,,,,,4.0
subtitlegrievousbazooka,2021-02-27,0.0,0.0,0.0,0.0,37.0,6.0,0.0,6.0,3035.529396531087,330.0,48842,31,59.0,1.1428571428571428,3.0,3.2857142857142856,2.2142857142857144,2.857142857142857,1.0714285714285714,1.7142857142857142,1.5714285714285714,1.0,,,,,,,,,,,,,,,,,,,,,,,,,,,,,,,,
subtitlegrievousbazooka,2021-02-28,0.0,1.0,0.0,0.0,24.0,14.0,0.0,2.0,2485.932331810242,441.0,40522,36,59.0,1.0,3.0,3.142857142857143,2.0,2.9285714285714284,1.0,1.0714285714285714,1.0714285714285714,1.0,,,,,,,,,,,,,,,,,,,,,,,,,,,,,,,,
subtitlegrievousbazooka,2021-03-01,0.0,0.0,0.0,0.0,53.0,13.0,0.0,4.0,2805.442474606046,548.0,26752,29,44.0,1.0714285714285714,3.0,2.857142857142857,2.0,2.7857142857142856,1.0714285714285714,1.1428571428571428,1.1428571428571428,1.0714285714285714,,,,,,,,,,,,,,,,,,,,,,,,,,,,,,,,
subtitlegrievousbazooka,2021-03-02,2.0,0.0,0.0,0.0,34.0,9.0,0.0,6.0,4138.084732358595,354.0,21095,50,43.0,1.0,3.0,3.0,2.0,3.0,1.0,1.0,1.0,1.0,,,,,,,,,,,,,,,,,,,,,,,,,,,,,,,,
subtitlegrievousbazooka,2021-03-03,0.0,0.0,0.0,0.0,51.0,8.0,0.0,13.0,3471.699622841304,385.0,33831,45,34.0,1.0,3.0,3.0,2.0,3.0,1.0,1.0,3.0,1.0,5.0,,,4.0,5.0,5.0,,3.0,1.0,5.0,,4.0,,5.0,,,4.333333333333333,5.0,5.0,,,,1.0,,,,5.0,1.0,5.0,3.3333333333333335,1.0,
subtitlegrievousbazooka,2021-03-04,1.0,0.0,2.0,0.0,61.0,11.0,0.0,5.0,4442.1025192441175,347.0,32446,56,37.0,1.0,3.0,3.0,2.0,2.0,1.0,1.0,1.0,1.0,4.888888888888889,,,4.0,5.0,,3.25,4.5,1.0,,,4.0,4.666666666666667,5.0,1.0,,,5.0,5.0,,,1.75,1.0,1.0,,,,1.0,,,1.0,5.0
subtitlegrievousbazooka,2021-03-05,3.0,0.0,1.0,0.0,49.0,11.0,0.0,9.0,3534.931340768431,461.0,61542,35,29.0,1.0,3.0,3.0,2.0,3.0,1.0,1.0,1.0,1.0,3.8,5.0,,,5.0,,4.0,3.0,1.75,,,4.5,4.2,5.0,2.25,,,4.666666666666667,5.0,,5.0,1.0,1.0,3.0,,5.0,,,,,1.0,4.0
subtitlegrievousbazooka,2021-03-06,1.0,0.0,1.0,0.0,40.0,16.0,0.0,5.0,7788.2766610453555,262.0,49386,49,60.0,1.0,3.0,5.0,2.0,3.0,1.0,1.0,1.0,1.0,4.75,5.0,,,5.0,,,3.2,,,,,4.5,5.0,1.0,,,,5.0,5.0,5.0,1.0,1.0,,,5.0,4.666666666666667,,,3.0,1.0,4.25
subtitlegrievousbazooka,2021-03-07,0.0,0.0,0.0,0.0,44.0,13.0,0.0,4.0,4585.540537936589,288.0,51723,50,53.0,1.0,3.0,3.0,2.0,3.0,1.0,1.0,1.0,1.0,4.142857142857143,1.0,,,,5.0,,1.0,,5.0,,,4.75,,1.0,,4.0,,5.0,5.0,5.0,1.75,1.0,,5.0,,5.0,1.0,,4.333333333333333,1.0,4.666666666666667
subtitlegrievousbazooka,2021-03-08,0.0,0.0,0.0,0.0,29.0,13.0,0.0,13.0,3958.645288706266,557.0,41616,61,57.0,1.0,3.0,3.0,2.0,3.0,1.0,1.0,1.0,1.0,4.888888888888889,,,,5.0,5.0,3.5,,2.0,5.0,5.0,4.6,4.428571428571429,,,,5.0,,,,5.0,1.0,1.0,,5.0,,,1.0,,1.6,1.0,
subtitlegrievousbazooka,2021-03-09,0.0,0.0,0.0,0.0,101.0,20.0,0.0,10.0,4236.736369365211,377.0,33987,80,66.0,1.0,3.0,3.0,2.0,3.0,1.0,1.0,1.0,1.0,5.0,,2.5,,5.0,,4.0,,2.0,5.0,,4.0,5.0,5.0,,1.0,,,5.0,,,1.0,1.0,,5.0,5.0,5.0,,,1.0,1.0,
subtitlegrievousbazooka,2021-03-10,0.0,0.0,0.0,0.0,57.0,9.0,0.0,12.0,4329.89693176208,253.0,37002,49,38.0,1.0,3.0,3.0,2.0,3.0,1.0,1.0,1.0,1.0,5.0,,2.8,,5.0,,,,1.0,5.0,,4.5,4.5,5.0,,1.0,5.0,,5.0,,,,1.0,,5.0,5.0,4.5,,,2.3333333333333335,1.0,
subtitlegrievousbazooka,2021-03-11,2.0,0.0,0.0,0.0,38.0,18.0,0.0,22.0,5492.040338539473,354.0,36506,46,21.0,1.0,3.0,3.0,2.0,3.0,1.0,1.0,1.0,1.0,4.555555555555555,4.5,3.75,,5.0,5.0,,,1.0,5.0,5.0,4.5,5.0,,,1.0,,,5.0,,,1.0,1.0,1.0,,4.75,,1.0,,2.2,1.0,
subtitlegrievousbazooka,2021-03-12,2.0,6.0,0.0,0.0,95.0,25.0,0.0,15.0,5293.297393971195,357.0,23038,23,24.0,1.0,3.0,1.0,1.0,3.0,1.0,1.0,1.0,1.0,5.0,5.0,4.5,,5.0,5.0,,,1.0,,5.0,4.0,,5.0,1.0,,,4.666666666666667,,,,1.0,,2.3333333333333335,5.0,5.0,,1.0,,2.5,1.0,
subtitlegrievousbazooka,2021-03-13,0.0,0.0,0.0,0.0,42.0,5.0,0.0,2.0,4238.655012663738,149.0,30703,44,25.0,1.0,3.0,2.7857142857142856,1.9285714285714286,3.0,1.0,1.0,1.0,1.0714285714285714,5.0,,2.0,,,,,,,,,4.0,,5.0,4.0,,,4.333333333333333,,,5.0,,,,5.0,5.0,,1.0,,1.0,,
subtitlegrievousbazooka,2021-03-14,0.0,0.0,0.0,0.0,37.0,6.0,0.0,4.0,3033.0000049310306,387.0,16336,43,35.0,1.0,3.0,2.8,2.0,2.8666666666666667,1.0,1.1333333333333333,1.0,1.0,,,,,,,,,,,,,,,,,,,,,,,,,,,,,,,,
subtitlegrievousbazooka,2021-03-15,1.0,0.0,1.0,0.0,46.0,11.0,0.0,18.0,4029.998504911048,712.0,47155,37,28.0,1.0,3.0,2.933333333333333,2.066666666666667,3.0,1.0,1.0666666666666667,1.0,1.0,,,,,,,,,,,,,,,,,,,,,,,,,,,,,,,,
subtitlegrievousbazooka,2021-03-16,1.0,0.0,0.0,0.0,63.0,21.0,0.0,9.0,3208.85428568055,398.0,33911,49,,1.0,2.923076923076923,3.076923076923077,2.0,3.0,1.0,1.0769230769230769,1.0769230769230769,1.0769230769230769,,,,,,,,,,,,,,,,,,,,,,,,,,,,,,,,
subtitlegrievousbazooka,2021-03-17,0.0,0.0,0.0,0.0,33.0,11.0,0.0,4.0,3540.300403067975,438.0,18849,27,,1.0,3.0,3.0,2.0,3.0,1.0,1.0,1.0,1.0,4.4,,,4.0,,,,,,,,,,5.0,1.0,4.0,,,5.0,4.666666666666667,,,,,,5.0,5.0,,4.0,,1.0,
subtitlegrievousbazooka,2021-03-18,0.0,0.0,0.0,0.0,32.0,6.0,0.0,3.0,4193.898777245524,414.0,14403,34,,1.0,3.0,3.0,2.0,3.0,1.0,1.0,1.0,1.0,4.111111111111111,,2.0,4.5,,,,4.0,4.0,,,4.0,,5.0,4.0,1.75,,,5.0,4.0,,1.0,,1.0,5.0,4.0,4.5,,,,1.0,
subtitlegrievousbazooka,2021-03-19,0.0,0.0,0.0,0.0,34.0,13.0,0.0,1.0,2937.512740346909,536.0,19392,25,31.0,1.0,2.0,4.0,2.0,3.0,1.0,1.0,1.0,1.0,3.857142857142857,,2.0,4.5,,,4.0,4.0,1.0,,5.0,4.0,4.5,5.0,,2.5,,,,4.0,,1.0,,1.0,4.5,,,,5.0,,1.0,
subtitlegrievousbazooka,2021-03-20,0.0,0.0,0.0,0.0,30.0,10.0,0.0,9.0,5324.039843929165,47.0,31761,38,51.0,1.0,3.0,3.0,2.0,3.0,1.0,1.0,1.0,1.0,3.625,,,4.333333333333333,,,4.0,4.333333333333333,1.0,5.0,5.0,4.0,5.0,,,1.0,,,5.0,4.0,,,1.0,1.6,,,5.0,1.0,,,1.0,
subtitlegrievousbazooka,2021-03-21,0.0,0.0,0.0,0.0,23.0,13.0,0.0,2.0,3816.787680410991,501.0,15118,29,38.0,1.0,3.0,3.0,2.0,3.0,1.0,1.0,1.0,1.0,4.5,5.0,,5.0,,,4.0,,5.0,,5.0,4.666666666666667,,,,1.0,,,5.0,5.0,,,1.0,1.0,,,5.0,1.0,5.0,,1.0,
subtitlegrievousbazooka,2021-03-22,0.0,0.0,0.0,0.0,26.0,8.0,0.0,2.0,3387.2217158503463,617.0,33860,22,25.0,1.0,3.0,3.0,2.0,4.0,1.0,1.0,1.0,1.0,4.888888888888889,,1.0,2.5,,,,4.4,1.0,,5.0,,,,,1.0,,,5.0,,5.0,,1.0,1.0,5.0,,5.0,1.0,,1.0,1.0,
subtitlegrievousbazooka,2021-03-23,0.0,0.0,1.0,0.0,34.0,6.0,0.0,4.0,4782.841107667389,355.0,20570,38,45.0,1.0,3.0,3.0,2.0,3.0,1.0,1.0,1.0,1.0,4.888888888888889,,4.5,,,,,2.5,1.75,,5.0,5.0,,,1.0,,,,,,5.0,,1.0,,5.0,5.0,4.875,,5.0,1.0,2.3333333333333335,4.5
subtitlegrievousbazooka,2021-03-24,0.0,0.0,0.0,0.0,32.0,8.0,0.0,3.0,3771.824743656912,589.0,41593,19,49.0,1.0,3.0,3.0,2.0,3.0,1.0,2.0,1.0,1.0,5.0,,1.8,,,,1.75,,2.5,,5.0,5.0,,,1.0,1.0,,,,,5.0,,,1.0,5.0,5.0,4.666666666666667,,,,1.0,4.5
subtitlegrievousbazooka,2021-03-25,3.0,2.0,0.0,0.0,31.0,16.0,0.0,11.0,5057.922971220474,544.0,47515,22,101.0,1.0,4.0,3.0,2.0,3.0,1.0,2.0,1.0,1.0,4.375,,5.0,2.5,,1.0,4.0,4.333333333333333,,,4.5,4.5,,5.0,1.0,1.0,,,,,4.5,1.0,,1.0,5.0,,5.0,,,2.5,1.0,4.5
subtitlegrievousbazooka,2021-03-26,0.0,0.0,0.0,0.0,26.0,2.0,0.0,1.0,3069.5470915559217,0.0,18416,28,78.0,1.0,2.9166666666666665,3.0,1.9166666666666667,3.0833333333333335,1.0,1.3333333333333333,1.25,1.0833333333333333,5.0,,,3.0,,4.0,,3.0,,,,4.0,,5.0,,,,,,,4.5,1.0,,,5.0,,,,,3.75,2.3333333333333335,
subtitlegrievousbazooka,2021-03-27,0.0,0.0,0.0,0.0,43.0,4.0,0.0,3.0,2753.485619626747,613.0,40283,28,11.0,1.0,3.0,3.0,2.0,3.0714285714285716,1.0,1.0,1.0,1.0,,,,,,,,,,,,,,,,,,,,,,,,,,,,,,,,
subtitlegrievousbazooka,2021-03-28,0.0,0.0,0.0,0.0,40.0,15.0,0.0,5.0,4409.520327817928,527.0,30658,46,27.0,1.0,2.9,3.1,2.0,3.0,1.0,1.2,1.0,1.0,,,,,,,,,,,,,,,,,,,,,,,,,,,,,,,,
subtitlegrievousbazooka,2021-03-29,0.0,0.0,0.0,0.0,42.0,28.0,0.0,2.0,4129.904549082424,442.0,47464,34,61.0,1.2666666666666666,2.933333333333333,3.0,2.0,2.933333333333333,1.0,1.0666666666666667,1.2,1.0,,,,,,,,,,,,,,,,,,,,,,,,,,,,,,,,
subtitlegrievousbazooka,2021-03-30,1.0,0.0,0.0,0.0,145.0,28.0,0.0,8.0,6733.50915775244,300.0,24835,50,51.0,1.0,3.0,2.0,2.0,3.0,1.0,1.0,1.0,1.0,5.0,4.0,4.0,,5.0,5.0,,,,5.0,,,5.0,5.0,,,4.666666666666667,4.0,,,,,,4.0,,,,,,,,4.333333333333333
subtitlegrievousbazooka,2021-03-31,2.0,0.0,1.0,0.0,27.0,20.0,0.0,17.0,4406.605505476669,561.0,38994,49,31.0,1.0,3.0,3.0,2.0,3.0,1.0,2.0,1.0,1.0,4.2,,4.0,4.0,4.666666666666667,4.75,5.0,,,5.0,3.0,,5.0,5.0,1.0,,4.5,4.0,5.0,,,1.0,,1.0,5.0,,,,,1.0,,4.8
subtitlegrievousbazooka,2021-04-01,1.0,0.0,0.0,0.0,61.0,10.0,0.0,9.0,4311.539029694239,461.0,37963,51,25.0,1.0,3.0,3.0,2.0,3.0,1.0,1.0,1.0,1.0,5.0,,,4.0,5.0,,4.5,,,5.0,4.666666666666667,,5.0,5.0,4.0,,,,5.0,,,2.5,1.0,,5.0,,5.0,,,4.0,,4.666666666666667
subtitlegrievousbazooka,2021-04-02,2.0,0.0,0.0,0.0,77.0,21.0,0.0,16.0,4296.533322875227,388.0,39377,48,21.0,1.0,3.0,2.0,2.0,3.0,1.0,1.0,1.0,1.0,5.0,,3.3333333333333335,4.0,5.0,,4.0,4.0,,4.0,,,5.0,5.0,,4.0,4.5,,4.5,,,,1.0,2.0,5.0,,5.0,,,2.5,,
subtitlegrievousbazooka,2021-04-03,0.0,0.0,0.0,0.0,29.0,10.0,0.0,1.0,4436.852641536513,403.0,41178,28,25.0,1.0,3.0,3.0,2.0,3.0,1.0,1.0,1.0,1.0,5.0,,3.8,4.0,5.0,,,,,,,4.0,,4.75,2.5,1.0,4.0,,4.5,,5.0,,,2.3333333333333335,,,4.75,1.4285714285714286,5.0,2.2,1.0,
subtitlegrievousbazooka,2021-04-04,0.0,0.0,0.0,0.0,42.0,5.0,0.0,6.0,4646.262256110363,372.0,17969,29,27.0,1.0,2.0,4.0,2.0,3.0,1.0,1.0,1.0,1.0,4.5,,2.5,,5.0,,,4.0,3.25,,,4.0,4.0,,4.0,,4.0,,5.0,,,,,,5.0,,5.0,1.0,5.0,3.5,,
subtitlegrievousbazooka,2021-04-05,1.0,0.0,0.0,0.0,62.0,15.0,0.0,4.0,4636.660473488837,436.0,21896,55,31.0,1.0,2.0,3.0,2.0,3.0,1.0,3.0,2.0,1.0,4.0,,3.3333333333333335,4.0,,,,2.0,2.5,,5.0,4.4,5.0,,,,4.285714285714286,,,,,,1.0,1.0,4.666666666666667,5.0,,1.3333333333333333,,,,4.5
subtitlegrievousbazooka,2021-04-06,1.0,0.0,0.0,0.0,52.0,12.0,0.0,4.0,4629.598158651927,280.0,21995,63,32.0,1.0,3.0,3.0,2.0,3.0,1.0,1.0,1.0,1.0,5.0,,,4.166666666666667,,,4.0,,,5.0,5.0,4.166666666666667,,5.0,,,3.0,4.666666666666667,5.0,4.5,,,1.0,1.0,5.0,5.0,,1.0,5.0,,,4.5
subtitlegrievousbazooka,2021-04-07,4.0,0.0,1.0,0.0,73.0,17.0,0.0,11.0,5845.156796068656,263.0,35275,62,23.0,1.0,3.0,4.0,2.0,2.0,1.0,2.0,2.0,1.0,4.444444444444445,1.0,,5.0,,4.333333333333333,4.0,,1.0,4.857142857142857,,4.333333333333333,5.0,5.0,,,,4.0,5.0,5.0,5.0,1.0,1.0,,,,,,,5.0,,
subtitlegrievousbazooka,2021-04-08,0.0,0.0,0.0,0.0,40.0,8.0,0.0,4.0,4083.912774159776,567.0,14815,26,38.0,1.0,3.0,3.0,2.0,3.0,1.0,1.0,1.0,2.0,4.833333333333333,4.0,5.0,,,3.3333333333333335,4.0,,4.0,5.0,,3.3333333333333335,5.0,5.0,,,4.25,,4.666666666666667,,5.0,1.0,1.0,1.0,,5.0,,1.0,,,,
subtitlegrievousbazooka,2021-04-09,0.0,0.0,0.0,0.0,33.0,3.0,0.0,4.0,4774.179654127391,175.0,16343,16,47.0,1.0,4.0,3.0,2.0,3.0,1.0,1.0,1.0,1.0,4.75,,5.0,4.25,,,,,,5.0,,3.0,,5.0,,,2.5,4.666666666666667,4.8,,,1.0,1.0,1.0,5.0,5.0,5.0,1.0,,,1.0,
subtitlegrievousbazooka,2021-04-10,2.0,0.0,0.0,0.0,28.0,16.0,0.0,6.0,2960.549208359765,504.0,21320,30,52.0,1.0,3.0,2.9285714285714284,2.0,3.0714285714285716,1.0,1.0,1.0,1.0,4.5,,,4.0,,,,,,,,,,5.0,,,,2.5,5.0,,,1.0,,,5.0,,5.0,1.0,,,1.0,
subtitlegrievousbazooka,2021-04-11,0.0,0.0,1.0,0.0,35.0,13.0,0.0,3.0,3756.312523267333,332.0,12598,44,61.0,1.0,3.0,3.0,2.0833333333333335,3.0,1.0,1.0,1.0,1.0833333333333333,,,,,,,,,,,,,,,,,,,,,,,,,,,,,,,,
subtitlegrievousbazooka,2021-04-12,0.0,0.0,0.0,0.0,24.0,14.0,0.0,1.0,2992.940996968181,303.0,17978,33,24.0,1.0,3.076923076923077,3.0,2.0,3.0,1.0,1.0,1.0,1.0,,,,,,,,,,,,,,,,,,,,,,,,,,,,,,,,
subtitlegrievousbazooka,2021-04-13,0.0,1.0,0.0,0.0,31.0,16.0,0.0,5.0,4662.460279372606,439.0,21709,50,21.0,1.0625,3.0625,3.0,2.0,2.9375,1.0,1.0,1.0625,1.0,,,,,,,,,,,,,,,,,,,,,,,,,,,,,,,,
subtitlegrievousbazooka,2021-04-14,0.0,0.0,0.0,0.0,25.0,8.0,0.0,2.0,4357.793381351404,359.0,21080,29,34.0,1.0,3.0,3.0,2.0,4.0,1.0,1.0,1.0,1.0,5.0,,,,,,,,1.0,,,,3.0,5.0,1.0,,,,,,,1.0,,,5.0,,,,,4.5,,
subtitlegrievousbazooka,2021-04-15,0.0,0.0,0.0,0.0,31.0,20.0,0.0,9.0,5443.776356589673,418.0,48472,36,24.0,1.0,3.0,3.0,3.0,4.0,1.0,1.0,1.0,1.0,5.0,1.0,,,,5.0,,,1.0,,5.0,,,5.0,1.75,,4.0,4.0,5.0,4.333333333333333,,1.0,,,5.0,5.0,5.0,1.0,,2.5,,5.0
subtitlegrievousbazooka,2021-04-16,3.0,0.0,1.0,0.0,39.0,14.0,0.0,8.0,4316.400208496245,370.0,30442,53,43.0,1.0,3.0,3.0,2.0,4.0,1.0,1.0,1.0,1.0,4.636363636363637,4.5,,,5.0,4.666666666666667,4.0,4.333333333333333,,,5.0,,5.0,,1.0,1.0,,,5.0,,,1.0,,,,5.0,5.0,1.0,,,1.0,4.666666666666667
subtitlegrievousbazooka,2021-04-17,0.0,0.0,0.0,0.0,29.0,5.0,0.0,5.0,4542.209784677597,296.0,20089,42,45.0,1.0,3.0,3.0,3.0,4.0,1.0,1.0,1.0,1.0,5.0,,5.0,,5.0,5.0,4.0,4.5,,,,,5.0,,2.3333333333333335,1.0,,4.0,5.0,,,1.0,1.0,4.0,,,5.0,,5.0,,1.0,5.0
subtitlegrievousbazooka,2021-04-18,0.0,0.0,0.0,0.0,39.0,4.0,0.0,4.0,4953.342854874855,362.0,9995,25,34.0,1.0,3.0,2.0,2.0,3.0,1.0,1.0,1.0,1.0,5.0,,5.0,,5.0,,,,2.0,,,4.0,5.0,5.0,,1.0,,1.75,,,,,1.0,1.0,5.0,,5.0,,5.0,2.0,1.0,4.333333333333333
subtitlegrievousbazooka,2021-04-19,0.0,0.0,0.0,0.0,35.0,11.0,0.0,1.0,3837.657639195672,472.0,24352,38,43.0,1.0,3.0,3.0,2.0,3.0,1.0,1.0,1.0,1.0,4.833333333333333,4.0,,,,,4.0,,1.0,5.0,,4.166666666666667,5.0,5.0,1.0,2.0,4.0,,5.0,,,1.0,1.0,1.0,5.0,5.0,,,,1.0,,
subtitlegrievousbazooka,2021-04-20,2.0,0.0,0.0,0.0,55.0,15.0,0.0,7.0,5329.366514897729,323.0,31030,34,29.0,1.0,3.0,3.0,2.0,3.0,1.0,1.0,1.0,1.0,4.428571428571429,,2.0,,5.0,,4.0,4.5,4.0,5.0,4.666666666666667,4.333333333333333,5.0,,1.0,1.0,1.0,,5.0,4.5,,1.0,1.0,,5.0,5.0,,,5.0,,,
subtitlegrievousbazooka,2021-04-21,0.0,0.0,0.0,0.0,19.0,2.0,0.0,1.0,5490.620925094426,280.0,14562,29,33.0,1.0,3.0,3.0,2.0,3.0,1.0,2.0,1.0,1.0,5.0,1.0,4.142857142857143,,3.6666666666666665,4.0,4.0,4.333333333333333,2.5,,5.0,,4.857142857142857,5.0,,1.0,,,5.0,2.5,5.0,,,,,,,1.0,5.0,,,
subtitlegrievousbazooka,2021-04-22,0.0,0.0,0.0,0.0,22.0,5.0,0.0,0.0,5856.8282168437545,289.0,20507,34,,1.0,3.0,3.0,2.0,3.0,1.0,1.0,1.0,1.0,4.857142857142857,5.0,5.0,,,4.0,4.0,,,,,4.0,4.5,5.0,1.0,2.0,,,,,5.0,1.0,1.0,,5.0,,5.0,1.0,,,1.0,1.0
subtitlegrievousbazooka,2021-04-23,0.0,1.0,0.0,0.0,44.0,34.0,0.0,6.0,3984.089522435324,512.0,11574,46,53.0,1.0,2.923076923076923,2.923076923076923,2.076923076923077,3.0,1.0,1.1538461538461537,1.0,1.0,5.0,,,,,,,,,,,4.0,,,2.5,1.0,,,,,5.0,1.75,1.0,,5.0,,5.0,,,,1.0,4.6
subtitlegrievousbazooka,2021-04-24,0.0,0.0,0.0,0.0,60.0,17.0,0.0,2.0,4030.4241773649273,267.0,17929,50,41.0,1.0,3.0,3.0,2.0,3.0,1.0,1.0,1.0769230769230769,1.0,,,,,,,,,,,,,,,,,,,,,,,,,,,,,,,,
subtitlegrievousbazooka,2021-04-25,0.0,0.0,0.0,0.0,61.0,12.0,0.0,4.0,3948.502665655596,452.0,15667,42,30.0,1.0,3.0,3.0833333333333335,2.0,3.0,1.0,1.0833333333333333,1.0833333333333333,1.0,,,,,,,,,,,,,,,,,,,,,,,,,,,,,,,,
subtitlegrievousbazooka,2021-04-26,0.0,0.0,1.0,0.0,29.0,10.0,0.0,1.0,3586.84892404118,479.0,15181,28,14.0,1.0,3.0833333333333335,3.0833333333333335,2.0,3.0833333333333335,1.0,1.0833333333333333,1.0,1.0,,,,,,,,,,,,,,,,,,,,,,,,,,,,,,,,
subtitlegrievousbazooka,2021-04-27,0.0,0.0,0.0,0.0,71.0,7.0,0.0,1.0,4714.866102223209,323.0,15656,56,30.0,1.0,3.0,3.0,2.0,2.0,2.0,2.0,2.0,1.0,5.0,,5.0,4.0,,,,4.0,,,,4.0,4.0,,,,,,5.0,,,,,,5.0,4.666666666666667,,,5.0,,1.0,
subtitlegrievousbazooka,2021-04-28,1.0,0.0,0.0,0.0,40.0,22.0,0.0,6.0,4980.238015389659,252.0,21738,29,37.0,1.0,2.0,3.0,3.0,3.0,1.0,1.0,1.0,1.0,4.714285714285714,,5.0,4.5,,,4.333333333333333,4.0,4.5,,5.0,4.2,5.0,,,,,4.5,5.0,,4.5,,1.0,,5.0,5.0,,,,2.0,1.0,
subtitlegrievousbazooka,2021-04-29,0.0,0.0,0.0,0.0,44.0,23.0,0.0,5.0,5476.557451508762,254.0,18864,47,38.0,1.0,3.0,4.0,2.0,3.0,1.0,2.0,2.0,2.0,5.0,5.0,,,5.0,4.0,4.0,,3.0,,4.5,,5.0,,,,,4.4,,1.75,5.0,,1.0,1.0,,4.5,5.0,1.0,,2.5,,5.0
subtitlegrievousbazooka,2021-04-30,4.0,0.0,0.0,0.0,44.0,21.0,0.0,13.0,4108.895665383739,475.0,22646,30,36.0,1.0,3.0,3.0,2.0,4.0,1.0,1.0,1.0,1.0,4.25,,,,5.0,3.0,,4.0,1.0,,,,5.0,5.0,,,,,,,,,1.0,1.0,,5.0,5.0,1.0,,1.0,,5.0
subtitlegrievousbazooka,2021-05-01,0.0,0.0,0.0,0.0,38.0,13.0,0.0,2.0,3800.466081555396,455.0,20536,27,42.0,1.0,3.0,3.0,2.0,3.0,1.0,2.0,1.0,1.0,5.0,,,,5.0,4.0,4.0,4.0,1.0,,,4.333333333333333,5.0,5.0,1.0,1.0,,,,,5.0,,,1.0,,,,,5.0,2.5,1.0,5.0
subtitlegrievousbazooka,2021-05-02,0.0,0.0,0.0,0.0,46.0,7.0,0.0,3.0,4328.065384142677,251.0,15399,32,34.0,,,,,,,,,,4.875,,4.0,,5.0,4.0,4.0,,1.0,,5.0,2.5,,4.8,,1.0,4.5,,,4.0,5.0,1.0,,1.0,,5.0,,,,,1.0,
subtitlegrievousbazooka,2021-05-03,0.0,0.0,0.0,0.0,19.0,10.0,0.0,1.0,5381.410560292485,348.0,19339,41,23.0,1.0,3.0,2.5,2.0,3.0,1.0,1.5,1.5,1.0,5.0,4.0,5.0,,4.875,,,,1.0,,4.666666666666667,4.0,,5.0,1.75,1.0,4.5,,,4.0,,1.0,,,,5.0,,,,4.666666666666667,1.0,4.5
subtitlegrievousbazooka,2021-05-04,0.0,0.0,0.0,0.0,58.0,17.0,0.0,2.0,5003.202987691705,413.0,13596,45,36.0,1.0,3.0,4.0,2.0,2.0,1.0,2.0,2.0,1.0,5.0,4.0,5.0,4.0,5.0,,,,,,5.0,4.2,,5.0,1.0,2.0,,4.333333333333333,,3.3333333333333335,,1.0,,,5.0,,,,,2.2,1.0,4.666666666666667
subtitlegrievousbazooka,2021-05-05,0.0,0.0,0.0,0.0,27.0,12.0,0.0,1.0,4033.883451445963,346.0,12291,50,36.0,1.0,3.0,3.0,2.0,3.0,1.0,1.0,1.0,1.0,5.0,,,4.0,,,,4.0,1.0,,5.0,3.0,5.0,,1.0,3.5,,4.0,5.0,5.0,,,,,4.8,,,1.0,,2.5,,5.0
subtitlegrievousbazooka,2021-05-06,0.0,0.0,0.0,0.0,44.0,12.0,0.0,2.0,4869.95057131564,303.0,19362,38,23.0,1.0,3.1666666666666665,2.9166666666666665,2.0,3.0,1.0,1.1666666666666667,1.0,1.0833333333333333,5.0,,,4.0,,,,4.0,1.0,,5.0,,5.0,,,1.0,,,4.5,,,,,,5.0,,,1.0,,1.0,,
subtitlegrievousbazooka,2021-05-07,0.0,0.0,0.0,0.0,47.0,10.0,0.0,1.0,4739.662089278224,383.0,14609,60,33.0,1.0,3.0,3.0,2.0714285714285716,3.0714285714285716,1.0,1.0,1.0,1.0,,,,,,,,,,,,,,,,,,,,,,,,,,,,,,,,
subtitlegrievousbazooka,2021-05-08,1.0,0.0,0.0,0.0,22.0,18.0,0.0,0.0,4415.727028131199,407.0,16034,76,28.0,1.0,3.0,3.076923076923077,2.076923076923077,3.0,1.0,1.2307692307692308,1.1538461538461537,1.0,,,,,,,,,,,,,,,,,,,,,,,,,,,,,,,,
subtitlegrievousbazooka,2021-05-09,0.0,0.0,2.0,0.0,20.0,35.0,0.0,4.0,4889.778303406655,440.0,23203,77,70.0,1.0,3.0,3.0,2.142857142857143,3.0714285714285716,1.0,1.0714285714285714,1.0,1.0,,,,,,,,,,,,,,,,,,,,,,,,,,,,,,,,
subtitlegrievousbazooka,2021-05-10,0.0,0.0,0.0,0.0,16.0,4.0,0.0,2.0,5514.1426714770405,299.0,24634,22,72.0,1.0,3.0,3.0,2.0,3.0,1.0,1.0,1.0,1.0,5.0,,,,,4.5,,4.0,3.0,,5.0,,5.0,,,,,,,,5.0,,,1.0,,5.0,,,,2.0,,5.0
subtitlegrievousbazooka,2021-05-11,0.0,0.0,0.0,0.0,56.0,7.0,0.0,2.0,4604.770399051409,529.0,10477,40,35.0,1.0,3.0,3.0,2.0,3.0,1.0,1.0,1.0,1.0,5.0,4.0,,4.0,,4.0,,4.0,1.0,4.75,3.6666666666666665,,5.0,,2.5,1.0,,,,4.0,5.0,,,1.0,,5.0,,1.0,,,,5.0
subtitlegrievousbazooka,2021-05-12,0.0,0.0,1.0,0.0,38.0,13.0,0.0,3.0,5288.107183792874,349.0,22892,22,68.0,1.0,3.0,3.0,2.0,3.0,1.0,1.0,1.0,1.0,5.0,2.5,,2.8,,,,,,5.0,5.0,4.0,5.0,,1.0,1.0,,4.25,,,5.0,,1.0,,5.0,5.0,5.0,1.0,,,1.0,
subtitlegrievousbazooka,2021-05-13,0.0,0.0,1.0,0.0,29.0,9.0,0.0,1.0,4546.798134577291,444.0,11425,24,59.0,1.0,3.0,2.0,2.0,3.0,1.0,1.0,1.0,1.0,4.857142857142857,,,2.5,,4.333333333333333,,,,,,4.0,5.0,5.0,,,,4.333333333333333,5.0,,4.666666666666667,,1.0,,5.0,5.0,,1.0,,1.6,1.0,4.0
subtitlegrievousbazooka,2021-05-14,0.0,0.0,0.0,0.0,49.0,11.0,0.0,8.0,3042.7993103087133,451.0,24132,28,34.0,1.0,3.0,3.0,2.0,3.0,1.0,1.0,2.0,1.0,5.0,,,4.0,5.0,4.0,,,1.0,5.0,4.5,,5.0,5.0,,,,4.166666666666667,5.0,5.0,,,1.0,,,,5.0,1.0,5.0,1.75,,4.0
subtitlegrievousbazooka,2021-05-15,2.0,0.0,1.0,0.0,39.0,27.0,0.0,5.0,4926.246569642438,316.0,28965,31,28.0,1.0,3.0,2.0,3.0,3.0,1.0,1.0,1.0,1.0,4.857142857142857,,,,4.75,,,,1.0,4.5,5.0,4.5,,,1.0,,,4.0,,5.0,,1.0,1.0,1.0,,,5.0,,5.0,2.4285714285714284,,
subtitlegrievousbazooka,2021-05-16,0.0,0.0,0.0,0.0,34.0,15.0,0.0,3.0,3100.281539616758,339.0,24412,22,27.0,1.0,3.0,3.0,2.0,3.0,1.0,1.0,1.0,1.0,5.0,5.0,,,,4.0,,,,5.0,,4.2,,,2.0,,,4.0,5.0,5.0,,1.0,1.0,1.0,5.0,,5.0,,,1.0,,4.5
subtitlegrievousbazooka,2021-05-17,3.0,1.0,0.0,0.0,51.0,37.0,0.0,4.0,5201.713128764772,327.0,22619,40,52.0,1.0,3.0,3.0,2.0,3.0,1.0,1.0,1.0,1.0,5.0,1.0,5.0,,,4.333333333333333,,4.0,,4.8,,4.0,,5.0,1.0,1.0,4.0,4.0,5.0,,,,1.0,,5.0,,5.0,1.0,,2.5,,2.5
subtitlegrievousbazooka,2021-05-18,0.0,0.0,0.0,0.0,70.0,14.0,0.0,3.0,3294.625092075268,376.0,16829,36,67.0,1.0,3.0,3.0,2.0,3.0,1.0,1.0,1.0,1.0,5.0,,2.5,,,4.0,,1.0,1.0,,,4.0,5.0,5.0,1.0,1.0,,,5.0,5.0,5.0,1.0,,,4.75,,,1.0,5.0,1.0,,4.0
subtitlegrievousbazooka,2021-05-19,0.0,0.0,0.0,0.0,38.0,19.0,0.0,3.0,4611.9647586271785,317.0,21863,58,63.0,1.0,3.0,3.0,2.0,3.0,1.0,1.0,1.0,1.0,4.875,,5.0,,,4.0,,4.0,1.0,,5.0,,4.5,4.5,,,4.0,4.0,5.0,5.0,,1.0,,1.0,5.0,,,,,1.0,1.0,4.0
subtitlegrievousbazooka,2021-05-20,2.0,0.0,0.0,0.0,29.0,23.0,0.0,8.0,5976.038303946322,554.0,45955,61,50.0,1.0,3.0714285714285716,3.0,2.142857142857143,2.9285714285714284,1.0,1.0,1.0,1.0714285714285714,5.0,4.0,3.6666666666666665,,,4.0,,4.333333333333333,,,5.0,,,5.0,,,4.0,4.0,,,,,,1.0,5.0,,,,,,1.0,
subtitlegrievousbazooka,2021-05-21,0.0,0.0,0.0,0.0,42.0,14.0,0.0,2.0,4759.558476564445,363.0,17364,52,64.0,1.0,3.076923076923077,3.076923076923077,2.1538461538461537,2.8461538461538463,1.0,1.0769230769230769,1.0,1.1538461538461537,,,,,,,,,,,,,,,,,,,,,,,,,,,,,,,,
subtitlegrievousbazooka,2021-05-22,0.0,0.0,3.0,0.0,21.0,23.0,0.0,4.0,4249.485286524137,482.0,19940,49,,1.0,3.1666666666666665,3.0,2.5833333333333335,3.0833333333333335,1.0,1.0,1.0,1.0,,,,,,,,,,,,,,,,,,,,,,,,,,,,,,,,
subtitlegrievousbazooka,2021-05-23,0.0,0.0,1.0,0.0,47.0,23.0,0.0,1.0,4921.72875615872,318.0,14999,55,67.0,1.0666666666666667,2.8,3.066666666666667,2.6,2.8,1.0666666666666667,1.0666666666666667,1.2,1.2,,,,,,,,,,,,,,,,,,,,,,,,,,,,,,,,
subtitlegrievousbazooka,2021-05-24,0.0,1.0,0.0,0.0,66.0,14.0,0.0,2.0,4846.325573377111,427.0,19884,65,59.0,1.0,3.0,3.0,3.0,3.0,1.0,1.0,1.0,1.0,5.0,,2.0,,,,4.333333333333333,,,,5.0,,5.0,,2.0,,4.0,3.0,,5.0,,,,1.0,,,,,,,1.0,
subtitlegrievousbazooka,2021-05-25,1.0,0.0,0.0,0.0,36.0,18.0,0.0,2.0,4838.162794602977,394.0,17690,64,70.0,1.0,3.0,3.0,3.0,3.0,1.0,1.0,1.0,1.0,5.0,,5.0,,,4.0,4.5,4.0,,,5.0,,5.0,,3.142857142857143,1.0,4.0,4.0,5.0,5.0,,1.0,,1.0,5.0,,5.0,1.0,,,1.0,
subtitlegrievousbazooka,2021-05-26,0.0,0.0,0.0,0.0,73.0,17.0,0.0,2.0,4570.421022920145,351.0,13310,39,52.0,1.0,3.0,3.0,3.0,3.0,1.0,1.0,1.0,1.0,4.5,,4.5,,5.0,4.0,,4.0,,,5.0,4.0,,5.0,1.75,1.6,,,5.0,,,1.0,,1.0,5.0,,5.0,1.0,,,1.0,4.0
subtitlegrievousbazooka,2021-05-27,0.0,0.0,3.0,0.0,30.0,25.0,0.0,8.0,11434.911357505203,437.0,26198,48,47.0,1.0,3.0,3.0,3.0,3.0,1.0,1.0,1.0,1.0,5.0,5.0,5.0,1.0,,,,4.0,,5.0,5.0,4.0,,5.0,3.3333333333333335,1.0,,4.0,,,5.0,,,1.0,,,,1.0,,,1.0,4.0
subtitlegrievousbazooka,2021-05-28,1.0,0.0,1.0,0.0,41.0,23.0,0.0,5.0,4603.461171226712,496.0,11652,42,57.0,1.0,4.0,4.0,3.0,3.0,1.0,1.0,1.0,1.0,5.0,,,,,,,,3.0,3.6666666666666665,5.0,,5.0,5.0,2.5,,,2.5,5.0,4.0,5.0,1.0,,1.0,,5.0,,1.0,,1.0,,
subtitlegrievousbazooka,2021-05-29,0.0,0.0,0.0,0.0,49.0,9.0,0.0,0.0,4060.518729082252,398.0,20850,29,57.0,,,,,,,,,,5.0,,,,,2.5,,4.0,2.0,4.666666666666667,4.5,,5.0,5.0,3.0,,,,,4.0,5.0,,,,,5.0,5.0,1.0,5.0,1.0,,
subtitlegrievousbazooka,2021-05-30,0.0,0.0,5.0,0.0,9.0,21.0,0.0,2.0,7938.671106664247,480.0,25522,35,32.0,1.0,3.0,3.5,3.0,3.0,1.0,1.0,1.5,1.0,4.714285714285714,,4.0,,,,,5.0,2.0,5.0,,,,5.0,,,4.0,,,5.0,5.0,,1.0,,5.0,5.0,5.0,,,1.0,,
subtitlegrievousbazooka,2021-05-31,0.0,0.0,0.0,0.0,34.0,7.0,0.0,0.0,4203.093877822572,201.0,18066,34,36.0,1.0,3.0,3.0,3.0,3.0,1.0,1.0,1.0,1.0,5.0,,4.5,,,,,,,4.666666666666667,5.0,,5.0,,,,4.5,4.5,,5.0,4.75,,1.0,,4.666666666666667,4.875,5.0,,,1.0,,
subtitlegrievousbazooka,2021-06-01,0.0,0.0,0.0,0.0,49.0,14.0,0.0,2.0,4831.230524381158,346.0,19143,39,46.0,1.0,3.0,3.0,2.0,3.0,1.0,2.0,1.0,1.0,5.0,,3.6666666666666665,1.0,,,,4.5,,4.8,5.0,,,5.0,3.0,,,3.6,,,5.0,,1.0,1.0,4.666666666666667,4.5,5.0,,,,2.0,
subtitlegrievousbazooka,2021-06-02,0.0,0.0,0.0,0.0,39.0,15.0,0.0,2.0,4709.525359674079,463.0,8361,42,50.0,,,,,,,,,,5.0,5.0,,3.0,,4.0,,4.0,,4.75,4.2,,,5.0,3.0,1.0,,3.0,,,5.0,,1.0,1.0,,4.75,5.0,,5.0,,,4.0
subtitlegrievousbazooka,2021-06-03,0.0,0.0,0.0,0.0,29.0,8.0,0.0,1.0,4795.754894016581,355.0,18621,38,67.0,1.0,3.0,3.0,3.0,3.0,1.5,2.0,1.5,1.5,4.5,,4.5,1.0,,3.25,,,,5.0,5.0,4.0,,,,1.0,,3.5,,4.0,5.0,,1.0,1.0,5.0,4.333333333333333,5.0,,,,,3.0
subtitlegrievousbazooka,2021-06-04,1.0,0.0,0.0,0.0,34.0,21.0,0.0,7.0,6974.460102883204,439.0,27511,47,54.0,1.0,2.933333333333333,2.8666666666666667,2.933333333333333,2.8666666666666667,1.0666666666666667,1.0,1.0,1.0,4.666666666666667,,4.333333333333333,1.0,,,,,,5.0,5.0,4.0,,,,1.0,,,,5.0,,,,,5.0,4.75,,,,,,4.0
subtitlegrievousbazooka,2021-06-05,0.0,0.0,0.0,0.0,30.0,11.0,0.0,1.0,5349.268845337085,265.0,36427,43,32.0,1.0,3.0,3.0,2.923076923076923,3.0,1.0,1.0,1.0,1.0,,,,,,,,,,,,,,,,,,,,,,,,,,,,,,,,
subtitlegrievousbazooka,2021-06-06,1.0,0.0,0.0,0.0,48.0,20.0,0.0,6.0,2993.308325312297,288.0,28310,41,33.0,1.0,3.1,3.0,3.2,3.1,1.0,1.0,1.0,1.0,,,,,,,,,,,,,,,,,,,,,,,,,,,,,,,,
subtitlegrievousbazooka,2021-06-07,0.0,0.0,0.0,0.0,68.0,9.0,0.0,4.0,1698.2081216090576,344.0,14898,66,67.0,1.0666666666666667,3.6666666666666665,3.3333333333333335,3.2,3.066666666666667,1.0666666666666667,1.1333333333333333,1.0,1.0,,,,,,,,,,,,,,,,,,,,,,,,,,,,,,,,
subtitlegrievousbazooka,2021-06-08,0.0,0.0,1.0,0.0,39.0,12.0,0.0,2.0,4138.609013182384,316.0,19664,53,70.0,1.0,3.0,3.0,3.0,3.0,1.0,1.0,1.0,1.0,5.0,,4.5,2.5,,,,,,,5.0,,,,,1.0,4.0,,,4.5,,1.0,,,5.0,,5.0,,5.0,,,
subtitlegrievousbazooka,2021-06-09,0.0,0.0,0.0,0.0,43.0,7.0,0.0,3.0,3627.266705043471,426.0,8976,34,29.0,1.0,4.0,4.0,3.0,3.0,1.0,1.0,1.0,1.0,4.428571428571429,,3.8333333333333335,1.0,,,4.0,,2.0,,4.75,4.0,,,,1.0,4.166666666666667,,,4.5,5.0,1.0,,1.0,5.0,,5.0,1.0,,,,3.0
subtitlegrievousbazooka,2021-06-10,1.0,0.0,0.0,0.0,47.0,37.0,0.0,4.0,1481.6531269642394,259.0,28212,44,39.0,1.0,3.0,4.0,3.0,3.0,1.0,1.0,1.0,1.0,5.0,5.0,5.0,,4.5,,4.0,,1.6666666666666667,,4.75,4.0,,5.0,1.0,1.0,4.2,4.0,5.0,,5.0,,,1.0,,,,1.0,5.0,,,4.0
subtitlegrievousbazooka,2021-06-11,1.0,0.0,2.0,0.0,18.0,21.0,0.0,4.0,5059.28440561071,455.0,29228,33,83.0,1.0,3.0,3.0,3.0,4.0,1.0,1.0,1.0,1.0,4.857142857142857,,,,5.0,,4.666666666666667,,1.0,,4.5,4.0,,4.666666666666667,1.0,1.75,4.0,4.0,5.0,,4.666666666666667,,1.0,1.0,,5.0,,,5.0,,,4.5
subtitlegrievousbazooka,2021-06-12,0.0,0.0,0.0,0.0,42.0,7.0,0.0,3.0,4831.437672961218,250.0,22139,38,60.0,1.0,3.0,4.0,3.0,3.0,1.0,1.0,1.0,1.0,4.9,,,,5.0,,4.666666666666667,,,,5.0,4.25,,,1.0,,,,,,5.0,,1.0,1.0,5.0,4.5,,1.0,5.0,,,4.0
subtitlegrievousbazooka,2021-06-13,1.0,0.0,3.0,0.0,30.0,17.0,0.0,3.0,7672.220044324469,416.0,11690,33,37.0,1.0,3.0,3.0,3.0,4.0,1.0,1.0,1.0,1.0,4.75,5.0,,,4.75,,5.0,4.5,,5.0,5.0,4.333333333333333,5.0,,2.0,2.5,,,,5.0,5.0,,1.0,,4.5,,,1.0,,,,
subtitlegrievousbazooka,2021-06-14,1.0,0.0,1.0,0.0,60.0,21.0,0.0,1.0,4933.9150705133015,411.0,24485,48,56.0,1.0,4.0,4.0,3.0,3.0,1.0,1.0,1.0,1.0,4.833333333333333,5.0,,,5.0,,5.0,5.0,1.0,,4.8,4.0,,,2.75,2.5,5.0,4.5,,5.0,5.0,,1.0,,,,,,,,,4.0
subtitlegrievousbazooka,2021-06-15,0.0,0.0,0.0,0.0,37.0,15.0,0.0,2.0,4586.612151800146,468.0,15390,47,45.0,1.0,4.0,4.0,3.0,3.0,1.0,1.0,1.0,1.0,5.0,,,,5.0,4.0,5.0,4.666666666666667,2.4,5.0,5.0,4.333333333333333,5.0,,2.3333333333333335,,5.0,4.5,5.0,5.0,,,,,,,,,,3.0,,5.0
subtitlegrievousbazooka,2021-06-16,0.0,0.0,0.0,0.0,39.0,15.0,0.0,1.0,4567.650378626127,363.0,8299,21,34.0,1.0,3.0,3.0,3.0,3.0,1.0,1.0,1.0,1.0,5.0,,,2.0,,4.333333333333333,,5.0,1.0,4.666666666666667,5.0,,5.0,5.0,,1.0,4.333333333333333,,,4.0,5.0,1.0,,,5.0,,5.0,1.0,,2.0,1.0,
subtitlegrievousbazooka,2021-06-17,0.0,0.0,3.0,0.0,37.0,18.0,0.0,6.0,5049.324970908467,386.0,18636,36,50.0,1.0,3.4615384615384617,3.0,2.923076923076923,2.923076923076923,1.0,1.0769230769230769,1.0,1.0,4.666666666666667,,,4.0,,1.75,,,,,,,,5.0,,1.0,,,,,5.0,1.0,,,5.0,,5.0,1.0,,,1.0,
subtitlegrievousbazooka,2021-06-18,1.0,0.0,1.0,0.0,23.0,37.0,0.0,17.0,6132.303764845498,472.0,18312,56,83.0,1.0,3.4285714285714284,3.142857142857143,3.0714285714285716,3.0714285714285716,1.0,1.0,1.0,1.0,,,,,,,,,,,,,,,,,,,,,,,,,,,,,,,,
subtitlegrievousbazooka,2021-06-19,0.0,0.0,0.0,0.0,34.0,12.0,0.0,4.0,4653.921097137945,430.0,20634,34,122.0,1.0,3.0,2.923076923076923,3.0,3.0,1.0769230769230769,1.0,1.0,1.0,,,,,,,,,,,,,,,,,,,,,,,,,,,,,,,,
subtitlegrievousbazooka,2021-06-20,0.0,0.0,1.0,0.0,32.0,14.0,0.0,1.0,4791.30995469105,474.0,22881,56,85.0,1.0,3.142857142857143,3.0714285714285716,3.0714285714285716,3.0714285714285716,1.0,1.0,1.0,1.0714285714285714,,,,,,,,,,,,,,,,,,,,,,,,,,,,,,,,
subtitlegrievousbazooka,2021-06-21,0.0,0.0,0.0,0.0,20.0,4.0,0.0,1.0,5301.878957921566,514.0,16394,61,54.0,1.0,3.0,3.0,3.0,3.0,1.0,1.0,1.0,1.0,4.666666666666667,,5.0,,5.0,3.25,,,,,5.0,4.5,,,,,4.5,3.3333333333333335,,5.0,,,,,,5.0,,,,,,4.2
subtitlegrievousbazooka,2021-06-22,0.0,0.0,0.0,0.0,40.0,11.0,0.0,3.0,3862.42186361997,518.0,8014,33,54.0,1.0,4.0,3.0,3.0,3.0,1.0,1.0,1.0,2.0,5.0,5.0,3.0,2.5,5.0,4.0,,,,4.666666666666667,4.8,4.4,,,2.5,,4.0,3.0,5.0,5.0,,,,1.0,,5.0,,1.0,,,,4.0
subtitlegrievousbazooka,2021-06-23,0.0,0.0,0.0,0.0,55.0,8.0,0.0,1.0,4086.4240981840967,397.0,11973,47,46.0,1.0,3.0,3.0,3.0,3.0,1.0,1.0,1.0,1.0,5.0,,3.0,4.0,,,5.0,4.5,1.0,5.0,5.0,4.5,5.0,,1.0,,4.333333333333333,,4.5,,,,,1.0,5.0,5.0,,1.0,,,,3.5
subtitlegrievousbazooka,2021-06-24,0.0,0.0,0.0,0.0,46.0,11.0,0.0,3.0,4457.23686472584,354.0,21106,49,43.0,1.0,3.0,3.0,3.0,3.0,1.0,1.0,1.0,1.0,5.0,,3.0,,,,4.75,5.0,1.0,,,4.0,3.75,,1.0,,4.5,3.0,5.0,5.0,,,,,5.0,4.666666666666667,,,,,,
subtitlegrievousbazooka,2021-06-25,0.0,0.0,0.0,0.0,42.0,7.0,0.0,1.0,5295.959131320224,426.0,12984,47,45.0,,,,,,,,,,5.0,,3.6666666666666665,,,,4.5,,1.75,5.0,5.0,,4.0,5.0,3.0,1.0,4.0,2.0,,4.25,5.0,,1.0,,5.0,5.0,,,,1.0,,3.3333333333333335
subtitlegrievousbazooka,2021-06-26,0.0,0.0,0.0,0.0,25.0,7.0,0.0,1.0,5497.570292261066,386.0,48049,32,55.0,1.0,3.0,3.0,4.0,3.0,1.0,1.0,1.0,1.0,4.0,,4.5,,,,4.5,,2.5,4.25,5.0,,5.0,5.0,,,4.0,,5.0,5.0,4.6,,1.0,,,,,1.0,5.0,1.8571428571428572,,
subtitlegrievousbazooka,2021-06-27,,,,,,,,,4529.009381851918,330.0,13855,49,73.0,1.0,4.0,3.0,3.0,3.0,1.0,1.0,1.0,1.0,5.0,,,,5.0,5.0,,,1.0,5.0,5.0,4.0,,5.0,,1.0,,,4.0,,5.0,4.0,1.0,4.0,,,,1.0,,1.0,1.0,
subtitlegrievousbazooka,2021-06-28,,,,,,,,,5640.029977025348,407.0,10889,45,54.0,1.0,3.0,3.0,3.0,3.5,1.0,1.0,1.0,1.0,5.0,,5.0,,5.0,3.1666666666666665,,4.0,1.0,4.0,,4.0,4.666666666666667,5.0,,1.0,,4.0,,,,1.0,,1.0,5.0,5.0,,,,,1.0,
subtitlegrievousbazooka,2021-06-29,,,,,,,,,5231.405818759403,460.0,17859,33,30.0,1.0,3.0,3.0,3.0,3.0,1.0,1.0,1.0,1.0,4.857142857142857,4.0,4.8,,5.0,4.333333333333333,4.333333333333333,4.333333333333333,,,5.0,4.0,5.0,,,,4.0,4.0,,,5.0,,1.0,1.0,5.0,4.333333333333333,,,,,1.0,4.0
subtitlegrievousbazooka,2021-06-30,,,,,,,,,4859.302876282438,395.0,14624,39,44.0,1.0,3.0,3.0,3.0,3.0,1.0,1.0,1.0,1.0,5.0,,4.666666666666667,1.0,5.0,,4.142857142857143,,,5.0,5.0,4.0,5.0,5.0,,,3.0,3.4,,,5.0,,1.0,,,,,,,,1.0,
subtitlegrievousbazooka,2021-07-01,,,,,,,,,5746.176083098178,404.0,20961,50,84.0,1.0,3.1666666666666665,3.0,3.0833333333333335,2.9166666666666665,1.0,1.0,1.0,1.0,5.0,4.0,4.666666666666667,2.3333333333333335,4.666666666666667,,4.333333333333333,,,5.0,,,4.5,5.0,,,,4.0,,,5.0,,,,,,,,,,2.5,
subtitlegrievousbazooka,2021-07-02,,,,,,,,,4386.934605406912,478.0,20966,47,69.0,1.0,3.230769230769231,3.076923076923077,2.923076923076923,2.8461538461538463,1.0,1.0,1.0,1.0,,,,,,,,,,,,,,,,,,,,,,,,,,,,,,,,
subtitlegrievousbazooka,2021-07-03,,,,,,,,,4853.264140487433,353.0,20401,40,38.0,1.0,3.1666666666666665,3.0833333333333335,3.0,2.9166666666666665,1.0,1.0,1.0,1.0,,,,,,,,,,,,,,,,,,,,,,,,,,,,,,,,
subtitlegrievousbazooka,2021-07-04,,,,,,,,,4964.496280978409,347.0,21294,92,107.0,1.0,3.1333333333333333,3.0,2.933333333333333,2.8666666666666667,1.0,1.0,1.0666666666666667,1.0666666666666667,,,,,,,,,,,,,,,,,,,,,,,,,,,,,,,,
subtitlegrievousbazooka,2021-07-05,1.0,0.0,0.0,0.0,23.0,20.0,0.0,0.0,4416.27917511437,423.0,19291,31,148.0,1.0,3.0,3.0,3.0,3.0,1.0,1.0,1.0,1.0,5.0,1.0,,,,,,,1.0,,,4.0,,5.0,,,4.0,,4.5,,,1.0,,,,4.5,,,,,,4.0
subtitlegrievousbazooka,2021-07-06,0.0,0.0,1.0,0.0,39.0,2.0,0.0,4.0,4662.144021727552,490.0,34957,52,90.0,1.0,3.0,3.0,3.0,3.0,1.0,2.0,2.0,2.0,4.75,1.0,,2.5,5.0,4.25,,4.666666666666667,1.0,,4.666666666666667,5.0,,5.0,2.5,,4.333333333333333,4.0,4.5,,,2.0,,,5.0,4.5,,,,,,4.0
subtitlegrievousbazooka,2021-07-07,1.0,0.0,0.0,0.0,31.0,11.0,0.0,2.0,6330.813388744416,436.0,18320,55,75.0,,,,,,,,,,5.0,1.0,5.0,,4.5,4.5,,5.0,,5.0,5.0,4.0,,4.0,,,4.25,4.0,5.0,,,2.0,1.0,,5.0,5.0,5.0,,,2.5,,4.25
subtitlegrievousbazooka,2021-07-08,0.0,0.0,0.0,0.0,64.0,8.0,0.0,1.0,6166.802405258138,290.0,22263,77,81.0,1.0,4.0,3.0,3.0,3.0,1.0,1.0,1.0,1.0,5.0,5.0,4.8,1.0,5.0,,,,1.0,5.0,,4.0,5.0,5.0,,1.0,4.5,4.0,5.0,,5.0,,1.0,,5.0,5.0,5.0,,,,,5.0
subtitlegrievousbazooka,2021-07-09,0.0,1.0,0.0,0.0,30.0,14.0,0.0,1.0,5013.691681134101,510.0,30379,58,68.0,1.0,4.0,3.0,3.0,3.0,1.0,1.0,1.0,1.0,4.333333333333333,,4.5,4.0,5.0,,,,1.0,4.0,5.0,2.5,5.0,5.0,3.0,1.0,,4.333333333333333,,,5.0,1.0,,,,,,1.0,,,,4.0
subtitlegrievousbazooka,2021-07-10,0.0,0.0,1.0,0.0,52.0,11.0,0.0,3.0,4555.41880193308,426.0,26315,68,77.0,1.0,3.0,3.0,3.0,3.0,1.0,1.0,1.0,1.0,5.0,,5.0,1.0,,1.0,,4.0,,,5.0,,,5.0,1.0,1.0,4.0,3.0,5.0,,5.0,1.0,,,5.0,,,1.0,,1.0,,
subtitlegrievousbazooka,2021-07-11,0.0,0.0,0.0,0.0,52.0,0.0,0.0,3.0,4949.870291008552,522.0,14582,48,65.0,1.0,3.0,3.0,3.0,3.0,1.0,1.0,1.0,1.0,5.0,,,1.0,,1.75,,4.5,,,5.0,4.333333333333333,,5.0,1.0,1.4,4.0,4.0,4.5,,5.0,1.0,1.0,1.0,,4.333333333333333,5.0,,5.0,,,
subtitlegrievousbazooka,2021-07-12,0.0,0.0,0.0,0.0,74.0,13.0,0.0,2.0,,,21160,47,72.0,1.0,3.0,3.0,3.0,3.0,1.0,1.0,1.0,1.0,5.0,,,,,,,,,,,4.0,,,1.0,1.0,,,5.0,,,1.0,1.0,1.0,,5.0,5.0,,,,,
subtitlegrievousbazooka,2021-07-13,0.0,0.0,1.0,0.0,39.0,8.0,0.0,1.0,5623.71737694111,432.0,12276,46,94.0,,,,,,,,,,4.666666666666667,3.0,5.0,1.75,,2.5,4.333333333333333,4.666666666666667,,,3.3333333333333335,,5.0,,,,,,,,5.0,1.0,,,4.75,,,1.0,,,,
subtitlegrievousbazooka,2021-07-14,0.0,0.0,0.0,0.0,42.0,6.0,0.0,6.0,5709.298930891743,463.0,49234,37,62.0,1.0,3.0,3.0,3.0,3.0,1.0,1.0,1.0,1.0,4.857142857142857,,,5.0,,4.666666666666667,4.4,4.333333333333333,1.0,,5.0,,5.0,4.5,,,4.0,,,,4.0,1.0,1.0,1.0,5.0,,,1.0,,2.5,,
subtitlegrievousbazooka,2021-07-15,1.0,0.0,0.0,0.0,37.0,9.0,0.0,3.0,1791.5646360651665,0.0,35265,31,22.0,1.0,3.0,3.3076923076923075,3.0,3.0,1.0,1.0769230769230769,1.0,1.0,5.0,,,,,,,,1.0,,4.0,,,5.0,,,3.5,,,,,,1.0,1.0,5.0,,,1.0,4.0,2.5,,
subtitlegrievousbazooka,2021-07-16,0.0,0.0,4.0,0.0,35.0,12.0,0.0,9.0,4612.133444235812,0.0,16456,39,58.0,1.0,3.4166666666666665,3.1666666666666665,3.0833333333333335,3.0833333333333335,1.0833333333333333,1.0,1.0833333333333333,1.0833333333333333,,,,,,,,,,,,,,,,,,,,,,,,,,,,,,,,
subtitlegrievousbazooka,2021-07-17,0.0,0.0,0.0,0.0,33.0,14.0,0.0,2.0,2988.728924830605,516.0,53670,25,82.0,1.0,3.3846153846153846,3.3076923076923075,3.076923076923077,3.0,1.0,1.0769230769230769,1.0,1.0769230769230769,,,,,,,,,,,,,,,,,,,,,,,,,,,,,,,,
subtitlegrievousbazooka,2021-07-18,0.0,0.0,1.0,0.0,26.0,25.0,0.0,0.0,6503.997383234928,346.0,23914,59,86.0,1.1666666666666667,3.0833333333333335,3.0,3.0,2.9166666666666665,1.0833333333333333,1.1666666666666667,1.1666666666666667,1.1666666666666667,,,,,,,,,,,,,,,,,,,,,,,,,,,,,,,,
subtitlegrievousbazooka,2021-07-19,1.0,0.0,2.0,0.0,51.0,22.0,0.0,6.0,6950.762643981664,310.0,27767,56,98.0,1.0,3.0,3.0,3.0,3.0,1.0,1.0,1.0,1.0,5.0,,,,5.0,,5.0,,1.0,5.0,5.0,,,,,,,,,,5.0,,1.0,,,4.666666666666667,4.75,,,,1.0,
subtitlegrievousbazooka,2021-07-20,1.0,0.0,0.0,0.0,39.0,14.0,0.0,7.0,4796.391620978837,308.0,22433,40,99.0,1.0,4.0,3.0,3.0,3.0,1.0,1.0,1.0,1.0,4.428571428571429,,5.0,,4.75,,5.0,,1.0,4.6,4.666666666666667,,5.0,,,,4.0,,,,5.0,1.0,1.0,1.0,,5.0,5.0,,,,1.0,
subtitlegrievousbazooka,2021-07-21,0.0,0.0,0.0,0.0,43.0,12.0,0.0,2.0,1182.531428864104,350.0,22062,36,57.0,,,,,,,,,,5.0,,5.0,,5.0,,,,1.0,4.8,,4.0,5.0,,1.0,,3.5,,,,5.0,1.0,,1.0,5.0,4.666666666666667,4.8,,,1.0,,
subtitlegrievousbazooka,2021-07-22,0.0,0.0,0.0,0.0,23.0,4.0,0.0,2.0,2623.5421749791626,19.0,13642,25,49.0,1.0,3.0,3.0,3.0,4.0,1.0,1.0,1.0,1.0,4.875,,5.0,1.0,5.0,,,,,5.0,5.0,4.0,,5.0,1.0,,4.0,,,,,1.75,,,5.0,,5.0,,4.0,1.0,,
subtitlegrievousbazooka,2021-07-23,0.0,0.0,0.0,0.0,30.0,12.0,0.0,2.0,5332.367250853121,256.0,11957,33,67.0,1.0,3.0,3.0,3.0,3.0,1.0,1.0,1.0,1.0,4.0,,,1.0,5.0,,,4.0,1.0,5.0,5.0,,,5.0,,,4.0,,,,,1.75,1.8,,4.666666666666667,,,,,,,4.0
subtitlegrievousbazooka,2021-07-24,1.0,0.0,0.0,0.0,60.0,13.0,0.0,1.0,6243.542423807953,515.0,12566,41,60.0,1.0,3.0,3.0,3.0,3.0,1.0,1.0,1.0,1.0,4.1,,,3.0,,,,4.333333333333333,,,4.666666666666667,,5.0,5.0,4.666666666666667,,4.166666666666667,4.333333333333333,5.0,4.0,5.0,,2.5,,,,5.0,1.0,5.0,,,4.0
subtitlegrievousbazooka,2021-07-25,0.0,0.0,0.0,0.0,49.0,15.0,0.0,4.0,4400.579374549372,347.0,22991,39,52.0,1.0,4.0,3.0,3.0,3.0,1.0,1.0,1.0,1.0,5.0,,,3.0,5.0,1.0,5.0,,,,4.666666666666667,4.0,,5.0,4.666666666666667,,4.25,4.0,5.0,5.0,5.0,,,,,5.0,,1.0,,,,4.0
subtitlegrievousbazooka,2021-07-26,1.0,0.0,0.0,0.0,46.0,15.0,0.0,4.0,6287.222423740389,422.0,22002,49,70.0,1.0,3.0,3.0,3.0,3.0,1.0,1.0,1.0,1.0,4.818181818181818,,,4.333333333333333,5.0,1.0,4.25,4.333333333333333,,4.5,,4.166666666666667,,5.0,,,,3.6,5.0,,,,1.0,2.3333333333333335,5.0,4.666666666666667,5.0,1.0,,,2.3333333333333335,
subtitlegrievousbazooka,2021-07-27,0.0,0.0,0.0,0.0,80.0,15.0,0.0,1.0,4747.313992602396,328.0,9972,56,70.0,,,,,,,,,,5.0,4.0,4.666666666666667,4.0,,,,4.0,2.3333333333333335,,,4.0,,,,1.0,,4.0,5.0,,,,1.0,1.0,4.666666666666667,4.8,4.857142857142857,,,1.0,1.0,
subtitlegrievousbazooka,2021-07-28,0.0,0.0,0.0,0.0,21.0,6.0,0.0,3.0,4960.172734946861,141.0,22612,47,73.0,1.0,3.0,3.0,3.0,3.0,1.0,1.0,1.0,1.0,4.75,,,,,,4.5,,2.0,,,4.2,4.666666666666667,,,2.4,,2.5,5.0,,,,1.0,1.5,,4.5,5.0,,4.0,2.5,,
subtitlegrievousbazooka,2021-07-29,0.0,0.0,2.0,0.0,39.0,8.0,0.0,1.0,5843.441916514621,233.0,15288,70,67.0,1.0,3.5,3.0714285714285716,2.9285714285714284,3.0,1.0,1.0,1.0,1.0,5.0,,,,,,4.5,,,,,4.0,5.0,,1.0,1.0,,,,,5.0,,1.0,1.0,,4.75,,,,,,
subtitlegrievousbazooka,2021-07-30,0.0,0.0,1.0,0.0,54.0,10.0,0.0,2.0,5584.578187831659,456.0,19879,62,72.0,1.0,3.6923076923076925,3.076923076923077,3.076923076923077,3.0,1.0,1.0,1.0,1.0,,,,,,,,,,,,,,,,,,,,,,,,,,,,,,,,
subtitlegrievousbazooka,2021-07-31,0.0,0.0,0.0,0.0,34.0,8.0,0.0,3.0,3629.14155119064,467.0,26781,44,75.0,1.0,3.769230769230769,3.1538461538461537,3.0,3.1538461538461537,1.0,1.0769230769230769,1.0769230769230769,1.0,,,,,,,,,,,,,,,,,,,,,,,,,,,,,,,,
subtitlegrievousbazooka,2021-08-01,0.0,0.0,1.0,0.0,29.0,16.0,0.0,2.0,2385.949830202522,573.0,15270,40,67.0,1.0,3.3076923076923075,3.076923076923077,3.076923076923077,3.0,1.0,1.0,1.0,1.0,,,,,,,,,,,,,,,,,,,,,,,,,,,,,,,,
subtitlegrievousbazooka,2021-08-02,0.0,0.0,0.0,0.0,36.0,7.0,0.0,1.0,5603.778838585325,303.0,18526,49,63.0,,,,,,,,,,4.75,,3.6666666666666665,,4.666666666666667,,4.0,2.5,2.5,,,4.333333333333333,,5.0,,,,,5.0,,,,,,,,,2.5,,,1.0,
subtitlegrievousbazooka,2021-08-03,0.0,0.0,0.0,0.0,45.0,11.0,0.0,3.0,5407.497182829795,154.0,29495,36,59.0,1.0,3.0,3.0,3.0,4.0,1.0,1.0,1.0,2.0,5.0,,4.333333333333333,,5.0,3.0,4.5,4.0,1.0,4.5,,4.0,5.0,5.0,,,,,5.0,5.0,,,1.0,,,5.0,,1.0,,1.0,1.0,
subtitlegrievousbazooka,2021-08-04,0.0,0.0,2.0,0.0,26.0,16.0,0.0,4.0,5415.749681740937,111.0,26931,54,56.0,1.0,3.0,3.0,3.0,3.0,1.0,1.0,1.0,1.0,5.0,5.0,,3.3333333333333335,5.0,5.0,5.0,4.0,,4.0,,,5.0,5.0,,,,4.0,,4.0,,,1.75,,5.0,5.0,5.0,,,2.0,1.0,
subtitlegrievousbazooka,2021-08-05,0.0,0.0,0.0,0.0,38.0,5.0,0.0,2.0,4073.5906660624737,379.0,17145,42,74.0,1.0,3.0,3.0,3.0,3.0,1.0,1.0,1.0,1.0,4.833333333333333,,,4.4,,,4.666666666666667,,,5.0,,,4.666666666666667,5.0,1.0,2.0,,3.0,5.0,4.0,5.0,,1.0,,5.0,,5.0,,5.0,4.0,1.0,
subtitlegrievousbazooka,2021-08-06,0.0,0.0,0.0,0.0,38.0,16.0,0.0,2.0,4471.5187291145085,456.0,23165,55,71.0,1.0,3.0,3.0,3.0,3.0,1.0,2.0,1.0,1.0,4.875,4.0,,4.666666666666667,,,4.0,4.0,,,,,,5.0,1.0,1.0,,,5.0,,5.0,,,,5.0,5.0,5.0,1.0,5.0,1.0,,
subtitlegrievousbazooka,2021-08-07,0.0,0.0,0.0,0.0,44.0,5.0,0.0,2.0,5113.995268302696,373.0,13383,48,60.0,1.0,3.0,3.0,2.5,3.0,1.0,1.0,1.0,1.0,5.0,,,3.0,,,4.5,4.5,1.0,,,4.0,,5.0,1.0,1.0,,4.0,5.0,,4.666666666666667,,1.0,2.5,5.0,5.0,5.0,1.0,,,,
subtitlegrievousbazooka,2021-08-08,6.0,0.0,1.0,0.0,53.0,16.0,0.0,5.0,6086.547682175924,377.0,37533,59,47.0,1.0,3.0,3.0,3.0,3.0,2.0,1.0,1.0,1.0,5.0,,4.0,,,4.333333333333333,4.666666666666667,4.0,1.0,,,4.0,5.0,5.0,,1.0,4.666666666666667,3.0,,4.5,5.0,,1.0,1.0,,,,1.0,,,,
subtitlegrievousbazooka,2021-08-09,,,,,,,,,4756.871629045934,282.0,15384,48,78.0,1.0,3.0,3.0,4.0,3.0,1.0,1.0,1.0,1.0,4.666666666666667,,4.5,2.5,,2.5,5.0,4.5,,,4.666666666666667,4.0,5.0,,,,4.666666666666667,4.0,5.0,5.0,,,1.0,,5.0,5.0,,,5.0,,,4.0
subtitlegrievousbazooka,2021-08-10,,,,,,,,,5209.307181429932,322.0,13581,49,90.0,1.0,3.0,3.0,3.0,3.0,1.0,1.0,1.0,1.0,4.777777777777778,4.0,3.0,4.2,,,,4.0,,,5.0,4.0,5.0,,,,,,5.0,4.0,,1.0,1.75,,5.0,5.0,5.0,,,1.0,1.0,3.3333333333333335
subtitlegrievousbazooka,2021-08-11,,,,,,,,,5430.669900698406,134.0,30671,55,81.0,1.0,3.0,3.0,3.0,3.0,1.0,1.0,1.0,1.0,5.0,,5.0,4.0,,,4.5,4.5,1.0,,5.0,4.4,,,1.0,,4.25,,5.0,5.0,5.0,1.0,,,,4.5,5.0,1.0,,3.5,1.0,
subtitlegrievousbazooka,2021-08-12,,,,,,,,,3922.906780445436,463.0,22410,51,93.0,1.0,4.0,3.0,3.0,3.0,1.0,1.0,1.0,1.0,4.0,5.0,,,4.5,,4.0,4.333333333333333,1.0,,5.0,4.0,5.0,5.0,1.6,,4.333333333333333,4.5,5.0,,,2.0,1.0,,5.0,5.0,,1.0,,,1.0,
subtitlegrievousbazooka,2021-08-13,,,,,,,,,5578.303780976102,421.0,18972,42,68.0,1.0,3.4545454545454546,3.090909090909091,2.909090909090909,2.8181818181818183,1.0,1.0909090909090908,1.0,1.0,5.0,,,,5.0,,,,,,,,4.0,5.0,2.0,,,4.0,,,,1.0,2.3333333333333335,,4.8,5.0,,,,,1.0,
subtitlegrievousbazooka,2021-08-14,,,,,,,,,5186.107100566711,651.0,18600,70,53.0,1.0833333333333333,3.1666666666666665,2.9166666666666665,2.9166666666666665,3.0833333333333335,1.0833333333333333,1.0833333333333333,1.0833333333333333,1.0,,,,,,,,,,,,,,,,,,,,,,,,,,,,,,,,
subtitlegrievousbazooka,2021-08-15,,,,,,,,,4786.325316474122,508.0,14315,60,63.0,1.0909090909090908,3.5454545454545454,3.0,3.0,3.090909090909091,1.0,1.0,1.0,1.0,,,,,,,,,,,,,,,,,,,,,,,,,,,,,,,,
subtitlegrievousbazooka,2021-08-16,,,,,,,,,4891.510371687773,521.0,22489,39,55.0,1.0,3.4166666666666665,3.0833333333333335,2.8333333333333335,2.75,1.0,1.0,1.0,1.0,,,,,,,,,,,,,,,,,,,,,,,,,,,,,,,,
subtitlegrievousbazooka,2021-08-17,,,,,,,,,6390.503136226407,389.0,15604,59,54.0,1.0,4.0,3.0,3.0,3.0,1.0,1.0,1.0,1.0,4.666666666666667,5.0,,,5.0,1.75,4.666666666666667,,1.0,5.0,5.0,,,,,,,,,,,,,,4.0,5.0,4.5,,,1.0,,
subtitlegrievousbazooka,2021-08-18,,,,,,,,,6858.52693170181,363.0,22319,54,95.0,1.0,3.0,3.0,2.0,3.0,1.0,1.0,1.0,1.0,4.8,,4.5,,5.0,4.0,4.5,,1.0,4.666666666666667,4.8,,,4.75,,1.0,,4.0,5.0,,,,2.5,,5.0,4.666666666666667,5.0,,5.0,1.0,1.0,
subtitlegrievousbazooka,2021-08-19,,,,,,,,,4319.833741704057,416.0,40051,37,133.0,1.0,3.0,3.0,3.0,3.0,1.0,2.0,1.0,1.0,5.0,4.0,5.0,3.0,4.75,,4.25,4.4,,5.0,4.5,,,4.833333333333333,1.0,1.0,,5.0,4.5,,,,1.0,,5.0,,5.0,,,,1.0,
subtitlegrievousbazooka,2021-08-20,,,,,,,,,4999.380892342843,360.0,14215,31,103.0,,,,,,,,,,4.857142857142857,5.0,5.0,2.2,,,5.0,4.0,,5.0,,,5.0,5.0,1.0,,,4.0,5.0,,5.0,,,1.0,5.0,,5.0,,5.0,,1.0,5.0
subtitlegrievousbazooka,2021-08-21,,,,,,,,,7213.604274943675,349.0,25575,85,87.0,1.0,3.0,3.0,3.0,4.0,1.0,1.0,1.0,1.0,4.857142857142857,5.0,5.0,2.5,5.0,,4.0,,,,,4.5,5.0,,,,,4.25,,,5.0,1.0,1.0,1.0,,5.0,5.0,,,,2.3333333333333335,4.6
subtitlegrievousbazooka,2021-08-22,,,,,,,,,4459.426005797871,396.0,23541,39,86.0,1.0,3.0,3.0,3.0,3.0,1.0,1.0,1.0,1.0,5.0,,5.0,,5.0,4.333333333333333,4.5,,,5.0,,4.0,5.0,,1.0,1.0,,,,4.0,,1.0,1.0,1.0,5.0,5.0,4.0,1.0,,,,4.0
subtitlegrievousbazooka,2021-08-23,,,,,,,,,4103.229056448072,516.0,25042,36,65.0,1.0,3.0,3.0,3.0,3.0,1.0,2.0,1.0,1.0,5.0,,1.0,2.75,5.0,,,4.0,,4.8,4.0,4.333333333333333,4.5,,1.0,1.0,,,,4.6,,,,,5.0,,5.0,1.0,,,,4.0
subtitlegrievousbazooka,2021-08-24,,,,,,,,,4834.142457148058,514.0,17344,36,44.0,1.0,2.0,4.0,3.0,3.0,1.0,1.0,1.0,1.0,5.0,5.0,,2.75,5.0,,,4.0,1.0,,5.0,4.333333333333333,5.0,,1.0,,,4.0,,4.5,,1.0,,,,,,1.0,4.0,2.0,1.0,
subtitlegrievousbazooka,2021-08-25,,,,,,,,,5049.879998693735,375.0,19941,46,35.0,1.0,3.0,4.0,3.0,3.0,1.0,2.0,1.0,1.0,5.0,,,1.0,,,4.666666666666667,4.0,1.0,,5.0,4.0,,5.0,1.0,,,5.0,4.75,5.0,,1.0,,,5.0,,,,5.0,1.0,1.0,2.5
subtitlegrievousbazooka,2021-08-26,,,,,,,,,7424.276433942348,366.0,22024,57,57.0,1.0,3.0,3.0,4.0,3.0,1.0,1.0,1.0,1.0,5.0,5.0,,2.0,,,5.0,4.5,,,5.0,,,5.0,2.3333333333333335,1.0,,,5.0,,5.0,1.0,1.0,,5.0,,,,,1.0,,3.4
subtitlegrievousbazooka,2021-08-27,,,,,,,,,5926.569186740888,292.0,12120,53,43.0,1.0,3.6,3.0,3.0,3.0,1.0,1.0,1.0,1.0,5.0,4.75,,4.0,,,,4.0,,,5.0,,,4.75,,1.0,,,,,5.0,,1.0,,5.0,,,,,1.0,,5.0
subtitlegrievousbazooka,2021-08-28,,,,,,,,,6549.729395512979,425.0,23395,45,75.0,1.0,3.3076923076923075,3.1538461538461537,3.076923076923077,3.0,1.0,1.0,1.0,1.0,,,,,,,,,,,,,,,,,,,,,,,,,,,,,,,,
subtitlegrievousbazooka,2021-08-29,,,,,,,,,4210.574039724002,511.0,18378,40,84.0,1.0833333333333333,3.5,3.0833333333333335,2.9166666666666665,3.0,1.0,1.0,1.0,1.0,,,,,,,,,,,,,,,,,,,,,,,,,,,,,,,,
subtitlegrievousbazooka,2021-08-30,,,,,,,,,3667.9916792127774,490.0,18732,39,84.0,1.0,3.3636363636363638,3.090909090909091,3.0,3.0,1.0,1.0,1.0,1.0,,,,,,,,,,,,,,,,,,,,,,,,,,,,,,,,
subtitlegrievousbazooka,2021-08-31,,,,,,,,,5330.243242134828,480.0,8859,35,101.0,1.0,3.0,3.0,3.0,3.0,1.0,1.0,1.0,1.0,5.0,,3.6666666666666665,,5.0,,,4.0,,,,,5.0,5.0,1.0,,,,5.0,,,,,,,,,,,1.0,1.0,4.0
subtitlegrievousbazooka,2021-09-01,,,,,,,,,5457.090673152004,396.0,28657,20,77.0,1.0,4.0,3.0,3.0,3.0,1.0,1.0,1.0,1.0,5.0,4.0,5.0,,4.666666666666667,,4.5,4.5,,,5.0,,5.0,5.0,1.0,,,1.0,4.8,,,,,,,,4.75,,,3.0,1.0,3.4
subtitlegrievousbazooka,2021-09-02,,,,,,,,,5414.574908321683,369.0,36755,19,26.0,1.0,3.0,3.0,3.0,3.0,1.0,1.0,1.0,1.0,5.0,4.666666666666667,5.0,1.0,5.0,,5.0,,,4.0,5.0,,5.0,,,,,3.0,5.0,,5.0,,1.0,,4.666666666666667,,4.5,,,2.0,1.0,4.2
subtitlegrievousbazooka,2021-09-03,,,,,,,,,6733.985841149058,341.0,17459,49,67.0,1.0,4.0,3.0,4.0,3.0,1.0,1.0,1.0,1.0,5.0,4.0,,2.75,,5.0,,,,5.0,,,5.0,5.0,,,,,,,5.0,1.0,1.0,1.0,5.0,5.0,,,4.5,,1.0,1.0
subtitlegrievousbazooka,2021-09-04,,,,,,,,,5440.79169189902,377.0,22644,31,100.0,,,,,,,,,,5.0,5.0,,2.5,,4.5,4.666666666666667,,2.5,,,4.5,5.0,5.0,1.0,1.0,,,,,5.0,1.0,,1.0,4.0,5.0,,,,,2.0,1.0
subtitlegrievousbazooka,2021-09-05,,,,,,,,,5354.277811659049,108.0,32500,20,75.0,1.0,4.0,3.0,3.0,3.0,1.0,1.0,1.0,1.0,5.0,5.0,,,,,4.0,,1.0,,,1.0,,,1.0,1.0,,,,,5.0,2.0,,,5.0,,,,,,,4.0
subtitlegrievousbazooka,2021-09-06,,,,,,,,,3849.618651761126,435.0,31366,21,60.0,1.0,3.0,3.0,3.0,3.0,1.0,1.0,1.0,1.0,4.875,5.0,3.857142857142857,1.0,5.0,,4.5,4.0,,,,3.4,4.666666666666667,,,,3.0,,,,5.0,,1.0,,4.666666666666667,,5.0,,,1.0,1.0,2.5
subtitlegrievousbazooka,2021-09-07,,,,,,,,,4782.515088701636,437.0,36461,31,,1.0,2.0,3.0,1.0,3.0,1.0,1.0,1.0,1.0,4.714285714285714,,4.8,3.25,4.833333333333333,3.3333333333333335,4.333333333333333,,,4.666666666666667,5.0,4.0,,,,,,,,4.333333333333333,,,,,5.0,,5.0,1.0,5.0,1.0,1.0,4.0
subtitlegrievousbazooka,2021-09-08,,,,,,,,,4741.088555264898,295.0,23638,29,,,,,,,,,,,5.0,,5.0,,5.0,4.6,,,,5.0,5.0,4.0,,,,,,1.75,,5.0,5.0,,,,4.75,,5.0,1.5,,,2.5,4.0
subtitlegrievousbazooka,2021-09-09,,,,,,,,,4647.3035566594335,125.0,24963,42,75.0,1.0,3.0,3.0,3.0,3.0,1.0,1.0,1.0,1.0,4.857142857142857,,4.666666666666667,,4.5,4.428571428571429,,,,,,4.5,,4.666666666666667,,1.0,4.0,2.5,4.5,,5.0,1.0,1.0,,4.0,,5.0,1.8571428571428572,,,,3.6
subtitlegrievousbazooka,2021-09-10,,,,,,,,,5987.813718761962,502.0,18749,48,73.0,1.0,4.0,3.0,3.0,3.0,1.0,1.0,1.0,1.0,5.0,5.0,,,4.833333333333333,3.8333333333333335,,4.0,1.0,,5.0,4.25,,5.0,,1.0,4.25,4.0,5.0,,,2.5,1.0,,5.0,,,1.0,,,,
subtitlegrievousbazooka,2021-09-11,,,,,,,,,4508.654018007355,427.0,32592,32,83.0,1.0,3.25,3.0,3.0,3.0,1.0833333333333333,1.0,1.0,1.0,5.0,5.0,,,5.0,4.0,,4.0,1.0,,4.0,5.0,,,,,1.0,4.333333333333333,,,,,,,5.0,,,1.0,,,,
subtitlegrievousbazooka,2021-09-12,0.0,0.0,0.0,0.0,44.0,17.0,0.0,2.0,3556.2303210707864,389.0,28681,27,57.0,1.0,3.5384615384615383,3.0,3.076923076923077,3.0,1.0,1.0,1.0,1.0,,,,,,,,,,,,,,,,,,,,,,,,,,,,,,,,
subtitlegrievousbazooka,2021-09-13,0.0,0.0,0.0,0.0,40.0,7.0,0.0,5.0,3444.648794116062,473.0,10768,32,44.0,1.0,3.533333333333333,3.066666666666667,3.0,3.0,1.0,1.0,1.0,1.0,,,,,,,,,,,,,,,,,,,,,,,,,,,,,,,,
subtitlegrievousbazooka,2021-09-14,0.0,0.0,0.0,0.0,315.0,4.0,0.0,2.0,3865.159215312443,366.0,28511,27,30.0,1.0,3.4615384615384617,3.1538461538461537,2.923076923076923,3.076923076923077,1.0,1.0,1.0769230769230769,1.0,,,,,,,,,,,,,,,,,,,,,,,,,,,,,,,,
subtitlegrievousbazooka,2021-09-15,0.0,0.0,1.0,0.0,203.0,10.0,0.0,3.0,6712.434033392243,221.0,24533,19,24.0,1.0,4.0,3.0,3.0,4.0,1.0,1.0,1.0,1.0,5.0,5.0,4.666666666666667,,,,4.0,,,,5.0,,,5.0,,1.0,4.0,,,5.0,5.0,,1.0,,,,,,,,,
subtitlegrievousbazooka,2021-09-16,22.0,0.0,1.0,0.0,173.0,52.0,0.0,24.0,7066.508236507783,358.0,19222,57,36.0,1.0,3.0,3.0,3.0,3.0,1.0,1.0,1.0,1.0,5.0,5.0,5.0,,,4.5,4.5,,,,5.0,,5.0,5.0,,1.0,4.0,4.0,5.0,,4.5,1.6,1.0,,5.0,4.666666666666667,5.0,,4.0,,1.0,
subtitlegrievousbazooka,2021-09-17,0.0,0.0,0.0,0.0,418.0,11.0,0.0,5.0,5801.089695972303,475.0,13798,34,82.0,1.0,3.0,3.0,3.0,3.0,1.0,1.0,1.0,1.0,5.0,,,,,5.0,,,1.0,,,,5.0,5.0,2.5,,4.5,4.0,5.0,,5.0,1.0,1.0,,5.0,5.0,5.0,,,,1.3,
subtitlegrievousbazooka,2021-09-18,0.0,0.0,0.0,0.0,407.0,3.0,0.0,2.0,5247.584898491195,401.0,25529,23,86.0,1.0,3.0,3.0,3.0,3.0,1.0,1.0,1.0,1.0,5.0,4.5,5.0,,,,4.0,,1.0,,,4.0,,5.0,1.0,,4.5,4.0,3.0,,5.0,,,,,5.0,,1.0,,,1.0,
subtitlegrievousbazooka,2021-09-19,0.0,0.0,0.0,0.0,408.0,9.0,0.0,3.0,4272.986684972504,505.0,53704,16,36.0,1.0,3.0,3.0,3.0,3.0,1.0,2.0,1.0,1.0,5.0,5.0,5.0,,,4.666666666666667,4.75,4.666666666666667,,,,4.75,5.0,5.0,1.0,1.0,,4.0,3.0,,,,,1.0,5.0,,4.0,1.0,,1.0,,
subtitlegrievousbazooka,2021-09-20,0.0,0.0,0.0,0.0,562.0,1.0,0.0,2.0,4589.884415402948,412.0,17509,15,24.0,1.0,3.0,3.0,3.0,3.0,1.0,1.0,1.0,1.0,4.666666666666667,,4.0,3.75,5.0,5.0,4.5,2.5,,5.0,,,5.0,,2.5,,,,,,,,,2.0,5.0,,,1.0,,2.3333333333333335,1.0,4.0
subtitlegrievousbazooka,2021-09-21,,,,,,,,,5491.577245498384,378.0,21560,36,32.0,1.0,4.0,3.0,3.0,3.0,1.0,1.0,1.0,1.0,5.0,5.0,5.0,,5.0,5.0,,,,,,3.5,5.0,4.833333333333333,1.0,1.6,,4.0,,5.0,5.0,,1.0,,,4.666666666666667,,2.5,,1.0,1.0,
subtitlegrievousbazooka,2021-09-22,,,,,,,,,5739.292440748855,305.0,21853,44,42.0,,,,,,,,,,5.0,,4.666666666666667,,,4.666666666666667,5.0,,,,,4.25,5.0,5.0,,1.0,,4.5,5.0,,5.0,,1.0,,5.0,5.0,5.0,,,1.0,1.0,
subtitlegrievousbazooka,2021-09-23,,,,,,,,,4022.338378427474,365.0,15363,39,23.0,1.0769230769230769,3.1538461538461537,3.1538461538461537,3.0,3.0,1.0,1.0,1.0,1.0769230769230769,5.0,,5.0,,,,5.0,,,,,4.0,,,,,4.0,,5.0,,,,1.0,,5.0,,5.0,,,1.0,1.0,
subtitlegrievousbazooka,2021-09-24,,,,,,,,,4339.206758435164,310.0,18117,28,44.0,1.0,3.076923076923077,3.1538461538461537,3.0,3.0,1.0,1.0,1.0769230769230769,1.0,,,,,,,,,,,,,,,,,,,,,,,,,,,,,,,,
subtitlegrievousbazooka,2021-09-25,,,,,,,,,4485.092247265163,342.0,42939,38,39.0,1.0,3.066666666666667,3.0,3.0,2.933333333333333,1.0,1.0,1.0,1.0,,,,,,,,,,,,,,,,,,,,,,,,,,,,,,,,
subtitlegrievousbazooka,2021-09-26,,,,,,,,,3750.1632423831793,481.0,25181,27,65.0,1.0,3.4615384615384617,3.0,3.0,3.0,1.0769230769230769,1.0,1.0,1.0,,,,,,,,,,,,,,,,,,,,,,,,,,,,,,,,
subtitlegrievousbazooka,2021-09-27,,,,,,,,,5115.7393883932855,411.0,18228,35,99.0,1.0,3.0,3.0,3.0,3.0,1.0,1.0,1.0,1.0,5.0,,,,5.0,,,,1.0,5.0,5.0,4.333333333333333,,,,1.0,,,,,,1.0,1.0,,5.0,,,,5.0,,,
subtitlegrievousbazooka,2021-09-28,,,,,,,,,4511.549157597568,260.0,23127,35,63.0,,,,,,,,,,5.0,5.0,5.0,,5.0,,,,2.3333333333333335,5.0,4.5,4.6,,5.0,,1.0,,4.0,,5.0,,1.75,1.0,,5.0,,,,,,1.0,
subtitlegrievousbazooka,2021-09-29,,,,,,,,,3956.754253047374,434.0,22478,41,35.0,1.0,3.0,3.0,3.0,3.0,1.0,1.0,1.0,1.0,3.857142857142857,,5.0,3.0,,,,4.0,,5.0,,4.5,5.0,4.857142857142857,,,,4.0,,5.0,5.0,2.0,1.0,1.5,,5.0,,1.0,5.0,,1.0,
subtitlegrievousbazooka,2021-09-30,,,,,,,,,4731.349105481113,119.0,16916,31,29.0,1.0,3.0,3.0,3.0,3.0,1.0,1.0,1.0,1.0,4.857142857142857,,5.0,4.0,,,,4.5,,5.0,5.0,,5.0,5.0,,1.0,,,,5.0,5.0,,1.0,2.5,5.0,5.0,5.0,1.0,,,,
subtitlegrievousbazooka,2021-10-01,,,,,,,,,3622.1329868129706,350.0,20549,17,64.0,1.0,2.0,2.0,3.0,3.0,1.0,1.0,1.0,1.0,5.0,,5.0,4.333333333333333,,,5.0,,,,4.8,,,,,1.0,4.0,,,,5.0,1.0,1.0,1.0,5.0,5.0,5.0,,5.0,,,
subtitlegrievousbazooka,2021-10-02,,,,,,,,,5211.774964312641,339.0,16667,31,49.0,1.0,3.0,3.0,3.0,3.0,1.0,1.0,1.0,1.0,5.0,,5.0,4.0,,4.5,5.0,,,,4.5,,,,,1.0,4.142857142857143,,,,5.0,,1.0,1.0,5.0,,5.0,,5.0,,1.0,
subtitlegrievousbazooka,2021-10-03,,,,,,,,,4861.879857851531,398.0,40839,24,41.0,1.0,3.0,3.0,3.0,3.0,1.0,2.0,1.0,1.0,5.0,,5.0,,,4.0,,,,,4.666666666666667,,5.0,5.0,2.5,2.3333333333333335,4.0,,,,4.8,1.0,1.0,,4.666666666666667,,,,,,1.0,
subtitlegrievousbazooka,2021-10-04,,,,,,,,,5590.229242723462,467.0,20133,34,47.0,1.0,3.0,3.0,3.0,3.0,1.0,1.0,1.0,1.0,5.0,,5.0,,,,,,1.0,,,,5.0,5.0,1.0,,4.0,4.0,5.0,,5.0,1.0,,1.0,5.0,5.0,5.0,2.0,5.0,,1.0,
subtitlegrievousbazooka,2021-10-05,,,,,,,,,2696.7986445455567,505.0,17871,23,29.0,1.0,3.0,3.0,3.0,3.0,1.0,1.0,1.0,1.0,5.0,5.0,,,5.0,,,,1.0,,,,,5.0,1.4285714285714286,,4.333333333333333,,5.0,,,,1.0,1.0,5.0,5.0,5.0,1.0,5.0,1.0,1.0,
subtitlegrievousbazooka,2021-10-06,,,,,,,,,4884.28508181895,373.0,30797,19,47.0,1.0,3.0,3.0,3.0,3.0,1.0,1.0,1.0,1.0,5.0,,,,5.0,4.5,,4.0,1.0,,5.0,,5.0,5.0,1.0,1.0,4.5,,,,5.0,,1.0,,4.75,,5.0,1.0,,1.0,1.0,
subtitlegrievousbazooka,2021-10-07,,,,,,,,,7378.504811720999,301.0,27681,37,37.0,,,,,,,,,,5.0,5.0,,,5.0,4.25,5.0,4.5,1.0,,5.0,,5.0,5.0,,1.0,4.0,4.0,,,5.0,,1.0,1.0,,,,1.0,,1.0,,4.0
subtitlegrievousbazooka,2021-10-08,,,,,,,,,4276.761569834767,557.0,63909,27,46.0,1.0,3.1818181818181817,3.090909090909091,3.0,3.090909090909091,1.0,1.0,1.0,1.0,5.0,,,,5.0,3.3333333333333335,5.0,,,,,,5.0,5.0,,,,4.0,,,,,1.0,1.6,,,,,,1.0,,4.0
subtitlegrievousbazooka,2021-10-09,,,,,,,,,4302.815580751278,460.0,44978,27,53.0,1.1333333333333333,3.2,3.1333333333333333,2.8666666666666667,2.933333333333333,1.0,1.0666666666666667,1.0666666666666667,1.0,,,,,,,,,,,,,,,,,,,,,,,,,,,,,,,,
subtitlegrievousbazooka,2021-10-10,,,,,,,,,824.0221880152133,538.0,25173,28,27.0,1.0,3.0,3.0,2.857142857142857,3.0,1.0,1.0,1.0,1.0,,,,,,,,,,,,,,,,,,,,,,,,,,,,,,,,
subtitlegrievousbazooka,2021-10-11,,,,,,,,,,,13244,58,58.0,1.0,3.076923076923077,3.0,3.0,3.0,1.0,1.0,1.0,1.0,,,,,,,,,,,,,,,,,,,,,,,,,,,,,,,,
subtitlegrievousbazooka,2021-10-12,,,,,,,,,1110.0396896347747,30.0,27315,31,65.0,,,,,,,,,,,,,,,,,,,,,,,,,,,,,,,,,,,,,,,,,
subtitlegrievousbazooka,2021-10-13,,,,,,,,,4597.553306996824,214.0,24636,31,62.0,1.0,3.0,3.5,3.0,3.0,1.0,1.0,1.0,1.0,5.0,,5.0,2.0,5.0,3.0,,4.0,,,5.0,5.0,,,1.0,1.0,4.0,4.666666666666667,5.0,,4.75,,,,5.0,5.0,5.0,1.0,,1.0,,
subtitlegrievousbazooka,2021-10-14,,,,,,,,,4303.919243887344,456.0,10840,20,75.0,,,,,,,,,,5.0,,5.0,,,4.0,,4.0,1.0,,,3.8333333333333335,,,1.0,,4.0,5.0,5.0,,,1.0,,1.0,5.0,5.0,5.0,,5.0,1.0,,
subtitlegrievousbazooka,2021-10-15,0.0,0.0,0.0,0.0,206.0,5.0,0.0,2.0,4030.027763636158,514.0,39992,39,50.0,1.0,3.0,3.0,3.0,3.0,1.0,1.0,1.0,1.0,5.0,,5.0,,,,,4.0,1.0,,,4.0,5.0,,1.0,2.0,,4.0,5.0,,,1.75,,1.0,,,5.0,,,,1.0,
subtitlegrievousbazooka,2021-10-16,0.0,0.0,0.0,0.0,19.0,12.0,0.0,4.0,4659.180055326016,311.0,20546,45,44.0,1.0,3.0,3.0,3.0,3.0,1.0,1.0,1.0,1.0,5.0,,5.0,,,4.0,,4.0,1.0,,4.0,4.0,5.0,,1.0,,,4.0,5.0,4.0,,,,,5.0,,,1.0,,3.0,1.0,2.5
subtitlegrievousbazooka,2021-10-17,1.0,0.0,0.0,0.0,427.0,6.0,0.0,3.0,3836.5170671691712,349.0,13511,32,73.0,1.0,3.0,3.0,3.0,3.0,1.0,1.0,1.0,1.0,4.5,,,,,4.666666666666667,4.0,4.0,2.5,,4.666666666666667,4.5,5.0,,,1.0,4.0,,4.5,5.0,,,1.0,,,,,1.0,,,1.0,4.0
subtitlegrievousbazooka,2021-10-18,0.0,0.0,5.0,0.0,22.0,24.0,0.0,11.0,9047.992743074825,452.0,16565,56,75.0,,,,,,,,,,5.0,5.0,,2.0,4.8,,5.0,,1.0,,5.0,,5.0,5.0,,1.0,4.5,,,,,1.0,2.5,1.0,5.0,,,1.0,,,1.0,4.0
subtitlegrievousbazooka,2021-10-19,0.0,0.0,0.0,0.0,524.0,8.0,0.0,1.0,4154.614228446702,92.0,15228,32,49.0,1.0,3.0,3.0,3.0,3.0,1.0,1.0,1.0,1.0,5.0,,,4.0,5.0,4.0,,,1.0,,5.0,,5.0,5.0,,1.0,4.0,,,4.333333333333333,,1.75,,,4.75,,5.0,1.0,5.0,1.0,1.0,4.0
subtitlegrievousbazooka,2021-10-20,0.0,0.0,1.0,0.0,530.0,7.0,0.0,1.0,3838.598212315328,452.0,13117,25,46.0,,,,,,,,,,4.875,,5.0,,4.5,4.0,5.0,4.0,1.0,,5.0,,5.0,5.0,,,3.0,,,4.0,5.0,,,,,4.5,5.0,1.0,,1.0,1.0,
subtitlegrievousbazooka,2021-10-21,1.0,0.0,1.0,0.0,108.0,15.0,0.0,7.0,5296.170766280807,404.0,20626,24,39.0,1.0,3.0,3.0,3.0,3.0,1.0,1.0,1.0,1.0,4.555555555555555,,5.0,,5.0,4.5,4.6,4.25,1.0,,,,5.0,4.666666666666667,,,,,5.0,,4.5,,,,,5.0,,1.0,,,1.0,
subtitlegrievousbazooka,2021-10-22,0.0,0.0,3.0,0.0,103.0,21.0,0.0,11.0,891.6492873319206,828.0,15334,44,85.0,1.0,4.0,3.0,4.0,3.0,1.0,1.0,1.0,1.0,4.8,,5.0,,5.0,4.25,5.0,,2.0,,5.0,5.0,5.0,5.0,,1.0,,,,,5.0,1.0,,,,,,1.0,5.0,,1.0,4.666666666666667
subtitlegrievousbazooka,2021-10-22,0.0,0.0,3.0,0.0,103.0,21.0,0.0,11.0,1.0346559470501426,828.0,15334,44,85.0,1.0,4.0,3.0,4.0,3.0,1.0,1.0,1.0,1.0,4.8,,5.0,,5.0,4.25,5.0,,2.0,,5.0,5.0,5.0,5.0,,1.0,,,,,5.0,1.0,,,,,,1.0,5.0,,1.0,4.666666666666667
subtitlegrievousbazooka,2021-10-23,0.0,0.0,1.0,0.0,303.0,13.0,0.0,4.0,,477.0,25042,21,91.0,1.0,3.2857142857142856,3.142857142857143,3.0714285714285716,3.0,1.0,1.0714285714285714,1.0,1.0,,,,,,5.0,,,,,,5.0,,,,,,,,,,,,,,,,,,,1.0,
subtitlegrievousbazooka,2021-10-24,0.0,0.0,0.0,0.0,32.0,6.0,0.0,2.0,1428.4952361657793,660.0,8404,33,56.0,1.0,3.0,3.0,3.0,3.0,1.0,1.1428571428571428,1.0,1.0,,,,,,,,,,,,,,,,,,,,,,,,,,,,,,,,
subtitlegrievousbazooka,2021-10-25,0.0,0.0,4.0,0.0,31.0,8.0,0.0,3.0,5469.172331968177,368.0,16115,43,64.0,1.0,3.25,3.0833333333333335,3.0,3.0,1.0,1.0,1.0,1.0,,,,,,,,,,,,,,,,,,,,,,,,,,,,,,,,
subtitlegrievousbazooka,2021-10-26,4.0,0.0,0.0,0.0,47.0,20.0,0.0,4.0,3727.614745696699,459.0,11199,39,39.0,1.0,3.1538461538461537,3.0,3.0,3.0,1.0,1.0,1.0,1.0,,,,,,,,,,,,,,,,,,,,,,,,,,,,,,,,
subtitlegrievousbazooka,2021-10-27,0.0,1.0,0.0,0.0,16.0,11.0,0.0,1.0,3645.933055893197,366.0,26175,19,64.0,2.0,2.0,4.0,3.0,3.0,1.0,1.0,1.0,1.0,5.0,,,4.0,,,,,3.0,5.0,,5.0,,,,,,,,,5.0,,,,,,5.0,1.0,5.0,,,2.5
subtitlegrievousbazooka,2021-10-28,1.0,0.0,0.0,0.0,29.0,7.0,0.0,1.0,3517.299060890889,528.0,12789,28,53.0,,,,,,,,,,4.285714285714286,,,4.0,,4.666666666666667,4.75,4.0,1.0,4.75,,4.0,,,,,,,5.0,4.5,5.0,,1.0,,5.0,,4.5,1.6,,,1.0,2.5
subtitlegrievousbazooka,2021-10-29,0.0,0.0,0.0,0.0,570.0,13.0,0.0,2.0,5299.292993978016,419.0,11573,32,47.0,1.0,3.0,3.0,3.0,3.0,1.0,1.0,1.0,1.0,5.0,5.0,,,,5.0,5.0,4.0,,5.0,,4.6,5.0,,1.0,1.0,,,5.0,4.5,4.0,1.0,1.0,,4.666666666666667,,5.0,1.0,5.0,,1.0,
subtitlegrievousbazooka,2021-10-30,0.0,0.0,0.0,0.0,298.0,12.0,0.0,1.0,4814.5060821758125,371.0,24776,41,77.0,1.0,3.0,3.0,3.0,3.0,1.0,1.0,1.0,1.0,5.0,,,2.3333333333333335,,4.333333333333333,,,,,,4.0,,,1.0,1.0,,4.333333333333333,5.0,,4.75,1.0,1.0,,,,5.0,1.0,,1.0,1.0,
subtitlegrievousbazooka,2021-10-31,0.0,0.0,0.0,0.0,623.0,8.0,0.0,1.0,4089.104202935494,553.0,22894,25,88.0,1.0,3.0,3.0,3.0,3.0,1.0,1.0,1.0,1.0,5.0,,,1.0,5.0,4.333333333333333,5.0,,,,5.0,4.25,,,1.0,,,4.0,5.0,,5.0,1.0,,,5.0,,5.0,,,2.0,1.5,
subtitlegrievousbazooka,2021-11-01,0.0,0.0,0.0,0.0,507.0,4.0,0.0,1.0,4544.7629926166455,405.0,24061,21,87.0,1.0,3.0,3.0,3.0,3.0,1.0,1.0,1.0,1.0,4.875,,,4.0,5.0,,5.0,,3.0,5.0,5.0,4.0,5.0,,,,4.333333333333333,,,,,1.0,1.0,1.0,5.0,,,,,1.0,1.0,
subtitlegrievousbazooka,2021-11-02,0.0,0.0,0.0,0.0,751.0,5.0,0.0,1.0,4823.166641417568,390.0,17858,26,56.0,1.0,3.0,3.0,3.0,3.0,1.0,1.0,1.0,1.0,4.166666666666667,,,,,4.5,5.0,,1.0,5.0,,4.0,4.5,5.0,1.0,1.0,4.0,,,,5.0,1.0,1.0,1.0,5.0,,5.0,,5.0,,1.0,
subtitlegrievousbazooka,2021-11-03,0.0,0.0,0.0,0.0,503.0,9.0,0.0,3.0,4529.552229561412,414.0,20296,23,34.0,,,,,,,,,,5.0,5.0,,1.0,,5.0,5.0,,,,,,,5.0,1.5,1.4285714285714286,,,,,5.0,,,2.2,,,5.0,,,,1.0,
subtitlegrievousbazooka,2021-11-04,0.0,0.0,0.0,0.0,572.0,4.0,0.0,0.0,5170.715834856558,365.0,10020,22,24.0,1.0,3.0,3.0,3.0,3.0,1.0,1.0,1.0,1.0,5.0,,5.0,4.0,,,5.0,,,5.0,,5.0,,,4.0,1.0,,4.333333333333333,4.0,4.75,5.0,,,1.0,,,5.0,1.0,,,1.0,
subtitlegrievousbazooka,2021-11-05,0.0,0.0,0.0,0.0,285.0,7.0,0.0,0.0,4605.821650998103,260.0,28749,12,32.0,,,,,,,,,,5.0,,5.0,1.0,,5.0,,,,5.0,5.0,4.5,,,1.0,1.0,,2.5,5.0,,,1.0,,1.0,5.0,,5.0,1.0,,1.0,1.0,
subtitlegrievousbazooka,2021-11-06,0.0,0.0,0.0,0.0,506.0,4.0,0.0,2.0,2103.424077288189,523.0,13686,28,36.0,1.0,3.1538461538461537,3.076923076923077,3.076923076923077,3.076923076923077,1.0,1.0769230769230769,1.0,1.0769230769230769,4.857142857142857,,,4.0,,4.333333333333333,,,,,5.0,,,,,,,,,,,1.0,,1.0,5.0,,5.0,,,1.0,1.0,4.0
subtitlegrievousbazooka,2021-11-07,0.0,1.0,0.0,0.0,524.0,7.0,0.0,2.0,1621.9326637630977,0.0,35872,35,73.0,1.0,3.1818181818181817,3.090909090909091,3.090909090909091,3.0,1.0,1.0,1.0909090909090908,1.0,,,,,,,,,,,,,,,,,,,,,,,,,,,,,,,,
subtitlegrievousbazooka,2021-11-08,0.0,0.0,2.0,0.0,577.0,7.0,0.0,3.0,4660.484093889128,333.0,19838,34,33.0,1.0,3.0714285714285716,3.0,3.0,3.0714285714285716,1.0,1.0,1.0714285714285714,1.0,,,,,,,,,,,,,,,,,,,,,,,,,,,,,,,,
subtitlegrievousbazooka,2021-11-09,0.0,0.0,0.0,0.0,407.0,5.0,0.0,0.0,3101.290304847931,477.0,15711,41,49.0,1.0,3.2857142857142856,3.0714285714285716,3.0714285714285716,3.0,1.0,1.0,1.0,1.0,,,,,,,,,,,,,,,,,,,,,,,,,,,,,,,,
subtitlegrievousbazooka,2021-11-10,0.0,0.0,0.0,0.0,816.0,5.0,0.0,0.0,3185.0834846714115,361.0,17507,23,45.0,1.0,3.0,3.0,3.0,4.0,1.0,1.0,1.0,1.0,5.0,,5.0,,,4.666666666666667,,,,5.0,5.0,,5.0,,,1.0,,,5.0,,,,,,,5.0,,1.0,,,,
subtitlegrievousbazooka,2021-11-11,0.0,0.0,0.0,0.0,629.0,3.0,0.0,3.0,4083.097431344792,465.0,26682,26,29.0,1.0,3.0,3.0,3.0,3.0,1.0,1.0,1.0,1.0,5.0,,5.0,,5.0,4.25,5.0,,,4.0,5.0,,5.0,,,1.0,4.333333333333333,4.0,5.0,,,,1.0,1.0,5.0,5.0,5.0,1.0,5.0,,,
subtitlegrievousbazooka,2021-11-12,0.0,0.0,2.0,0.0,467.0,14.0,0.0,3.0,5648.41974070881,354.0,10596,29,28.0,1.0,3.0,3.0,3.0,3.0,1.0,1.0,1.0,1.0,5.0,,5.0,,,4.25,4.666666666666667,4.0,,,,4.0,5.0,,,,4.2,4.0,,,5.0,1.0,1.0,1.0,4.9,,5.0,,,,,5.0
subtitlegrievousbazooka,2021-11-13,0.0,0.0,0.0,0.0,366.0,7.0,0.0,0.0,5382.791760730655,436.0,18207,18,20.0,1.0,3.0,3.0,3.0,3.0,1.0,1.0,1.0,1.0,4.0,5.0,5.0,4.0,,,,5.0,1.0,5.0,,4.25,5.0,5.0,,1.0,4.0,4.0,5.0,4.333333333333333,5.0,1.0,1.0,,5.0,5.0,,,,,,4.0
subtitlegrievousbazooka,2021-11-14,0.0,0.0,0.0,0.0,20.0,7.0,0.0,1.0,3407.8986779730467,470.0,27834,23,16.0,1.0,3.0,3.0,3.0,3.0,1.0,1.0,1.0,1.0,5.0,,,5.0,5.0,5.0,,4.0,1.75,4.666666666666667,,4.5,,5.0,,1.0,,4.0,5.0,5.0,,,,,,5.0,,1.0,,,,4.0
subtitlegrievousbazooka,2021-11-15,0.0,0.0,0.0,0.0,19.0,13.0,0.0,2.0,4088.447914564412,496.0,50466,47,43.0,1.0,3.0,3.0,3.0,3.0,1.0,1.0,1.0,1.0,4.875,,5.0,,5.0,4.0,5.0,5.0,1.0,5.0,,4.25,,5.0,,,,,5.0,5.0,,,1.0,,,,5.0,2.0,,1.0,1.0,5.0
subtitlegrievousbazooka,2021-11-16,0.0,0.0,0.0,0.0,52.0,15.0,0.0,2.0,4146.459854172719,464.0,13148,40,95.0,1.0,3.0,3.0,3.0,3.0,1.0,1.0,1.0,1.0,4.923076923076923,,5.0,,5.0,,5.0,4.0,,,5.0,4.0,,5.0,1.0,,4.0,,5.0,,,,1.0,,,,5.0,,5.0,1.0,1.0,4.0
subtitlegrievousbazooka,2021-11-17,0.0,0.0,0.0,0.0,30.0,2.0,0.0,3.0,511.5242186610368,520.0,52088,28,69.0,1.0,3.0,3.0,3.0,3.0,1.0,1.0,1.0,1.0,5.0,,5.0,1.0,5.0,,,4.333333333333333,,5.0,5.0,,,4.833333333333333,1.8571428571428572,,4.0,4.333333333333333,4.75,5.0,,1.0,,,,,,,,1.0,,
subtitlegrievousbazooka,2021-11-18,0.0,0.0,0.0,0.0,34.0,12.0,0.0,1.0,2778.5000129750665,0.0,10560,33,52.0,1.0,3.0,3.0,3.0,3.0,1.0,1.0,1.0,1.0,5.0,,,1.75,,4.0,,,,5.0,5.0,5.0,,5.0,1.0,,,4.5,5.0,5.0,5.0,1.0,1.0,1.0,,4.666666666666667,,,5.0,1.0,,4.333333333333333
subtitlegrievousbazooka,2021-11-19,0.0,0.0,0.0,0.0,607.0,6.0,0.0,4.0,3036.7509581873846,556.0,10296,33,45.0,1.0,3.0,3.0,3.0,3.0,1.0,1.0,1.0,1.0,4.888888888888889,,,,,5.0,,,1.0,4.75,5.0,4.25,,,1.0,,4.0,4.0,5.0,5.0,5.0,,1.0,1.0,,5.0,4.666666666666667,,,1.0,,4.666666666666667
subtitlegrievousbazooka,2021-11-20,0.0,0.0,0.0,0.0,36.0,6.0,0.0,4.0,3881.667460705765,501.0,16813,31,39.0,1.0,3.0,3.090909090909091,3.1818181818181817,3.0,1.0,1.0,1.0,1.0,4.5,,,,,,,,1.0,,4.75,,,,1.0,,4.0,4.0,5.0,,,,,,,5.0,5.0,,,1.0,,
subtitlegrievousbazooka,2021-11-21,0.0,0.0,0.0,0.0,576.0,6.0,0.0,1.0,3171.4568406646813,386.0,14070,35,38.0,1.0,3.0,3.0,3.1538461538461537,3.1538461538461537,1.0769230769230769,1.0,1.0,1.0,,,,,,,,,,,,,,,,,,,,,,,,,,,,,,,,
subtitlegrievousbazooka,2021-11-22,0.0,0.0,2.0,0.0,622.0,15.0,0.0,4.0,4296.926942964748,417.0,18509,51,88.0,1.0,3.142857142857143,2.9285714285714284,3.0,3.0714285714285716,1.0,1.0,1.0,1.0,,,,,,,,,,,,,,,,,,,,,,,,,,,,,,,,
subtitlegrievousbazooka,2021-11-23,1.0,3.0,0.0,0.0,163.0,10.0,0.0,3.0,2655.430679970678,495.0,8510,32,91.0,1.0,3.0,3.0,3.0,2.909090909090909,1.0,1.0,1.0,1.0,,,,,,,,,,,,,,,,,,,,,,,,,,,,,,,,
subtitlegrievousbazooka,2021-11-24,0.0,0.0,0.0,0.0,18.0,2.0,0.0,3.0,3009.2257420620363,301.0,19632,24,62.0,3.0,3.0,3.0,3.0,3.0,1.0,1.0,1.0,1.0,5.0,,,2.5,4.666666666666667,,5.0,,1.0,5.0,,,,,,1.0,,,,,,,,,5.0,,5.0,,,,1.0,
subtitlegrievousbazooka,2021-11-25,0.0,0.0,0.0,0.0,30.0,14.0,0.0,8.0,3119.117656239456,587.0,20704,37,95.0,1.0,3.0,3.0,4.0,4.0,1.0,1.0,1.0,1.0,5.0,,,4.0,5.0,,5.0,,1.0,4.666666666666667,5.0,,,,,1.0,,4.666666666666667,,,,,,1.0,5.0,5.0,5.0,,,,1.0,
subtitlegrievousbazooka,2021-11-26,0.0,0.0,0.0,0.0,27.0,7.0,0.0,2.0,3409.818806071482,432.0,8631,27,79.0,1.0,3.0,3.0,3.0,3.0,1.0,1.0,1.0,1.0,4.428571428571429,,5.0,2.5,,,5.0,,1.0,,5.0,4.0,,,1.0,1.0,,4.2,5.0,,,,,1.0,5.0,5.0,5.0,1.0,5.0,,1.0,
subtitlegrievousbazooka,2021-11-27,1.0,0.0,0.0,0.0,12.0,8.0,0.0,1.0,3837.920715912275,452.0,17406,36,62.0,1.0,3.0,4.0,3.0,3.0,1.0,1.0,1.0,1.0,5.0,,5.0,,5.0,,,,1.0,5.0,5.0,4.0,4.0,,1.0,,4.5,4.0,5.0,,,,,1.0,5.0,,5.0,1.0,5.0,,1.0,
subtitlegrievousbazooka,2021-11-28,0.0,0.0,0.0,0.0,37.0,5.0,0.0,3.0,4078.957443164066,380.0,27342,52,52.0,,,,,,,,,,5.0,,5.0,,5.0,,,,1.0,4.75,5.0,,4.75,,,,4.0,,5.0,,,,,,,,5.0,1.0,,,1.0,
subtitlegrievousbazooka,2021-11-29,0.0,0.0,0.0,0.0,20.0,6.0,0.0,3.0,4199.9700851315165,410.0,14418,28,39.0,1.0,3.0,3.0,3.0,3.0,1.0,1.0,1.0,1.0,4.888888888888889,,5.0,4.0,5.0,,5.0,,,,,4.0,,5.0,,,,,,5.0,5.0,,1.0,,,,5.0,1.0,5.0,1.0,1.0,
subtitlegrievousbazooka,2021-11-30,0.0,0.0,0.0,0.0,9.0,2.0,0.0,0.0,928.8331864112216,444.0,54794,10,,,,,,,,,,,5.0,,,1.75,,,5.0,,,,5.0,4.333333333333333,,,,,,,,5.0,5.0,,1.0,,,,5.0,1.6666666666666667,,2.5,,
